category,sub_category,name,price,special_price,discount,description_summary,specs,url
Sepeda,Sepeda Elektrik (E-Bike),Polygon Sepeda Elektrik Collosus TE 0 AXS,118000000,,,"Polygon Sepeda Elektrik Collosus TE 0 AXS: Power Lebih, Jangkauan Lebih Jauh, Keseruan Tanpa Batas Siap taklukkan setiap tantangan? Polygon Sepeda Elektrik Collosus TE 0 AXS adalah E-MTB full-suspension impianmu, dirancang untuk trail riders dan enduro enthusiasts . Rasakan dorongan power ekstra, daya jelajah tak terbatas, dan kemampuan climbing ekstrem yang akan mengubah pengalaman bersepeda kamu. Ini adalah E-MTB sejati untuk petualangan tanpa kompromi. Kenapa Polygon Sepeda Elektrik Collosus ","{""Motor Bertenaga Tinggi"": ""Bosch Performance Line CX (100 Nm)Rasakan dorongan instan dan kuat di setiap kayuhan, menaklukkan tanjakan curam dan medan teknis dengan percaya diri."", ""Baterai Terintegrasi Kapasitas Besar"": ""800 WhNikmati daya jelajah hingga 120 km atau 2.000 m pendakian vertikal, memungkinkan eksplorasi tanpa batas dan petualangan sepanjang hari denganSepeda Elektrik."", ""Frame ACX Carbon dengan GeometriEnduroAgresif"": ""Slack head angle64.5°,long reachDapatkan stabilitas superior di kecepatan tinggi dan turunan curam, kelincahan optimal di tikungan, serta posisi berkendara nyaman untukall-day ridingdenganSepeda Gunun"", ""SuspensiFull-SuspensionResponsif"": ""Fork travel160mm &rear shock travel150mmMeredam benturan besar dan kecil, menjaga traksi maksimal, dan memberikan kontrol penuh di medan paling berat untuk pengalamanE-MTB Fullsusterbaik."", ""DrivetrainElektronik"": ""SRAM XX Eagle T-Type AXS (1x12 kecepatan)Perpindahan gigi super cepat, presisi, dan mulus, dioptimalkan untuk performaSepeda Elektrik Gunungyang andal di segala kondisi."", ""Brand"": ""Polygon"", ""What's in the box"": ""1 x Polygon Collosus TE 0 AXS Electric Bike"", ""Rentang Usia"": ""Dewasa"", ""Frame"": ""ACX CARBON E-TRAIL 150mm TRAVEL"", ""Fork"": ""ROCKSHOX LYRIK ULTIMATE, 160mm TRAVEL, OFFSET: 44mm, CHARGER 3 RC2, HSC-LSC, REBOUND, ALLOY TAPER 1-1/8\"" – 1-1/2\"""", ""Rear Shock"": ""ROCKSHOX SUPER DELUXE SELECT+, AIR SPRING, 2 POSITION ADJUST, COMPRESSION, REBOUND, E2E : 230x60mm"", ""Shifter"": ""SRAM EC AXS POD CONTROLLER, 1x12-SPEED"", ""Crank Set"": ""PRAXIS EC TYPE 2, 34T, MAX CHAIN RING : 36T, CRANK ARM : 165mm"", ""Cassette"": ""SRAM XS-1297-A1 XX EAGLE T-TYPE, 10-52T XD DRIVER"", ""Rear Derailleur"": ""SRAM XX EAGLE T-TYPE AXS"", ""Chain"": ""SRAM XX EAGLE T-TYPE"", ""Saddle"": ""XTENT, CR-MO ø7mm"", ""Seat Post"": ""TRANZ X JD-YSP39KL 170mm (S, M) / 200mm (L, XL) TRAVEL"", ""Seat Clamp"": ""38.9mm BOLT"", ""Handlebar"": ""RACE FACE CHESTER 35, W: 780MM, B: 35MM, R/D: 35MM, BEND : 8degree"", ""Handle Stem"": ""RACE FACE AFFECT R 35, E: 40mm, BB: 35mm"", ""Head Set"": ""FSA NO.42/47/ACB, IS 42/28.6 | IS 52/40"", ""Wheel Set"": ""MT9 TUBELESS READY"", ""Tire"": ""MAXXIS DISSECTOR 29\""x2.40\"" 622x61 TUBELESS READY"", ""Front Hub"": ""DT SWISS 370 HYBRID CLASSIC 15x110mm 32H 6-BOLT"", ""Rear Hub"": ""DT SWISS 370 HYBRID CLASSIC 12x148mm 32H 6-BOLT FOR XD DRIVER"", ""Spokes & Nipples"": ""F: STAINLESS 14G NDS:292mm DS:294mm W/ 12mm BRASS NIPPLE, R: STAINLESS 14G NDS:294mm DS:292mm W/ 12mm BRASS NIPPLE"", ""Brake Lever"": ""MAGURA MT7 W/ HC3 LEVER"", ""Brake"": ""MAGURA MT7 HYDRAULIC DISC"", ""Brake Rotor"": ""MAGURA MDR C, 203MM 6-BOLT"", ""Motor"": ""BOSCH PERFORMANCE LINE CX BDU3840"", ""Sensor"": ""BOSCH RIM MAGNET"", ""Battery"": ""BOSCH POWERTUBE 800 HORIZONTAL"", ""Extras"": ""C/S PROTECTOR : POLYGON PROTECTOR"", ""Speed"": ""1x12 Speed"", ""Speed Motor"": ""32 km/h"", ""Color"": ""Green"", ""Genre"": ""MTB"", ""Weight"": ""23.68 kg (Size M)"", ""Note"": ""The specifications, colors, and availability of the products can be subjects to alter without prior notification.""}",https://www.rodalink.com/id/polygon-sepeda-elektrik-collosus-te-0-axs-503449.html
Sepeda,Sepeda Elektrik (E-Bike),Polygon Sepeda Elektrik Collosus TE 8 AXS,100000000,,,"Polygon Sepeda Elektrik Collosus TE 8 AXS: Power Lebih, Jangkauan Lebih Jauh, Keseruan Tanpa Batas Rasakan sensasi trail riding tak tertandingi dengan Polygon Sepeda Elektrik Collosus TE 8 AXS , E-MTB full-suspension impian para enduro enthusiast . Dapatkan power ekstra untuk tanjakan ekstrem, daya jelajah jauh, dan keseruan tanpa batas. Ini adalah Sepeda Gunung Elektrik yang akan mengubah cara kamu bersepeda! Kenapa Polygon Sepeda Elektrik Collosus TE 8 AXS Jadi Partner Terbaik di Setiap Trail?","{""Motor Bosch Performance Line CX"": ""Torque100 NmDorongan instan dan kuat, melibas tanjakan terjal dan akselerasi cepat di setiap medan."", ""Baterai Internal Bosch Powertube 800 Wh"": ""Estimasi Jarak Tempuh Hingga 120 kmKapasitas besar untuk petualangan panjang, jelajahitraillebih jauh dan lama dengan satu pengisian."", ""Frame ACX Carbon E-Trail"": ""Slack Head Angle&Long ReachGeometri agresif, stabil di kecepatan tinggi dan turunan curam, kontrol superior di medan teknis. Ini adalahsepeda balap karbonuntuktrail."", ""Suspensi Marzocchi Bomber"": ""TravelFork 160mm &Rear Travel150mmRedaman optimal libas rintangan besar, menjaga roda menapak, kenyamanan maksimal ditrailkasar. Cocok untuksepeda MTB fullsus."", ""Drivetrain SRAM GX Eagle T-Type AXS 1x12"": ""Wireless Electronic ShiftingPerpindahan gigi presisi, cepat, mulus, dirancang khusus untukE-MTBperforma tinggi."", ""Brand"": ""Polygon"", ""What's in the box"": ""1 x Polygon Collosus TE 8 AXS Electric Bike"", ""Rentang Usia"": ""Dewasa"", ""Frame"": ""ACX CARBON E-TRAIL 150mm TRAVEL"", ""Fork"": ""MARZOCCHI BOMBER Z1, 160mm TRAVEL, OFFSET: 44mm, AIR SPRING, RAIL DAMPER,REBOUND ADJUST, ALLOY TAPER 1-1/8\"" – 1-1/2\"""", ""Rear Shock"": ""MARZOCCHI BOMBER AIR, EVOL, REBOUND ADJUST, COMPRESSION, E2E : 230x60mm"", ""Shifter"": ""SRAM EC AXS POD CONTROLLER, 1x12-SPEED"", ""Crank Set"": ""PRAXIS EC TYPE 2, 34T, MAX CHAIN RING : 36T, CRANK ARM : 165mm"", ""Cassette"": ""SRAM XS-1275-A1 GX EAGLE T-TYPE, 10-52T XD DRIVER"", ""Rear Derailleur"": ""SRAM GX EAGLE T-TYPE AXS"", ""Chain"": ""SRAM GX EAGLE T-TYPE"", ""Saddle"": ""XTENT, CR-MO ø7mm"", ""Seat Post"": ""TRANZ X JD-YSP39KL 170mm TRAVEL, D x L : 34.9x495mm"", ""Seat Clamp"": ""38.9mm BOLT"", ""Handlebar"": ""POLYGON EXPERT, W: 780MM, B: 35MM, R/D: 30MM, BEND : 9degree"", ""Handle Stem"": ""POLYGON EXPERT, E: 35mm, BB: 35mm, R/D:7degree"", ""Head Set"": ""FSA NO.42/47/ACB, IS 42/28.6 | IS 52/40"", ""Wheel Set"": ""MT9 TUBELESS READY"", ""Tire"": ""MAXXIS DISSECTOR 29\""x2.40\"" 622x61 TUBELESS READY"", ""Front Hub"": ""DT SWISS 370 HYBRID CLASSIC 15x110mm 32H 6-BOLT"", ""Rear Hub"": ""DT SWISS 370 HYBRID CLASSIC 12x148mm 32H 6-BOLT FOR XD DRIVER"", ""Spokes & Nipples"": ""F: STAINLESS 14G NDS:292mm DS:294mm W/ 12mm BRASS NIPPLE, R: STAINLESS 14G NDS:294mm DS:292mm W/ 12mm BRASS NIPPLE"", ""Brake Lever"": ""MAGURA MT7 W/ HC3 LEVER"", ""Brake"": ""MAGURA MT7 HYDRAULIC DISC"", ""Brake Rotor"": ""MAGURA MDR C, 203MM 6-BOLT"", ""Motor"": ""BOSCH PERFORMANCE LINE CX BDU3840"", ""Sensor"": ""BOSCH RIM MAGNET"", ""Battery"": ""BOSCH POWERTUBE 800 HORIZONTAL"", ""Extras"": ""C/S PROTECTOR : POLYGON PROTECTOR"", ""Speed"": ""1x12 Speed"", ""Speed Motor"": ""32 km/h"", ""Color"": ""Gray"", ""Genre"": ""MTB"", ""Weight"": ""23.8 kg (Size M)"", ""Note"": ""The specifications, colors, and availability of the products can be subjects to alter without prior notification.""}",https://www.rodalink.com/id/polygon-sepeda-elektrik-collosus-te-8-axs-503448.html
Sepeda,Sepeda Elektrik (E-Bike),Polygon Sepeda Elektrik Collosus TLE 8,90000000,,,"Polygon memperkenalkan evolusi terbaru Collosus TLE. TLE dirancang untuk meningkatkan pengalaman di jalan setapak bagi pengendara seperti Anda. Terinspirasi dari keberhasilan model Collosus N dan DH, TLE memperkenalkan kembali konstruksi karbon dan mengintegrasikan Independent Floating Suspension (IFS) system yang disempurnakan agar lebih ringan, lebih kaku, dan lebih efisien dari sebelumnya. Tujuannya? Memberikan performa yang tak tertandingi tanpa kompromi. Dengan nuansa berkendara yang disete","{""Features"": ""Struktur Linkage IFS yang TangguhBagian utama dari sistem IFS adalah double link di bagian bawah seat tube. Pada Collosus TLE, link ini dipisahkan agar memberikan fleksibilitas lebih untuk mempertahan | Seimbang, Kuat, dan RinganDengan panjang rear end 450mm, Collosus TLE memberikan handling yang seimbang. Chainstay yang lebih panjang dirancang untuk mendukung Bosch Performance Line SX motor, dengan  | Siap untuk Teknologi Shifting Masa DepanDengan dropout UDH, Collosus TLE kompatibel dengan sistem drivetrain T-Type terbaru yang mendukung shifting modern dan lebih mulus. | Siap untuk Dropper Post yang Lebih KokohSeat tube kini berdiameter 34.9mm, mendukung penggunaan dropper post yang lebih kuat dan andal. | Bearing Ganda, Performa StabilFrame menggunakan bearing double-row sealed 3901 di seluruh titik pivot utama, termasuk shock yoke, untuk performa yang lebih stabil dan tahan lama | Desain Cerdas, Fitur PraktisMulai dari bottle cage 750ml, Power More dengan baterai tambahan 250Wh, hingga top tube yang dirancang agar rider bisa mengecek sag saat duduk - semuanya dibuat demi kenyam"", ""Brand"": ""Polygon"", ""What's in the box"": ""1 x Polygon Collosus TLE 8 Electric Bike"", ""Rentang Usia"": ""Dewasa"", ""Frame"": ""ACX e-MTB"", ""Fork"": ""MARZOCCHI BOMBER Z1, STEERER : ALLOY TAPER 1-1/8\"" - 1-1/2\"""", ""Rear Shock"": ""MARZOCCHI BOMBER AIR, E2E : 210x55mm"", ""Shifter"": ""SRAM EC AXS POD CONTROLLER, 1x12-SPEED TRIGGER"", ""Crank Set"": ""SRAM CR T-TYPE, 34T,  MAX CHAIN RING : 36T, CRANK ARM : FSA CK-220/IS/SX 165mm"", ""Cassette"": ""SRAM GX EAGLE T-TYPE 10-52T XD DRIVER"", ""Rear Derailleur"": ""SRAM GX EAGLE T-TYPE AXS"", ""Chain"": ""SRAM GX EAGLE T-TYPE"", ""Saddle"": ""XTENT, CR-MO ø7mm"", ""Seat Post"": ""TRANZ X JD-YSP39KL 170mm (S, M) / 200mm (L, XL) TRAVEL, D x L : 34.9x495mm (S, M) / 556mm (L, XL)"", ""Seat Clamp"": ""38.9mm BOLT"", ""Handlebar"": ""POLYGON EXPERT, W: 780mm, BB: 35mm, R/D: 30mm, BEND:9 degree"", ""Handle Stem"": ""POLYGON EXPERT, EXT:35mm, BB:35mm"", ""Head Set"": ""FSA NO.42/47/ACB, IS 42/28.6 | IS 52/40"", ""Wheel Set"": ""MT6 TUBELESS READY"", ""Tire"": ""MAXXIS DISSECTOR 29\""x2.40\"" 622x65, TLE"", ""Front Hub"": ""DT SWISS 370 HYBRID CLASSIC 15x110mm 32H 6-BOLT"", ""Rear Hub"": ""DT SWISS 370 HYBRID CLASSIC 12x148mm 32H 6-BOLT FOR XD DRIVER"", ""Spokes & Nipples"": ""F: STAINLESS 14G NDS:292mm DS:294mm W/ 12mm BRASS NIPPLE, R: STAINLESS 14G NDS:294mm DS:292mm W/ 12mm BRASS NIPPLE"", ""Brake Lever"": ""MAGURA HC3"", ""Brake"": ""MAGURA MT7 HYDRAULIC DISC"", ""Brake Rotor"": ""MAGURA MDR C, 203MM 6-BOLT"", ""Motor"": ""BOSCH PERFORMANCE LINE SX BDU3145"", ""Sensor"": ""BOSCH RIM MAGNET"", ""Battery"": ""BOSCH COMPACTTUBE 400 FIXED MOUNT HORIZONTAL"", ""Extras"": ""BOTTLE CAGE : BOSCH HOLDER EB12.110.01A, BOTTLE : BOSCH POWERMORE 250 EB12.100.02S, C/S PROTECTOR : POLYGON PROTECTOR"", ""Speed"": ""1x12 Speed"", ""Speed Motor"": ""32 km/h"", ""Genre"": ""MTB"", ""Wheel size"": ""29\"""", ""Weight"": ""22.2 kg (Size M)"", ""Note"": ""Spesifikasi, warna dan ketersediaan produk dapat berubah sewaktu-waktu tanpa pemberitahuan sebelumnya.""}",https://www.rodalink.com/id/polygon-sepeda-elektrik-collosus-tle-8-503315.html
Sepeda,Sepeda Elektrik (E-Bike),Polygon Sepeda Elektrik Collosus N8XE,80000000,,,"Polygon Sepeda Elektrik Collosus N8XE: Power Lebih, Jangkauan Lebih Jauh, Keseruan Tanpa Batas Siap taklukkan setiap trail ? Rasakan adrenalin tak terbatas dengan Polygon Sepeda Elektrik Collosus N8XE , Sepeda Gunung Elektrik full-suspension impian para trail riders dan enduro enthusiasts . Dapatkan power ekstra, daya jelajah lebih jauh, dan taklukkan tanjakan ekstrem dengan E-MTB full-suspension revolusioner ini. Beli Sepeda Online sekarang! Kenapa Polygon Sepeda Elektrik Collosus N8XE Jadi Par","{""Motor Shimano EP801"": ""Torque85 NmDorongan instan dan kuat untuk tanjakan curam serta akselerasi responsif di setiap medan, memaksimalkan pengalamanE-MTBkamu."", ""Baterai Internal Shimano STEPS BT-EN806 630 Wh"": ""Jarak tempuh estimasi hingga 100 kmEksplorasi lebih lama dan jauh tanpa khawatir kehabisan daya, mendukung petualanganall-day epicdiSepeda Gunung Elektrikini."", ""Frame ALX AlloyEnduro"": ""IFS Suspension Platform 160mm Travel, Geometrislack head angle(64.5° Head Tube Angle) &long reachStabilitas superior di kecepatan tinggi dan turunan teknis, posisi berkendara agresif untuk kontrol mak"", ""Suspensi Fox Factory"": ""TravelFork Fox 38 Float Factory 160mm &ShockFox Float X2 Factory 160mmMeredam benturan keras dan menjaga traksi optimal, memastikan performadownhilltak tertandingi padaSepeda E-MTB Fullsusini."", ""Drivetrain Shimano XT Di2 1x12 Speed"": ""Spesifik untukE-MTBPerpindahan gigi mulus dan presisi, dirancang menahanpowerekstra motor elektrik, menjaga efisiensi kayuhanSepeda Elektrikkamu."", ""Brand"": ""Polygon"", ""What's in the box"": ""1 x Polygon Collosus N8XE Electric Bike"", ""Technology"": ""SHIFTER/BRAKE ROUTE INTERNAL, FORK FEATURES : FLOAT EVOL, 160mm TRAVEL, OFFSET: 44mm, GRIP 2, HSC-LSC, HSR-LSR, W/ FENDER, SHOCK FEATURES,  AIR SPRING, 2 POSITION ADJUST, HSC-LSC, HSR-LSR"", ""Rentang Usia"": ""Dewasa"", ""Frame"": ""ALX AM/ENDURO 160mm TRAVEL"", ""Fork"": ""FOX 38 FLOAT FACTORY, ALLOY TAPER 1-1/8\"" - 1-1/2\"""", ""Rear Shock"": ""FOX FLOAT X2 FACTORY, E2E : 205x65mm"", ""Shifter"": ""SHIMANO XT Di2 SW-M8150, 1x12-SPEED I-SPEC EV"", ""Crank Set"": ""SHIMANO SM-CRE80-12-B 34T CHAINRING, MAX: 38T, CRANK ARM: SHIMANO XT FC-M8150 160mm"", ""Cassette"": ""SHIMANO XT CS-M8100 10-51T MICROSPLINE"", ""Rear Derailleur"": ""SHIMANO XT Di2 RD-M8150"", ""Chain"": ""KMC E12 FOR 12-SPEED"", ""Pedal"": ""ALLOY FLAT W/ REPLACEABLE PIN"", ""Saddle"": ""XTEND, CR-MO ø7mm"", ""Seat Post"": ""FOX TRANSFER FACTORY SERIES 150mm (S, M) / 175mm (L, XL) TRAVEL, D x L: 30.9x418mm (S, M) / 475mm (L, XL), OFFSET: 0mm"", ""Seat Clamp"": ""34.9mm BOLT"", ""Handlebar"": ""RACE FACE AFFECT R 35, W: 780mm, B:35mm, R/D:20mm, B/R : 8degree"", ""Handle Stem"": ""RACE FACE AFFECT R 35, E: 40mm, B: 35mm, R/D: 0degree"", ""Head Set"": ""FSA NO.57E W/ SEALED BEARING, ZS 44/28.6 | ZS 56/40"", ""Wheel Set"": ""XL2 TUBELESS READY"", ""Tire"": ""SCHWALBE MAGIC MARY EVO 29\""x2.60\"" 622x65 SUPER GRAVITY TLE ADDIX SOFT"", ""Front Hub"": ""SHIMANO TC500 15x110mm 32H CL"", ""Rear Hub"": ""SHIMANO TC500 12x148mm 32H CL FOR MICROSPLINE"", ""Spokes & Nipples"": ""STAINLESS 14G NDS:294mm DS:292mm W/ 12mm BRASS NIPPLE (front), STAINLESS 14G NDS:296mm DS:294mm W/ 12mm BRASS NIPPLE (rear)"", ""Brake Lever"": ""SHIMANO XT BL-M8100"", ""Brake"": ""SHIMANO XT M8120 HYDRAULIC DISC"", ""Brake Rotor"": ""SHIMANO RT-MT800 203 CL (front), SHIMANO RT-EM810 203 CL (rear)"", ""Motor"": ""SHIMANO DU-EP801 MID MOTOR 25kph / 20mph, CONTINUOUS RATED POWER 250Watt, MAXIMUM TORQUE 85Nm"", ""Sensor"": ""SHIMANO EW-SS301 W/ 760mm CABLE"", ""Battery"": ""SHIMANO BT-EN806 FOR DOWN TUBE INTEGRATED - 630Wh (36V, 14Ah)"", ""Extras"": ""BOTTLE CAGE : ENTITY, BOTTLE : POLYGON 425ml, C/S PROTECTOR, DROPOUT, FORK BUMPER, GROMMET, FENDER : FOX"", ""Speed"": ""1x12 Speed"", ""Speed Motor"": ""25kph / 20mph"", ""Color"": ""Green"", ""Genre"": ""MTB"", ""Wheel size"": ""29\"""", ""Weight"": ""26 kg (size M)"", ""Note"": ""Spesifikasi, warna dan ketersediaan produk dapat berubah sewaktu-waktu tanpa pemberitahuan sebelumnya.""}",https://www.rodalink.com/id/polygon-sepeda-elektrik-collosus-n8xe-503040.html
Sepeda,Sepeda Elektrik (E-Bike),Polygon Sepeda Elektrik Tambora AE GX,80000000,,,"Gravel e-bike, khususnya Tambora AE Series, menawarkan kestabilan dalam menempuh jalan panjang, dipadukan dengan kecepatan dan pengalaman lincah bagi teman berkendara gravel Anda dengan trek multimedan: balapan sepanjang hari, perjalanan touring, petualangan panjang yang mampu melewati sebagian besar jalan, pasir, dan kerikil ringan. Tambora AE hadir dengan fitur fast charging dengan waktu pengisian 3-4 jam dan kapasitas baterai 400 wh. Hal ini juga tergantung pada kondisi baterai dan charger.​ ","{""Brand"": ""Polygon"", ""What's in the box"": ""1 x Polygon Tambora AE GX Electric Bike"", ""Rentang Usia"": ""Dewasa"", ""Frame"": ""ACX CARBON e-GRAVEL"", ""Fork"": ""CARBON RIGID"", ""Shifter"": ""SRAM RIVAL ETAP AXS 12-SPEED BRIFTER"", ""Crank Set"": ""FSA CK-220-IS MEGATOOTH SH 44T"", ""Cassette"": ""SRAM XG 1275 GX EAGLE 12-SPEED 10-52T XD DRIVER"", ""Rear Derailleur"": ""SRAM GX EAGLE AXS 12-SPEED"", ""Chain"": ""SRAM GX EAGLE 12-SPEED"", ""Saddle"": ""FIZIK TERRA ARGO, STEEL ø7mm"", ""Seat Post"": ""CARBON, DxL: 27.2 x 400mm"", ""Handlebar"": ""FSA ENERGY SUPER COMPACT, W: 400mm (S-M) 420mm (L-XL), BB: 31.8mm, R/D: 120mm"", ""Handle Stem"": ""VISION NS SMR-II ST, EXT: 90mm (S-M) 100mm (L-XL), BB: 31.8mm, R/D: 10degree"", ""Head Set"": ""FSA NO.55R 1.5\""/CR/LS, IS 52/28.6 | IS 52/40"", ""Wheel Set"": ""NOVATEC G24 DISC (28mm) W/ TUBELESS TAPE INSTALLED"", ""Tire"": ""SCHWALBE G-ONE 700C-40 622X40 ALLROUND TIRE TLE ADDIX"", ""Front Hub"": ""NOVATEC D791 12x100mm 24H CL"", ""Rear Hub"": ""NOVATEC D792 12x142mm 24H CL FOR XDR"", ""Spokes & Nipples"": ""F: STAINLESS DOUBLE BUTTED 14G NDS:286mm DS:288mm W/ 16mm ALLOY NIPPLE / R: STAINLESS DOUBLE BUTTED 14G NDS:288mm DS:285mm W/ 16mm ALLOY NIPPLE"", ""Brake Lever"": ""SRAM RIVAL AXS"", ""Brake"": ""SRAM RIVAL HYDRAULIC"", ""Brake Rotor"": ""SRAM PACELINE CENTERLOCK 160MM"", ""Motor"": ""BOSCH PERFORMANCE LINE SPRINT BDU3184"", ""Sensor"": ""BOSCH RIM MAGNET"", ""Battery"": ""BOSCH COMPACTTUBE 400 FIXED MOUNT HORIZONTAL"", ""Extras"": ""BOTTLE CAGE : BOSCH HOLDER EB12.110.01A, BATTERY : BOSCH POWERMORE 250 EB12.100.02S, DROPOUT : SRAM UDH"", ""Speed"": ""1x12 Speed"", ""Speed Motor"": ""45 km/h"", ""Genre"": ""City & Touring"", ""Wheel size"": ""700C"", ""Note"": ""Spesifikasi, warna dan ketersediaan produk dapat berubah sewaktu-waktu tanpa pemberitahuan sebelumnya.""}",https://www.rodalink.com/id/polygon-sepeda-elektrik-tambora-ae-gx-503310.html
Sepeda,Sepeda Elektrik (E-Bike),Polygon Sepeda Elektrik Tambora AE GRX,68000000,,,"Polygon Sepeda Elektrik Tambora AE GRX: Buka Jalan Baru, Jelajah Lebih Jauh Tanpa Batas Tenaga Siap jelajahi dunia? Polygon Sepeda Elektrik Tambora AE GRX adalah e-gravel bike revolusioner untuk long-distance adventurer dan endurance cyclist . Rasakan kebebasan sejati dengan power assist responsif, menaklukkan multi-medan tanpa batas. Dapatkan pengalaman terbaikmu, beli sepeda elektrik ini sekarang di Rodalink! Kenapa Polygon Sepeda Elektrik Tambora AE GRX Jadi Teman Terbaik untuk Perjalanan Jau","{""ACX Carbon e-Gravel Frame&Full Carbon Fork"": ""Ringan, Kuat, StabilDesain multi-medan,dropped seatstays.Wheelset karbonNovatec G24 Disctubeless ready, ban Schwalbe G-One Allround 700x40c."", ""Gravel GeometryAdaptif &Max Tire Clearance45c"": ""Fleksibel & ErgonomisFlip Chippadaforksesuaikanhead tube angle, akomodasi ban hingga 45c."", ""DrivetrainShimano GRX 1x12-speed"": ""Presisi & Kontrol PenuhPerpindahan gigi senyap, pengereman hidrolik Shimano GRX andal di medangravel."", ""Motor BoschPerformance Line Sprint"": ""AssistHalus & BertenagaUnit penggerak senyap,assisthingga 45 km/jam, torsi 55 Nm, mendukung kayuhanmu responsif."", ""Kapasitas Baterai Total 650Wh (400Wh +Powermore250Wh)"": ""Jangkauan EkstraBaterai Bosch CompactTube 400Wh terintegrasi +range extenderBosch Powermore 250Wh, total hingga 117 km."", ""Teknologi Baterai BoschPowermore"": ""Fleksibilitas JangkauanTambahkanrange extender250Wh viaquick release, ubahbottle cagejadi sumber daya ekstrasepeda elektrik-mu."", ""ModeAssistIntuitif"": ""Kontrol Mudah diTop TubeSiklus modepedal assistvia tombol plus/minus sederhana ditop tube."", ""Brand"": ""Polygon"", ""What's in the box"": ""1 x Polygon Tambora AE GRX Electric Bike"", ""Rentang Usia"": ""Dewasa"", ""Frame"": ""ACX CARBON e-GRAVEL"", ""Fork"": ""CARBON RIGID"", ""Shifter"": ""SHIMANO GRX BR-RX820 12-SPEED BRIFTER"", ""Crank Set"": ""FSA CK-220-IS MEGATOOTH SH 44T"", ""Cassette"": ""SHIMANO CS-M8100 XT 12-SPEED 10-51T MICROSPLINE"", ""Rear Derailleur"": ""SHIMANO GRX RD-RX822 12-SPEED"", ""Chain"": ""SHIMANO CN-M6100 12-SPEED"", ""Saddle"": ""FIZIK TERRA ARGO, STEEL ø7mm"", ""Seat Post"": ""CARBON, DxL: 27.2 x 400mm"", ""Handlebar"": ""FSA ENERGY SUPER COMPACT, W: 400mm (S-M) 420mm (L-XL), BB: 31.8mm, R/D: 120mm"", ""Handle Stem"": ""VISION NS SMR-II ST, EXT: 90mm (S-M) 100mm (L-XL), BB: 31.8mm, R/D: 10degree"", ""Head Set"": ""FSA NO.55R 1.5\""/CR/LS, IS 52/28.6 | IS 52/40"", ""Wheel Set"": ""NOVATEC G24 DISC (28mm) W/ TUBELESS TAPE INSTALLED"", ""Tire"": ""SCHWALBE G-ONE 700C-40 622X40 ALLROUND TIRE TLE ADDIX"", ""Front Hub"": ""NOVATEC D791 12x100mm 24H CL"", ""Rear Hub"": ""CL-142 12x142mm 24H CL FOR MICROSPLINE"", ""Spokes & Nipples"": ""F: STAINLESS 14G NDS:282 & DS:284 W/ NIPPLE BRASS / R: STAINLESS 14G NDS:282 & DS:280 W/ NIPPLE BRASS"", ""Brake Lever"": ""SHIMANO GRX ST-RX820"", ""Brake"": ""SHIMANO GRX HYDRAULIC"", ""Brake Rotor"": ""SHIMANO RT-CL800 CENTERLOCK 160MM"", ""Motor"": ""BOSCH PERFORMANCE LINE SPRINT BDU3184"", ""Sensor"": ""BOSCH RIM MAGNET"", ""Battery"": ""BOSCH COMPACTTUBE 400 FIXED MOUNT HORIZONTAL"", ""Extras"": ""BOTTLE CAGE : BOSCH HOLDER EB12.110.01A, BATTERY : BOSCH POWERMORE 250 EB12.100.02S, DROPOUT : SRAM UDH"", ""Speed"": ""1x12 Speed"", ""Speed Motor"": ""45 km/h"", ""Genre"": ""City & Touring"", ""Wheel size"": ""700C"", ""Note"": ""Spesifikasi, warna dan ketersediaan produk dapat berubah sewaktu-waktu tanpa pemberitahuan sebelumnya.""}",https://www.rodalink.com/id/polygon-sepeda-elektrik-tambora-ae-grx-503311.html
Sepeda,Sepeda Elektrik (E-Bike),Polygon Sepeda Elektrik Tambora AE GRX CLS,68000000,,,"Evolusi baru kami dalam sepeda gravel! Terinspirasi oleh seri Tambora Gravel, Polygon Sepeda Elektrik Tambora AE yang baru  membuka lebih banyak tenaga di medan apa pun, kecepatan apa pun dengan sistem sepeda listrik BOSCH. Habiskan lebih sedikit waktu untuk menerjang angin, rintangan, atau tanjakan apa pun dengan kecepatan ganda – dengan mudah. ​​Dilengkapi frame dan frame ACX carbon gravel  untuk performa optimal.​ ​Pendamping yang sempurna untuk perjalanan yang kompetitif dan tangguh, atau pe","{""Features"": ""Dirancang untuk Petualangan Serbaguna | Jarak bebas ban yang cukup untuk setiap medan yang Anda butuhkan | Kekuatan Aerodinamika | Kekuatan senyap, daya konsisten"", ""Brand"": ""Polygon"", ""What's in the box"": ""1 x Polygon Tambora AE GRX Electric Bike"", ""Technology"": ""SHIFTER-BRAKE ROUTE : INTERNAL, ASSIST SWITCH : BOSCH MINI REMOTE RC3310, CRANKSET : FSA CK-220-IS MEGATOOTH A 44T, ON/OFF SWITCH : BOSCH SYSTEM CONTROLLER BRC3100 CRANKSET - MAX CHAIN RING : 44T, SPEED SENSOR : BOSCH RIM MAGNET, ELECTRIC WIRE : BOSCH CAB"", ""Rentang Usia"": ""Dewasa"", ""Frame"": ""ACX CARBON e-GRAVEL"", ""Fork"": ""CARBON RIGID"", ""Shifter"": ""SHIMANO GRX BR-RX820 12-SPEED BRIFTER"", ""Crank Set"": ""FSA CK-220-IS MEGATOOTH SH 44T"", ""Cassette"": ""SHIMANO CS-M8100 XT 12-SPEED 10-51T MICROSPLINE"", ""Rear Derailleur"": ""SHIMANO GRX RD-RX822 12-SPEED"", ""Chain"": ""SHIMANO CN-M6100 12-SPEED"", ""Saddle"": ""FIZIK TERRA ARGO, STEEL ø7mm"", ""Seat Post"": ""CARBON, DxL: 27.2 x 400mm"", ""Handlebar"": ""FSA ENERGY SUPER COMPACT, W: 400mm (S-M) 420mm (L-XL), BB: 31.8mm, R/D: 120mm"", ""Handle Stem"": ""VISION NS SMR-II ST, EXT: 90mm (S-M) 100mm (L-XL), BB: 31.8mm, R/D: 10degree"", ""Head Set"": ""FSA NO.55R 1.5\""/CR/LS, IS 52/28.6 | IS 52/40"", ""Wheel Set"": ""NOVATEC G24 DISC (28mm) W/ TUBELESS TAPE INSTALLED"", ""Tire"": ""SCHWALBE G-ONE 700C-40 622X40 ALLROUND TIRE TLE ADDIX"", ""Front Hub"": ""NOVATEC D791 12x100mm 24H CL"", ""Rear Hub"": ""CL-142 12x142mm 24H CL FOR MICROSPLINE"", ""Spokes & Nipples"": ""F: STAINLESS 14G NDS:282 & DS:284 W/ NIPPLE BRASS / R: STAINLESS 14G NDS:282 & DS:280 W/ NIPPLE BRASS"", ""Brake Lever"": ""SHIMANO GRX ST-RX820"", ""Brake"": ""SHIMANO GRX HYDRAULIC"", ""Brake Rotor"": ""SHIMANO RT-CL800 CENTERLOCK 160MM"", ""Motor"": ""BOSCH PERFORMANCE LINE SPRINT BDU3184"", ""Sensor"": ""BOSCH RIM MAGNET"", ""Battery"": ""BOSCH COMPACTTUBE 400 FIXED MOUNT HORIZONTAL"", ""Extras"": ""BOTTLE CAGE: BOSCH HOLDER EB12.110.01A, BATTERY : BOSCH POWERMORE 250 EB12.100.02S, DROPOUT : SRAM UDH"", ""Speed"": ""1x12 Speed"", ""Speed Motor"": ""45 km/h"", ""Color"": ""Brown"", ""Genre"": ""City & Touring"", ""Weight"": ""15.3 kg (Size M)"", ""Note"": ""Spesifikasi, warna dan ketersediaan produk dapat berubah sewaktu-waktu tanpa pemberitahuan sebelumnya.""}",https://www.rodalink.com/id/polygon-sepeda-elektrik-tambora-ae-grx-cls-503207.html
Sepeda,Sepeda Elektrik (E-Bike),Polygon Sepeda Elektrik Collosus N8E,67500000,,,"Polygon Sepeda Elektrik Collosus N8E: Power Lebih, Jangkauan Lebih Jauh, Keseruan Tanpa Batas Rasakan sensasi trail riding tak terbatas dengan Polygon Sepeda Elektrik Collosus N8E , E-MTB full-suspension untuk trail rider dan enduro enthusiast . Dapatkan kekuatan ekstra menaklukkan tanjakan ekstrem, daya jelajah jauh, dan keseruan tanpa batas di setiap petualanganmu. Siap beli sepeda online ini? Kenapa Polygon Sepeda Elektrik Collosus N8E Jadi Partner Terbaik di Setiap Trail? Polygon Sepeda Elek","{""Motor Shimano EP801"": ""Torque85 NmDorongan instan dan kuat untuk melibas tanjakan terjal serta medan teknis, menjadikanmuclimbing machinesejati dengansepeda gunung elektrikini."", ""Baterai Internal Shimano STEPS BT-EN806 630 Wh"": ""Jarak Tempuh Hingga 100 KmPetualanganmu lebih panjang tanpa khawatir kehabisan daya, membuka potensi eksplorasi baru."", ""Frame ALX Alloy"": ""GeometriSlack Head Angle64.5° &Long ReachStabilitas superior pada kecepatan tinggi dan turunan curam, kontrol presisi di medan paling menantang."", ""Suspensi Fox Performance"": ""Fork Fox 38 Float Performance 160mm & Shock Fox Float X2 160mmMenyerap benturan besar dan getaran kecil sempurna, menjaga traksi optimal dan kenyamanan maksimal di setiaptrail."", ""Drivetrain Shimano XT/Deore 1x12 Speed"": ""SpesifikE-MTBPerpindahan gigi mulus dan presisi denganshifterdanderailleurShimano XT, sertacassetteShimano Deore 1x12 speed. Dioptimalkan untuk beban dantorqueekstrasepeda gunung elektrik, memastikan "", ""Brand"": ""Polygon"", ""What's in the box"": ""1 x Polygon Collosus N8E Electric Bike"", ""Technology"": ""SHIFTER/BRAKE ROUTE INTERNAL, FORK FEATURES-FLOAT EVOL, 160mm TRAVEL, OFFSET: 44mm, GRIP 2, HSC-LSC, HSR-LSR, W/ FENDER, REAR SHOCK FEATURES-AIR SPRING, 2 POSITION ADJUST, HSC-LSC, HSR-LSR, CHARGER : SHIMANO EC-E6002 W/ SM-BTE80 COMPATIBLE VOLTAGE 100V-24"", ""Rentang Usia"": ""Dewasa"", ""Frame"": ""ALX ENDURO FRAME"", ""Fork"": ""FOX 38 FLOAT PERFORMANCE, FLOAT EVOL, 160mm TRAVEL, OFFSET: 44mm, GRIP, 3POS, W/ FENDER"", ""Rear Shock"": ""FOX FLOAT X2, E2E : 205x65mm"", ""Shifter"": ""SHIMANO XT SL-M8100-R 1X12-SPEED TRIGGER"", ""Crank Set"": ""SHIMANO SM-CRE80-12-B 34T CHAINRING, MAX: 38T, CRANK ARM: SHIMANO XT FC-M8150 160mm"", ""Cassette"": ""SHIMANO DEORE CS-M6100 12-SPEED 10-51T"", ""Rear Derailleur"": ""SHIMANO XT RD-M8100-SGS 12-SPEED"", ""Chain"": ""KMC E12 FOR 12-SPEED"", ""Pedal"": ""ALLOY FLAT W/ REPLACEABLE PIN"", ""Saddle"": ""ENTITY XTEND, CR-MO ø7mm"", ""Seat Post"": ""TRANZ X JD-YSP23JL 150mm (S, M) / 170mm (L, XL) TRAVEL, D x L : 30.9 x 459mm (S, M) / 499mm (L, XL)"", ""Seat Clamp"": ""34.9mm BOLT TYPE"", ""Handlebar"": ""ENTITY, W: 780mm, B:35mm, R/D:25mm, B/R : 9degree"", ""Handle Stem"": ""ENTITY, E: 35mm, B: 35mm, R/D: 0degree"", ""Head Set"": ""FSA NO.57E W/ SEALED BEARING,  ZS 44/28.6 | ZS 56/40"", ""Wheel Set"": ""ENTITY XL3 TUBELESS READY"", ""Tire"": ""SCHWALBE MAGIC MARY EVO 29\""x2.60\"" 622x65 SUPER GRAVITY TLE ADDIX SOFT"", ""Front Hub"": ""ALLOY DOUBLE WALL H:17.5mm W: 35mm 622-35 32H FOR TYRE 622-54/76 TL READY"", ""Rear Hub"": ""SHIMANO FH-MT410-B 12x148mm 32H CL FOR MICRO SPLINE SAME AS FRONT RIM"", ""Spokes & Nipples"": ""F: 14G STAINLESS NDS:294mm (front/rear) DS:296mm (front), 294mm (rear) W/ 12mm BRASS NIPPLE"", ""Brake Lever"": ""SHIMANO XT BL-M8100"", ""Brake"": ""SHIMANO XT M8120 HYDRAULIC DISC"", ""Brake Rotor"": ""SHIMANO XT F: RT-MT800 203 CL / R: RT-EM810 203 CL"", ""Motor"": ""SHIMANO DU-EP801 MID MOTOR (25kph / 20mph) CONTINUOUS RATED POWER 250Watt MAXIMUM TORQUE 85Nm"", ""Sensor"": ""SHIMANO EW-SS301 W/ 760mm CABLE"", ""Battery"": ""SHIMANO BT-EN806 FOR DOWN TUBE INTEGRATED - 630Wh (36V, 14Ah)"", ""Extras"": ""C/S PROTECTOR:736043, DROPOUT : 725047"", ""Speed"": ""1x12 Speed"", ""Speed Motor"": ""20mph (32km / h)"", ""Genre"": ""MTB"", ""Wheel size"": ""29\"""", ""Weight"": ""25.6 kg (size S)"", ""Note"": ""Spesifikasi, warna dan ketersediaan produk dapat berubah sewaktu-waktu tanpa pemberitahuan sebelumnya.""}",https://www.rodalink.com/id/polygon-sepeda-elektrik-collosus-n8e-502942.html
Sepeda,Sepeda Elektrik (E-Bike),Polygon Sepeda Elektrik Siskiu TE Brown with Bosch,67500000,,,"Polygon Sepeda Elektrik Siskiu TE dengan Bosch: Power Lebih, Jangkauan Lebih Jauh, Keseruan Tanpa Batas Siap taklukkan setiap trail ? Polygon Sepeda Elektrik Siskiu TE dengan Bosch adalah E-MTB full-suspension impianmu. Dirancang untuk trail riders dan enduro enthusiasts , rasakan power ekstra, daya jelajah jauh, dan taklukkan tanjakan ekstrem. Ini saatnya upgrade petualanganmu! Kenapa Polygon Sepeda Elektrik Siskiu TE dengan Bosch Jadi Partner Terbaik di Setiap Trail? Dengan Sepeda Elektrik ini","{""Motor Bosch Performance Line CX Gen4"": ""Torsi 85 Nm & Daya 250WRasakanpowerinstan dan responsif, ubah tanjakan terjal jadi mudah, akselerasi cepat di setiaptrail."", ""Baterai Bosch PowerTube"": ""Kapasitas 625 WhDaya tahan luar biasa untuk petualanganoff-roadlebih panjang. Jangkauan bervariasi sesuai mode, medan, dan kondisi berkendara."", ""Frame ALX Alloy & Geometri Agresif"": ""Flip-chip& kompatibilitasmulletStabilitas superior di kecepatan tinggi dan turunan curam. Kontrol optimal untuk manuver agresif di medan teknis."", ""Suspensi RockShox"": ""Fork Lyrik Select 150mm & Rear Shock Super Deluxe Select+ 140mmSerap benturan mulus, jaga traksi, kenyamanan maksimal di medan terberat."", ""Drivetrain SRAM GX Eagle 1x12 Speed"": ""Perpindahan gigi presisi, mulus, dioptimalkan untuk torsi tinggi motor elektrik. Efisiensi di setiap kondisi."", ""Brand"": ""Polygon"", ""What's in the box"": ""1 x Polygon Siskiu TE Brown with Bosch Electric Bike"", ""Technology"": ""SHIFTER/BRAKE ROUTE INTERNAL, FORK FEATURES-DEBON AIR+ SPRING, CHARGER RC DAMPER, EXTERNAL REBOUND, LOW SPEED COMPRESSION, REAR SHOCK FEATURES-AIR SPRING, EXTERNAL REBOUND, 2 POS COMP (OPEN/FIRM)"", ""Rentang Usia"": ""Dewasa"", ""Frame"": ""ALX E-MTB TRAIL 140mm TRAVEL"", ""Fork"": ""ROCKSHOX LYRIK SELECT 150mm TRAVEL, ALLOY TAPER 1-1/8\"" - 1-1/2\"""", ""Rear Shock"": ""ROCKSHOX SUPER DELUXE SELECT+, E2E : 210x55mm, HARDWARE : BODY:M8x40mm SHAFT:M8x25mm"", ""Shifter"": ""SRAM SX EAGLE, 1X12-SPEED TRIGGER"", ""Crank Set"": ""SRAM X-SYNC 2 34T, MAX CHAIN RING : 38T, CRANK ARM : SRAM X1 E-MTB 165mm"", ""Cassette"": ""SRAM CS-PG-1210-A1 EAGLE 12-SPEED 11-50T CASSETTE"", ""Rear Derailleur"": ""SRAM GX EAGLE 12-SPEED"", ""Chain"": ""SRAM GX EAGLE 12-SPEED"", ""Saddle"": ""XTEND, CR-MO ø7mm"", ""Seat Post"": ""TRANZ X JD-YSP23JL 150mm (S, M) / 170mm (L, XL) TRAVEL, D x L: 30.9 x 459mm (S, M) / 499mm (L, XL)"", ""Seat Clamp"": ""34.9mm BOLT"", ""Handlebar"": ""POLYGON EXPERT, W: 780MM, B: 35MM, R/D: 25MM, BEND : 9degree"", ""Handle Stem"": ""POLYGON EXPERT, E: 35mm, B: 35mm"", ""Head Set"": ""FSA HBS-220 W/ SEALED BEARING, ZS 44/28.6 | ZS 56/40"", ""Wheel Set"": ""MT9 TUBELESS READY"", ""Tire"": ""SUPER TRAIL TIRE 29\""x2.60\"", 622x65, TLE"", ""Front Hub"": ""DT SWISS 370 CLASSIC 15x110mm 32H 6-BOLT"", ""Rear Hub"": ""DT SWISS 370 CLASSIC 12x148mm 32H 6-BOLT FOR CASSETTE"", ""Spokes & Nipples"": ""STAINLESS 14G NDS:292mm DS:294mm W/ 12mm BRASS NIPPLE (FRONT), STAINLESS 14G NDS:274mm DS:272mm W/ 12mm BRASS NIPPLE (REAR)"", ""Brake Lever"": ""MAGURA HC3"", ""Brake"": ""MAGURA MT7 HYDRAULIC"", ""Brake Rotor"": ""MAGURA MDR C 203MM 6-BOLT"", ""Motor"": ""BOSCH PERFORMANCE LINE C"", ""Sensor"": ""BOSCH RIM MAGNET"", ""Battery"": ""BOSCH POWER TUBE 625 HORIZONTAL"", ""Extras"": ""BOTTLE CAGE : ENTITY, BOTTLE : POLYGON 500ml, FENDER : ROCKSHOX PIKE / LYRIK FENDER, C/S PROTECTOR, FORK BUMPER, GROMMET, DROPOUT"", ""Speed"": ""1x12 Speed"", ""Speed Motor"": ""32 km/h"", ""Color"": ""Brown"", ""Genre"": ""MTB"", ""Wheel size"": ""29\"""", ""Weight"": ""26.9 kg (Size M)"", ""Note"": ""Spesifikasi, warna dan ketersediaan produk dapat berubah sewaktu-waktu tanpa pemberitahuan sebelumnya.""}",https://www.rodalink.com/id/polygon-sepeda-elektrik-siskiu-te-brown-with-bosch-503059.html
Sepeda,Sepeda Elektrik (E-Bike),Polygon Sepeda Elektrik Siskiu T7E CLS,55000000,,,"Polygon Sepeda Elektrik Siskiu T7E CLS: Power Lebih, Jangkauan Lebih Jauh, Keseruan Tanpa Batas Siap taklukkan setiap trail dengan performa maksimal? Polygon Sepeda Elektrik Siskiu T7E CLS adalah E-MTB full-suspension impianmu, dirancang untuk trail riders dan enduro enthusiasts . Rasakan dorongan daya tak terbatas, daya jelajah jauh, dan taklukkan climbing ekstrem dengan mudah. Ini Sepeda Gunung Elektrik terbaik untukmu! Kenapa Polygon Sepeda Elektrik Siskiu T7E CLS Jadi Partner Terbaik di Seti","{""Motor Shimano EP801"": ""TorqueInstan 85NmDorongan kuat tanjakan, akselerasi responsifE-MTB. Ringan (2.6kg),drag36% lebih rendah."", ""Baterai 630Wh Terintegrasi"": ""Jangkauan Lebih JauhPetualangan tanpa batas, jelajahi lebih jauh. Baterai Shimano STEPS BT-EN806 630Wh."", ""Frame ALX Alloy & GeometriProgressive"": ""Slack Head Angle65° &Long ReachStabilitas kecepatan tinggi, kelincahan tikungan. Siapdownhillagresif. Fiturflip-chip& kompatibilitasmullet."", ""Travel Suspensi 150mm (Depan) & 140mm (Belakang)"": ""Full-SuspensionResponsifRedam benturan, lalui medan terjal kontrol. Fork SR Suntour AION 35 150mm &rear shockSR Suntour TriAir2 140mm."", ""Shimano SLX/Deore 1x12Drivetrain"": ""Perpindahan Gigi AkuratTransmisi andal, efisien untuke-bike&climbing. SLXshifter/RD, Deorecassette10-51T."", ""Features"": ""KomponenCockpit&WheelsetPilihanHandlebar/stemEntity Expert,dropper postTranz X,wheelsetEntity XL3Tubeless Ready, ban Schwalbe Hans Dampf EVO. Pengereman SRAM Code R 4-Piston 203mm."", ""Brand"": ""Polygon"", ""What's in the box"": ""1 x Polygon Siskiu T7E CLS Electric Bike"", ""Technology"": ""SHIFTER/BRAKE ROUTE INTERNAL, FORK FEATURES-AIR SPRING, REBOUND & COMPRESSION ADJUST, PISTON COMPENSATOR SYSTEM W/MUD GUARD, REAR SHOCK FEATURES-AIR SPRING, 3 STEP HYDRAULIC COMPRESSION & REBOUD ADJUST, CHARGER : SHIMANO EC-E6002 W/ SM-BTE80, COMPATIBLE V"", ""Rentang Usia"": ""Dewasa"", ""Frame"": ""ALX TRAIL FRAME"", ""Fork"": ""SR SUNTOUR AION 35 BOOST RC-PCS 150mm TRAVEL, ALLOY TAPER 1-1/8\"" – 1-1/2\"""", ""Rear Shock"": ""SR SUNTOUR TRIAIR2 3CR, E2E : 210x55mm"", ""Shifter"": ""SHIMANO SLX SL-M7100-R 1X12-SPEED TRIGGER"", ""Crank Set"": ""SHIMANO SM-CRE80-12-B 34T CHAINRING, MAX: 38T, CRANK ARM: SHIMANO FC-EM600 160mm"", ""Cassette"": ""SHIMANO DEORE CS-M6100 12-SPEED 10-51T MICRO SPLINE"", ""Rear Derailleur"": ""SHIMANO SLX RD-M7100-SGS 12-SPEED"", ""Bottom Bracket"": ""ALLOY FLAT W/ REPLACEABLE PIN"", ""Chain"": ""KMC E12S 12-SPEED"", ""Saddle"": ""ENTITY XTEND, CR-MO ø7mm"", ""Seat Post"": ""TRANZ X JD-YSP23JL 150mm (S, M) / 170mm (L, XL) TRAVEL, D x L; 30.9 x 459mm (S, M) / 499mm (L, XL)"", ""Seat Clamp"": ""34.9mm BOLT"", ""Handlebar"": ""ENTITY EXPERT, W: 780mm, B:35mm, R/D:25mm, B/R : 9degree"", ""Handle Stem"": ""ENTITY EXPERT, E: 35mm, B: 35mm, R/D: 0degree"", ""Head Set"": ""FSA NO.57E W/ SEALED BEARING, ZS 44/28.6 | ZS 56/40"", ""Wheel Set"": ""ENTITY XL3 TUBELESS READY"", ""Tire"": ""SUPER TRAIL TIRE 29\""x2.60\"", 622x65, TLE"", ""Front Hub"": ""SHIMANO HB-MT400-B 15x110mm 32H CL"", ""Rear Hub"": ""SHIMANO FH-MT410-B 12x148mm 32H CL FOR MICRO SPLINE SAME AS FRONT RIM"", ""Spokes & Nipples"": ""STAINLESS 14G NDS:294mm (front/rear) DS:292mm (rear), 296mm (front) W/ 12mm BRASS NIPPLE"", ""Brake Lever"": ""SRAM CODE R"", ""Brake"": ""SRAM CODE R HYDRAULIC, 4-PISTON"", ""Brake Rotor"": ""SHIMANO CL 203mm F:SM-RT64 R:RT-EM600 W/ SPEED SENSOR"", ""Motor"": ""SHIMANO DU-EP801 MID MOTOR 25kph / 20mph, CONTINUOUS RATED POWER 250Watt, MAXIMUM TORQUE 85Nm"", ""Sensor"": ""SHIMANO EW-SS301 W/ 760mm CABLE"", ""Battery"": ""SHIMANO BT-EN806 FOR DOWN TUBE INTEGRATED - 630Wh (36V, 14Ah)"", ""Extras"": ""C/S PROTECTOR, BOTTLE CAGE, BOTTLE, DROPOUT, FORK BUMPER, GROMMET"", ""Speed"": ""1x12 Speed"", ""Speed Motor"": ""32km / h"", ""Color"": ""Brown"", ""Genre"": ""MTB"", ""Wheel size"": ""29\"""", ""Note"": ""Spesifikasi, warna dan ketersediaan produk dapat berubah sewaktu-waktu tanpa pemberitahuan sebelumnya.""}",https://www.rodalink.com/id/polygon-sepeda-elektrik-siskiu-t7e-cls-502963.html
Sepeda,Sepeda Elektrik (E-Bike),Polygon Sepeda Elektrik Siskiu HE Purple with Bosch,64000000,55000000,,"Polygon Sepeda Elektrik Siskiu HE Purple with Bosch: Power Lebih, Jangkauan Lebih Jauh, Keseruan Tanpa Batas Siap taklukkan setiap trail ? Polygon Sepeda Elektrik Siskiu HE Purple with Bosch adalah E-MTB full-suspension impianmu! Rasakan kekuatan ekstra menaklukkan tanjakan ekstrem, daya jelajah lebih jauh, dan keseruan tanpa batas di setiap petualangan off-road . Sepeda Gunung Elektrik ini siap tingkatkan performa riding -mu. Kenapa Polygon Sepeda Elektrik Siskiu HE Purple with Bosch Jadi Partn","{""Motor Bosch Performance Line CX"": ""Torque85 NmDaya instan dan kuat untuk tanjakan terjal, akselerasi responsif ditraildengan kecepatan maksimum 45 km/h."", ""Baterai Bosch Power Tube"": ""Kapasitas 625 WhJelajahi hingga 118 km, jangkauan luas untuk petualanganE-MTBseharian."", ""Frame ALX E-SUVFull-Suspension"": ""Travel120mm,GeometrySerbagunaRangka aluminium kokoh dengan geometri dirancang untuk kenyamanan dan performa optimal di berbagai medan, stabil danhandlinglincah."", ""Suspensi SR Suntour"": ""Fork 130mm &Rear ShockRedam benturan denganforkSR Suntour Mobie 36 Boost(travel 130mm) danrear shockSR Suntour Edge Plus 2CRuntuk kontrol."", ""DrivetrainSRAM SX Eagle"": ""1x12SpeeddenganCassette11-50TPerpindahan gigi presisi, rentanggearluas, siapclimbingdansprint."", ""Dropper Post"": ""Tranz X JD-YSP23JLSesuaikan sadel instan untukclimbingefisien dandescendingaman."", ""Wheelset Mullet&Tubeless Ready"": ""Depan 29\"", Belakang 27.5\""Kombinasi optimal untuk stabilitas dan kelincahan ditrail."", ""Brand"": ""Polygon"", ""What's in the box"": ""1 x Polygon Siskiu HE Purple with BOSCH Electric Bike"", ""Technology"": ""SHIFTER/BRAKE ROUTE INTERNAL, FORK FEATURES-AIR SPRING, EQUALIZER,130mm TRAVEL, OFFSET: 44mm, 3CR-PC, REAR SHOCK FEATURES-AIR SPRING, EXTERNAL REBOUND, 2 POS COMP (OPEN/FIRM)"", ""Rentang Usia"": ""Dewasa"", ""Frame"": ""ALX E-SUV 120mm TRAVEL"", ""Fork"": ""SR SUNTOUR MOBIE 36 BOOST, ALLOY TAPER 1-1/8\"" – 1-1/2\"""", ""Rear Shock"": ""SR SUNTOUR EDGE PLUS 2CR, E2E : 190x45mm, HARDWARE : BODY:M8x40mm SHAFT:M8x25mm"", ""Shifter"": ""SRAM SX EAGLE, 1X12-SPEED TRIGGER"", ""Crank Set"": ""SRAM X-SYNC 2 38T, MAX CHAIN RING : 38T, CRANK ARM : SRAM X1 E-MTB 165mm"", ""Cassette"": ""SRAM CS-PG-1210-A1 EAGLE 12-SPEED 11-50T CASSETTE"", ""Rear Derailleur"": ""SRAM NX EAGLE 12-SPEED"", ""Chain"": ""SRAM SX EAGLE 12-SPEED"", ""Saddle"": ""EASE, STEEL ø7mm"", ""Seat Post"": ""TRANZ X JD-YSP23JL 150mm (S, M) / 170mm (L, XL) TRAVEL, D x L : 30.9 x 459mm (S, M) / 499mm (L, XL)"", ""Seat Clamp"": ""34.9mm BOLT"", ""Handlebar"": ""POLYGON EXPERT, W: 780MM, B: 31.8MM, R/D: 50MM, BEND : 9degree"", ""Handle Stem"": ""ALLOY STEM, E: 60mm, B: 31.8mm, R/ D: 5MM"", ""Head Set"": ""FSA HBS-220 W/ SEALED BEARING, ZS 44/28.6 | ZS 56/40"", ""Wheel Set"": ""MT9 TUBELESS READY"", ""Tire"": ""SCHWALBE HURRICANE F: 29\""x2.40\"" / R: 27.5\""x2.4\"" 622/584x62 ALLROUND TIRE TLE ADDIX"", ""Front Hub"": ""SHIMANO HB-TC500 15x110mm 32H CL"", ""Rear Hub"": ""SHIMANO FH-TC500 12x148mm 32H CL FOR CASSETTE"", ""Spokes & Nipples"": ""STAINLESS 14G NDS:294mm DS:296mm W/ 12mm BRASS NIPPLE (FRONT), STAINLESS 14G NDS:276mm DS:274mm W/ 12mm BRASS NIPPLE (REAR)"", ""Brake Lever"": ""SRAM CODE R"", ""Brake"": ""SRAM CODE-R HYDRAULIC"", ""Brake Rotor"": ""SRAM CENTERLINE CENTERLOCK 200MM"", ""Motor"": ""BOSCH PERFORMANCE LINE C"", ""Sensor"": ""BOSCH RIM MAGNET"", ""Battery"": ""BOSCH POWER TUBE 625 HORIZONTAL"", ""Bike Stand"": ""STANDWELL SW-RA024JI"", ""Extras"": ""BOTTLE CAGE : ENTITY, BOTTLE : POLYGON 500ml, FENDER : SUNNY WHEEL FE-311-70E3, CARRIER : STANDWELL SW-CA666"", ""Speed"": ""1x12 Speed"", ""Speed Motor"": ""45 km/h"", ""Color"": ""Purple"", ""Genre"": ""MTB, City & Touring"", ""Wheel size"": ""29\"""", ""Weight"": ""27.9 kg (Size M)"", ""Note"": ""Spesifikasi, warna dan ketersediaan produk dapat berubah sewaktu-waktu tanpa pemberitahuan sebelumnya.""}",https://www.rodalink.com/id/polygon-sepeda-elektrik-siskiu-he-purple-with-bosch-503027.html
Sepeda,Sepeda Elektrik (E-Bike),Polygon Sepeda Elektrik Siskiu T6E CLS,46000000,,,"Polygon Sepeda Elektrik Siskiu T6E: Power Lebih, Jangkauan Lebih Jauh, Keseruan Tanpa Batas Siap taklukkan setiap medan? Rasakan sensasi baru dengan Sepeda Gunung Elektrik Polygon Siskiu T6E! Dirancang untuk trail riders dan enduro enthusiasts sepertimu, E-MTB ini memberimu power ekstra di tanjakan ekstrem dan daya jelajah tanpa batas. Waktunya upgrade petualanganmu! Kenapa Polygon Sepeda Elektrik Siskiu T6E Jadi Partner Terbaik di Setiap Trail? Polygon Siskiu T6E, E-MTB full-suspension impianmu","{""Motor Shimano STEPS DU-EP600"": ""Torsi 85NmDorongan instan, kuat. Taklukkan tanjakan ekstrem lebih mudah, akselerasi responsif."", ""Features"": ""Baterai Shimano BT-EN805-L 504WhDaya tahan impresif untuk petualangan panjang, jelajahisingletracktanpa batas. | Drivetrain Shimano 1x11 Speed (Rear Derailleur Shimano CUES RD-U6000-GS, Crankset Shimano SM-CRE70-B 34T)Perpindahan gigi mulus, presisi, dioptimalkan untuke-bike, rasio gigi selalu tepat. | Wheelset Entity XL3Tubeless Ready& Ban Performance Tire 29\""x2.40\""Traksi, daya tahan optimal berbagai kondisitrail, siapsetup tubeless. | Sistem Pengereman SRAM Code R 4-Piston dengan Rotor 203mmDaya henti kuat, konsisten, kontrol maksimal turunan curam dan teknis. | Cockpit Entity Xtend &Dropper PostTranz X JD-YSP23JLKomponen kenyamanan dan kontrol,dropper postuntuk penyesuaian sadel instan."", ""Frame ALX Alloy & Geometri Agresif"": ""Head angle65°,long reach,rear travel140mmKekuatan, kelincahan, stabilitas superior kecepatan tinggi, kontrol presisi turunan."", ""Suspensi SR Suntour Zeron 35 Boost LO-R 150mm (Fork) & SR Suntour Edge Plus (Shock)"": ""Full-suspensionMenyerap benturan optimal, menjaga traksi, kenyamanan medan kasar, performaMTB full-suspension."", ""Brand"": ""Polygon"", ""What's in the box"": ""1 x Polygon Siskiu T6E CLS Electric Bike"", ""Technology"": ""SHIFTER/BRAKE ROUTE INTERNAL, FORK FEATURES-AIR SPRING, 150mm TRAVEL, LOCK OUT & REBOUND ADJUST W/MUD GUARD, REAR SHOCK FEATURES-AIR SPRING, COMPRESSION & REBOUD ADJUST, CHARGER : SHIMANO EC-E6002 W/ SM-BTE80, COMPATIBLE VOLTAGE 100V-240V AC, 50-60Hz, OUT"", ""Rentang Usia"": ""Dewasa"", ""Frame"": ""ALX TRAIL FRAME"", ""Fork"": ""SR SUNTOUR ZERON BOOST"", ""Rear Shock"": ""SR SUNTOUR EDGE PLUS"", ""Shifter"": ""SHIMANO 1X11 SPEED TRIGGER"", ""Crank Set"": ""SHIMANO SM-CRE70-B 34T"", ""Cassette"": ""SHIMANO 11-SPEED"", ""Rear Derailleur"": ""SHIMANO 11-SPEED"", ""Bottom Bracket"": ""ALLOY FLAT W/ REPLACEABLE PIN"", ""Chain"": ""KMC 11-SPEED"", ""Saddle"": ""LINC XTENT"", ""Seat Post"": ""TRANZ X JD-YSP23JL 150mm (S, M) / 170mm (L, XL) TRAVEL, DXL: 30.9 x 459mm (S, M) / 499mm (L, XL)"", ""Handlebar"": ""POLYGON EXPERT, W: 780mm, BB: 35mm, R/D: 30mm, B: 9 degree"", ""Handle Stem"": ""POLYGON EXPERT, EXT: 35mm, BB: 35mm, R/D: 0mm"", ""Head Set"": ""FSA W/SEALED BEARING"", ""Wheel Set"": ""ENTITY XL3 TUBELESS READY"", ""Tire"": ""PERFORMANCE TIRE 29\""x2.40\"" 622x61.29 WIDE TRAIL"", ""Front Hub"": ""SHIMANO 15x110mm 32H CL"", ""Rear Hub"": ""SHIMANO 12x148mm 32H CL"", ""Spokes & Nipples"": ""F: STAINLESS 14G NDS: 290mm DS: 292mm W/12mm BRASS NIPPLE / R: STAINLESS 14G NDS: 292mm DS: 290mm W/12mm BRASS NIPPLE"", ""Brake Lever"": ""SRAM CODE R"", ""Brake"": ""SRAM CODE R HYDRAULIC"", ""Brake Rotor"": ""SHIMANO CL 203mm F:SM-RT64 R:RT-EM600 W/ SPEED SENSOR"", ""Motor"": ""SHIMANO DU-EP600 MID MOTOR 25kph / 20mph"", ""Sensor"": ""SHIMANO EW-SS301 W/ 760mm CABLE"", ""Battery"": ""SHIMANO BT-EN805-L FOR DOWN TUBE INTEGRATED - 504Wh (36V, 14Ah)"", ""Extras"": ""C/S PROTECTOR, BOTTLE CAGE, BOTTLE, DROPOUT, FORK BUMPER, GROMMET"", ""Speed"": ""1x11 Speed"", ""Speed Motor"": ""32km / h"", ""Genre"": ""MTB"", ""Wheel size"": ""29\"""", ""Weight"": ""24.4 kg (Size M)"", ""Note"": ""Spesifikasi, warna dan ketersediaan produk dapat berubah sewaktu-waktu tanpa pemberitahuan sebelumnya.""}",https://www.rodalink.com/id/polygon-sepeda-elektrik-siskiu-t6e-cls-502964.html
Sepeda,Sepeda Elektrik (E-Bike),Polygon Sepeda Elektrik Siskiu HE Gray with Shimano,53500000,42000000,,"Polygon Sepeda Elektrik Siskiu HE Gray with Shimano Di2: Power Lebih, Jangkauan Lebih Jauh, Keseruan Tanpa Batas Rasakan era baru petualangan dengan Polygon Sepeda Elektrik Siskiu HE Gray with Shimano Di2 . Ini adalah E-MTB full-suspension serbaguna, ideal sebagai e-SUV , siap menaklukkan medan perkotaan hingga off-road . Dapatkan performa ekstra, taklukkan tanjakan, dan jelajahi lebih jauh. Beli sepeda online di Rodalink.com sekarang! Kenapa Polygon Sepeda Elektrik Siskiu HE Gray with Shimano D","{""Motor Shimano DU-EP600 Mid-Drive"": ""Torsi Maksimal 85NmMemberikan dorongan instan dan kuat, mengubah tanjakan terjal jadi mudah kamu taklukkan, denganpower assistyang halus dan responsif."", ""Baterai Shimano BT-EN806 Terintegrasi"": ""Kapasitas 630WhMenawarkan daya jelajah impresif hingga 150 km, memungkinkan kamu menjelajahi lebih jauh tanpa khawatir kehabisan daya."", ""Frame ALX E-SUV & Geometri Nyaman"": ""Travel120mmDirancang untuk kenyamanan di jalan dan ketangguhanoff-road, dengan posisi geometri tegak (upright geometry position) yang memberikan stabilitas dan kontrol superior di berbagai kondisi."", ""Suspensi SR Suntour Mobie 36 (130mm) & Edge Plus (120mm)"": ""Full-SuspensionOptimalMenyerap benturan dan getaran secara efektif, memastikanhandlingpresisi dan kenyamanan maksimal di berbagai kondisitraildan perkotaan."", ""Drivetrain Shimano XT Di2 1x11-speed (SW-M8150-R & RD-M8150)"": ""Perpindahan Gigi ElektronikMenyediakan perpindahan gigi yang cepat, presisi, dan mulus, dioptimalkan untukE-MTB, memastikan kamu selalu berada di gigi yang tepat dengan fitur seperti AUTO SHIFT dan FR"", ""Brand"": ""Polygon"", ""What's in the box"": ""1 x Polygon Siskiu HE Gray with Shimano Electric Bike"", ""Technology"": ""SHIFTER/BRAKE ROUTE INTERNAL, FORK FEATURES-AIR SPRING, EQUALIZER,130mm TRAVEL, OFFSET: 44mm, 3CR-PCS, REAR SHOCK FEATURES-AIR SPRING, EXTERNAL REBOUND, 2 POS COMP (OPEN/FIRM)"", ""Rentang Usia"": ""Dewasa"", ""Frame"": ""ALX E-SUV 120mm TRAVEL"", ""Fork"": ""SR SUNTOUR MOBIE 36 BOOST, ALLOY TAPER 1-1/8\"" - 1-1/2\"""", ""Rear Shock"": ""SR SUNTOUR EDGE PLUS 2CR, E2E : 190x45mm, HARDWARE : BODY:M8x40mm SHAFT:M8x25mm"", ""Shifter"": ""SHIMANO XT Di2 SW-M8150-R 11-SPEED"", ""Crank Set"": ""SHIMANO SM-CRE80-B 38T, MAX CHAIN RING : 38T, CRANK ARM : SHIMANO FC-EM600 160mm"", ""Cassette"": ""SHIMANO LINKGLIDE CS-LG400 11-SPEED 11-50T CASSETTE"", ""Rear Derailleur"": ""SHIMANO XT Di2 RD-M8150 11-SPEED"", ""Chain"": ""KMC EGLIDE 9/10/11-SPEED"", ""Saddle"": ""POLYGON VOID, STEEL ø7mm"", ""Seat Post"": ""TRANZ X JD-YSP23JL 150mm (S, M) / 170mm (L, XL) TRAVEL, D x L : 30.9 x 459mm (S, M) / 499mm (L, XL)"", ""Seat Clamp"": ""34.9mm BOLT"", ""Handlebar"": ""POLYGON EXPERT, W: 780MM, B: 31.8MM, R/D: 50MM, BEND : 9degree"", ""Handle Stem"": ""POLYGON EXPERT, E: 40mm, B: 31.8mm"", ""Head Set"": ""FSA HBS-220 W/ SEALED BEARING, ZS 44/28.6 | ZS 56/40"", ""Wheel Set"": ""XL2 TUBELESS READY"", ""Tire"": ""SCHWALBE HURRICANE F: 29\""x2.40\"" / R: 27.5\""x2.4\"" 622/584x62 ALLROUND TIRE TLE ADDIX"", ""Front Hub"": ""SHIMANO TC500 15x110mm 32H CL"", ""Rear Hub"": ""SHIMANO TC500 12x148mm 32H CL FOR CASSETTE"", ""Spokes & Nipples"": ""STAINLESS 14G NDS:294mm DS:296mm W/ 12mm BRASS NIPPLE (FRONT), STAINLESS 14G NDS:276mm DS:274mm W/ 12mm BRASS NIPPLE (REAR)"", ""Brake Lever"": ""SHIMANO BR-M420"", ""Brake"": ""SHIMANO HYDRAULIC"", ""Brake Rotor"": ""SHIMANO F: SM-RT64 203 CL / R: RT-EM600 203 CL"", ""Motor"": ""SHIMANO DU-EP600 MID MOTOR 28MPH (US CLASS 3), CONTINUOUS RATED POWER 250Watt, MAXIMUM TORQUE 85Nm"", ""Sensor"": ""SHIMANO EW-SS301 W/ 760mm CABLE"", ""Battery"": ""SHIMANO BT-EN806 FOR DOWN TUBE INTEGRATED - 630Wh (36V, 14Ah)"", ""Bike Stand"": ""STANDWELL SW-RA024JI"", ""Extras"": ""BOTTLE CAGE : ENTITY, BOTTLE : POLYGON 500ml, FENDER : SUNNY WHEEL FE-311-70E3, CARRIER : STANDWELL SW-CA666"", ""Speed"": ""1x11 Speed"", ""Speed Motor"": ""45 km/h"", ""Color"": ""Gray"", ""Genre"": ""MTB, City & Touring"", ""Wheel size"": ""29\"""", ""Weight"": ""26.5 kg (Size M)"", ""Note"": ""Spesifikasi, warna dan ketersediaan produk dapat berubah sewaktu-waktu tanpa pemberitahuan sebelumnya.""}",https://www.rodalink.com/id/polygon-sepeda-elektrik-siskiu-he-gray-with-shimano-503024.html
Sepeda,Sepeda Elektrik (E-Bike),Polygon Sepeda Elektrik Kalosi Lanes Prime,39000000,,,"Polygon Sepeda Elektrik Kalosi Lanes Prime: Solusi Commute Cerdas, Ringkas, dan Lebih Cepat Siap revolusi mobilitasmu? Polygon Sepeda Elektrik Kalosi Lanes Prime adalah E-City Bike impian para urban commuters dan pelajar. Rasakan kemudahan assist halus, desain ringkas, dan efisiensi energi di setiap perjalanan. Solusi cerdas untuk beli sepeda online yang praktis dan modern. Kenapa Polygon Sepeda Elektrik Kalosi Lanes Prime Cocok Buat Aktivitas Harianmu? Tiba di kantor tanpa keringat, menjelajahi","{""Features"": ""Frame ALX e-CITY & Fork SR Suntour Mobie 32 (75mm travel)Alloyringan,geometry uprightnyaman, meredam guncangan kota. Ideal untuksepeda elektrikharian."", ""Motor Bosch Active Line Plus BDU3340"": ""25 km/jam, 50 NmMid-drivesenyap,assistkonsisten, performa mulus di berbagai medan."", ""Drivetrain Shimano Cues RD-U6000"": ""1x11speedSimpel, responsif, perpindahan gigi presisi, minim perawatan untukE-City Bike."", ""Baterai Bosch PowerTube 625Wh"": ""Range ~80 kmTerintegrasi,rangeoptimalcommuteharian,Smart BMSuntuk efisiensi & keamanan."", ""Roda 27.5 inci & Ban Schwalbe Hurricane 2.4 inci"": ""Kelengkapan CommuterRoda tangguh,fender,rear rack, lampu terintegrasi untuk kenyamanan & keamanan."", ""Empat Mode Assist Cerdas"": ""Eco, Tour+, Auto, TurboSesuaikan tingkatassistsesuai kebutuhan jalan, termasuk fiturauto assistadaptif."", ""Brand"": ""Polygon"", ""What's in the box"": ""1 x Polygon Kalosi Lanes Prime Electric Bike"", ""Rentang Usia"": ""Dewasa"", ""Frame"": ""ALX e-CITY COMMUTING 75mm TRAVEL"", ""Fork"": ""SR SUNTOUR MOBIE 32, ALLOY TAPER 1-1/8\"" - 1-1/2\"""", ""Shifter"": ""SHIMANO CUES SL-U6000 11-SPEED TRIGGER"", ""Crank Set"": ""SAMOX P202 44T, CRANKSET - MAX CHAIN RING : 44T, CRANKSET - CRANK ARM : SAMOX EC33-F5-BNI 170mm"", ""Cassette"": ""SHIMANO CUES CS-LG400 11-SPEED 11-50T CASSETTE"", ""Rear Derailleur"": ""SHIMANO CUES RD-U6000 11-SPEED"", ""Chain"": ""KMC EGLIDE 9/10/11 SPEED"", ""Pedal"": ""ALLOY FLAT"", ""Saddle"": ""EASE, STEEL ø7mm"", ""Seat Post"": ""POLYGON XPERT, 30.9 x 300mm"", ""Seat Clamp"": ""34.9mm QR"", ""Handlebar"": ""POLYGON EXPERT, W: 700mm, B: 31.8mm, R/D: 25mm, Bend: 18degree"", ""Handle Stem"": ""ADJUSTABLE STEM, E: 75mm (S-M) 90mm (L), B: 31.8mm, R/D: 90degree"", ""Head Set"": ""INTEGRATED SEALED BEARING FOR OS HEAD TUBE, IS 52/28.6 | IS 52/40"", ""Wheel Set"": ""ALLOY DOUBLE WALL TUBELESS READY"", ""Tire"": ""SCHWALBE HURRICANE F & R: 27.5\""x2.4\"" 622/584x62 ALLROUND TIRE TLE ADDIX"", ""Front Hub"": ""STAINLESS 14G NDS:270mm DS:270mm W/ 12mm BRASS NIPPLE"", ""Rear Hub"": ""SHIMANO FH-MT200 10x141mm 32H CL FOR CASSETTE"", ""Spokes & Nipples"": ""STAINLESS 14G NDS:270mm DS:270mm W/ 12mm BRASS NIPPLE (front), STAINLESS 14G NDS:270mm DS:270mm W/ 12mm BRASS NIPPLE (rear)"", ""Brake Lever"": ""SHIMANO BL-MT401"", ""Brake"": ""SHIMANO BR-MT410 HYDRAULIC"", ""Brake Rotor"": ""SHIMANO SM-RT30 CENTERLOCK 180MM"", ""Motor"": ""BOSCH ACTIVE LINE PLUS BDU3340"", ""Sensor"": ""BOSCH RIM MAGNET"", ""Battery"": ""BOSCH POWER TUBE 625 HORIZONTAL"", ""Bike Stand"": ""STANDWELL SW-RA024JI"", ""Extras"": ""FENDER : SUNNY WHEEL FE-115, CARRIER : JHT HLYJ-J10-1"", ""Speed"": ""1x11 Speed"", ""Speed Motor"": ""32KM/H"", ""Genre"": ""City & Touring"", ""Wheel size"": ""27.5\"""", ""Note"": ""Spesifikasi, warna dan ketersediaan produk dapat berubah sewaktu-waktu tanpa pemberitahuan sebelumnya.""}",https://www.rodalink.com/id/polygon-sepeda-elektrik-kalosi-lanes-prime-503225.html
Sepeda,Sepeda Elektrik (E-Bike),Polygon Sepeda Elektrik Siskiu HE White with Shimano,44000000,38000000,,"Polygon Sepeda Elektrik Siskiu HE White with Shimano: Mobilitas Optimal, Kenyamanan Tanpa Batas Rasakan sensasi berkendara yang nyaman dan serbaguna dengan Polygon Sepeda Elektrik Siskiu HE White with Shimano . Dirancang sebagai E-SUV ideal untuk mobilitas urban dan petualangan off-road ringan, sepeda elektrik ini siap menemani perjalanan harianmu dengan power assist efisien dan daya jelajah luas. Kenapa Polygon Sepeda Elektrik Siskiu HE White with Shimano Jadi Partner Terbaik di Setiap Perjalan","{""Motor Shimano DU-EP600"": ""Torque85 NmRasakan dorongan instan dan kuat di setiap kayuhan, menaklukkan tanjakan serta medan dengan mudah."", ""Baterai Internal"": ""630 WhNikmati petualangan panjang hingga 118 km, jelajahi lebih jauh tanpa khawatir kehabisan daya."", ""Frame ALXE-SUVAlloy"": ""Travel120mmGeometri dirancang untuk kenyamanan dan stabilitas optimal di penggunaan urban danoff-roadringan."", ""Suspensi Depan & Belakang"": ""Travel120mmMenyerap benturan dan getaran, berikan traksi maksimal dan kenyamanan optimal di berbagai medan."", ""Features"": ""Drivetrain Shimano 1x10 SpeedPerpindahan gigi mulus dan presisi, dioptimalkan untuk efisiensi di setiap kondisi perjalananmu."", ""Brand"": ""Polygon"", ""What's in the box"": ""1 x Polygon Siskiu HE White with Shimano Electric Bike"", ""Technology"": ""SHIFTER/BRAKE ROUTE INTERNAL, FORK FEATURES-AIR SPRING,130mm TRAVEL, OFFSET: 51mm, W/ PRELOAD ADJUSTER,LOW SPEED REBOUND,W/ LOCK OUT, REAR SHOCK FEATURES-AIR SPRING, EXTERNAL REBOUND, 2 POS COMP (OPEN/FIRM)"", ""Rentang Usia"": ""Dewasa"", ""Frame"": ""ALX E-SUV 120mm TRAVEL"", ""Fork"": ""SR SUNTOUR XCR 34, ALLOY TAPER 1-1/8\"" – 1-1/2\"""", ""Rear Shock"": ""SR SUNTOUR EDGE PLUS 2CR, E2E : 190x45mm, HARDWARE : BODY:M8x40mm SHAFT:M8x25mm"", ""Shifter"": ""SHIMANO CUES SL-U6000-R, 1X10-SPEED TRIGGER"", ""Crank Set"": ""SHIMANO SM-CRE70-B 34T, MAX CHAIN RING : 38T, CRANK ARM : SHIMANO FC-EM600 160mm"", ""Cassette"": ""SHIMANO CUES CS-LG300-10 10-SPEED 11-48T CASSETTE"", ""Rear Derailleur"": ""SHIMANO CUES RD-U6000 10-SPEED"", ""Chain"": ""KMC EGLIDE 9/10/11-SPEED"", ""Saddle"": ""POLYGON VOID, STEEL ø7mm"", ""Seat Post"": ""TRANZ X JD-YSP23JL 150mm (S, M) / 170mm (L, XL) TRAVEL, D x L : 30.9 x 459mm (S, M) / 499mm (L, XL)"", ""Seat Clamp"": ""34.9mm BOLT"", ""Handlebar"": ""POLYGON EXPERT, W: 780MM, B: 31.8MM, R/D: 50MM, BEND : 9degree"", ""Handle Stem"": ""POLYGON EXPERT, E: 40mm, B: 31.8mm"", ""Head Set"": ""FSA HBS-220 W/ SEALED BEARING, ZS 44/28.6 | ZS 56/40"", ""Wheel Set"": ""XL2 TUBELESS READY"", ""Tire"": ""SCHWALBE HURRICANE F: 29\""x2.40\"" / R: 27.5\""x2.4\"" 622/584x62 ALLROUND TIRE TLE ADDIX"", ""Front Hub"": ""SHIMANO TC500 15x110mm 32H CL"", ""Rear Hub"": ""SHIMANO TC500 12x148mm 32H CL FOR CASSETTE"", ""Spokes & Nipples"": ""STAINLESS 14G NDS:294mm DS:296mm W/ 12mm BRASS NIPPLE (FRONT), STAINLESS 14G NDS:276mm DS:274mm W/ 12mm BRASS NIPPLE (REAR)"", ""Brake Lever"": ""SRAM CODE R"", ""Brake"": ""SRAM CODE-R HYDRAULIC"", ""Brake Rotor"": ""SHIMANO F: SM-RT64 203 CL / R: RT-EM600 203 CL"", ""Motor"": ""SHIMANO DU-EP600 MID MOTOR 25kph (EU) / 20mph (US), CONTINUOUS RATED POWER 250Watt, MAXIMUM TORQUE 85Nm"", ""Sensor"": ""SHIMANO EW-SS301 W/ 760mm CABLE"", ""Battery"": ""SHIMANO BT-EN805-L FOR DOWN TUBE INTEGRATED - 504Wh (36V, 14Ah)"", ""Bike Stand"": ""STANDWELL SW-RA024JI"", ""Extras"": ""BOTTLE CAGE : ENTITY, BOTTLE : POLYGON 500ml, FENDER : SUNNY WHEEL FE-311-70E3, CARRIER : STANDWELL SW-CA666"", ""Speed"": ""1x10 Speed"", ""Speed Motor"": ""45 km/h"", ""Color"": ""White"", ""Genre"": ""MTB, City & Touring"", ""Wheel size"": ""29\"""", ""Weight"": ""24.6 kg (Size M)"", ""Note"": ""Spesifikasi, warna dan ketersediaan produk dapat berubah sewaktu-waktu tanpa pemberitahuan sebelumnya.""}",https://www.rodalink.com/id/polygon-sepeda-elektrik-siskiu-he-white-with-shimano-503052.html
Sepeda,Sepeda Elektrik (E-Bike),Polygon Sepeda Elektrik Kalosi Lanes Evo Bosch Low Step,29500000,,,"Polygon Sepeda Elektrik Kalosi Lanes Evo Bosch Low Step: Solusi Commute Cerdas, Ringkas, dan Lebih Cepat Rasakan revolusi mobilitas urban dengan Polygon Sepeda Elektrik Kalosi Lanes Evo Bosch Low Step . Sebagai E-City Bike modern, sepeda ini pilihan sempurna bagi urban commuters , pelajar, atau kamu yang mendambakan kepraktisan harian. Nikmati assist halus, desain ringkas, mudah dibawa, dan hemat tenaga di setiap perjalanan. Beli sepeda online ini sekarang! Kenapa Polygon Sepeda Elektrik Kalosi ","{""Frame ALX Alloy Ringan"": ""Low Step Geometry & Fork Suntour XCM32 DS NLO 100mmKonstruksialloyALX kuat, ringan, desainlow stepuntuk kemudahan naik/turun.Forksuspensi Suntour XCM32 DS NLO 100mm meredam guncangan."", ""Motor Bosch Active Line Plus"": ""Baterai Bosch PowerTube 400Wh TerintegrasiMotor Bosch Active Line Plus BDU3340 senyap, responsif, berikanassistnatural. Baterai Bosch PowerTube 400Wh terintegrasi tawarkanrangehingga 180+ km."", ""Drivetrain Shimano CUES"": ""1x10-Speed SL-U6000 & RD-U6000-GSDrivetrainShimano CUES 1x10-speed memastikan perpindahan gigi mulus, andal, cocok untuk jalan kota."", ""Roda 27.5 Inci"": ""Ban Vee Speedster 2.35\"" & Rem Shimano BR-MT200 Hydraulic DiscRoda 27.5 inci berikan kelincahan, stabilitas. Ban Vee Speedster 2.35\"" tawarkan kenyamanan. Rem Shimano BR-MT200Hydraulic Disc Brakeuntuk k"", ""Empat ModeAssistCerdas"": ""Eco, Tour, Sport, TurboPilih modeassistintuitif untuk sesuaikan tingkat bantuanmu."", ""Brand"": ""Polygon"", ""What's in the box"": ""1 x Polygon Kalosi Lanes Evo Bosch Low Step Electric Bike"", ""Rentang Usia"": ""Dewasa"", ""Frame"": ""ALX TREKKING FRAME"", ""Fork"": ""SUNTOUR XCM32 DS NLO 100mm TRAVEL, STRAIGHT 1-1/8\"""", ""Shifter"": ""SHIMANO CUES SL-U6000, 1x10-SPEED TRIGGER"", ""Crank Set"": ""SAMOX EC33-F5 P202, 44T, MAX CHAIN RING : 44T, CRANK ARM : SAMOX EC33-F5-BNI, 170mm"", ""Cassette"": ""SHIMANO CS-LG300-10, 11-48T"", ""Rear Derailleur"": ""SHIMANO CUES RD-U6000-GS DIRECT ATTACH"", ""Chain"": ""KMC EGLIDE"", ""Pedal"": ""PP PEDALS W/ REFLECTOR"", ""Saddle"": ""LINC EASE, STEEL ø7mm"", ""Seat Post"": ""POLYGON EXPERT ALLOY, D x L: 30.9x300mm, OFFSET : 4mm"", ""Seat Clamp"": ""34.9mm W/ QR"", ""Handlebar"": ""POLYGON EXPERT ALLOY, W:700mm, BB:31.8mm, R/D: 25mm, BEND: 18degree"", ""Handle Stem"": ""POLYGON EXPERT ALLOY, EXT:60mm (S) / 80mm (M, L), BB: 31.8mm, R/D: 7degree"", ""Head Set"": ""ZERO STACK (ZS) SEMI INTEGRATED SEALED BEARING FOR TAPER H/T, ZS 44/28.6 | ZS 56/30"", ""Wheel Set"": ""ALLOY DOUBLE WALL FOR DISC BRAKE"", ""Tire"": ""VEE SPEEDSTER 27.5\""x2.35\"" (584-60)"", ""Front Hub"": ""JOYTECH D761DSE QRx100mm 32H CENTERLOCK"", ""Rear Hub"": ""JOYTECH D142TSE QRx141mm 32H CENTERLOCK FOR CASSETTE SPROCKET"", ""Spokes & Nipples"": ""F: STAINLESS J-BEND 14G NDS:270mm DS:270mm, R: STAINLESS J-BEND 14G NDS:270mm DS:270mm"", ""Brake Lever"": ""SHIMANO BL-MT200"", ""Brake"": ""SHIMANO BR-MT200 HYDRAULIC DISC BRAKE"", ""Brake Rotor"": ""SHIMANO SM-RT10, 180mm CENTER LOCK"", ""Motor"": ""BOSCH ACTIVE LINE PLUS BDU3340"", ""Sensor"": ""BOSCH RIM MAGNET"", ""Battery"": ""BOSCH POWER PACK 545 HORIZONTAL"", ""Extras"": ""BATTERY LOCK : ABUS FOR BOSCH DOWN TUBE TYPE BATERY, DROPOUT : 733072"", ""Speed"": ""1x10 Speed"", ""Speed Motor"": ""32 km/h"", ""Genre"": ""City & Touring"", ""Wheel size"": ""27.5\"""", ""Weight"": ""17.4 kg"", ""Note"": ""Spesifikasi, warna dan ketersediaan produk dapat berubah sewaktu-waktu tanpa pemberitahuan sebelumnya.""}",https://www.rodalink.com/id/polygon-sepeda-elektrik-kalosi-lanes-evo-bosch-low-step-503426.html
Sepeda,Sepeda Elektrik (E-Bike),Polygon Sepeda Elektrik Kalosi Lanes Evo Bosch High Step,29500000,,,"Polygon Sepeda Elektrik Kalosi Lanes Evo Bosch High Step: Solusi Commute Cerdas, Ringkas, dan Lebih Cepat Rasakan revolusi mobilitas perkotaan dengan Polygon Sepeda Elektrik Kalosi Lanes Evo Bosch High Step . Dirancang untuk urban commuters dan pelajar, E-City Bike ini menawarkan assist halus, desain ringkas, serta kemudahan penyimpanan. Solusi cerdas untuk perjalanan harianmu yang lebih cepat dan hemat tenaga. Kenapa Polygon Sepeda Elektrik Kalosi Lanes Evo Bosch High Step Cocok Buat Aktivitas ","{""Frame ALXTrekking"": ""GeometriUprightNikmati kenyamanan maksimal dengan posisi berkendara tegak, mengurangi lelah dan tingkatkan visibilitas di kota."", ""SistemDrivetrainShimano CUES 1x10-Speed"": ""Rem Cakram Hidrolik Shimano BR-MT201Perpindahan gigi presisi dan pengereman andal untuk segala kondisi jalan, dari tanjakan hingga datar."", ""Motor BoschMid-Drive"": ""Bosch Active Line Plus BDU3340Pedal assistresponsif hingga 32 km/jam, ubah tanjakan jadi datar, perjalanan jauh lebih ringan."", ""Baterai BoschIntegrated"": ""Bosch PowerTube 625 HorizontalJangkauan optimal 180+ km, terintegrasi rapi, tampilan bersih, dan perlindungan ekstra."", ""Fork Suspensi Suntour XCM32"": ""Travel 100mm & Roda 27.5 inciRedam guncangan jalanan kota, stabilitas superior denganwheelset Alloy Double Walldan banSchwalbe."", ""FiturCommute-FriendlyLengkap"": ""Fender,Rear Rack, Lampu TerintegrasiSiap hadapi segala cuaca dan bawa barang bawaan dengan mudah."", ""Brand"": ""Polygon"", ""What's in the box"": ""1 x Polygon Kalosi Lanes Evo Bosch High Step Electric Bike"", ""Rentang Usia"": ""Dewasa"", ""Frame"": ""ALX TREKKING FRAME"", ""Fork"": ""SUNTOUR XCM32 DS NLO 100mm TRAVEL, STRAIGHT 1-1/8\"""", ""Shifter"": ""SHIMANO CUES SL-U6000, 1x10-SPEED TRIGGER"", ""Crank Set"": ""SAMOX EC33-F5 P202, 44T, MAX CHAIN RING : 44T, CRANK ARM : SAMOX EC33-F5-BNI, 170mm"", ""Cassette"": ""SHIMANO CS-LG300-10, 11-48T"", ""Rear Derailleur"": ""SHIMANO CUES RD-U6000-GS DIRECT ATTACH"", ""Chain"": ""KMC EGLIDE"", ""Pedal"": ""PP PEDALS W/ REFLECTOR"", ""Saddle"": ""LINC EASE, STEEL ø7mm"", ""Seat Post"": ""POLYGON EXPERT ALLOY, D x L: 30.9x300mm, OFFSET : 4mm"", ""Seat Clamp"": ""34.9mm W/ QR"", ""Handlebar"": ""POLYGON EXPERT ALLOY, W:700mm, BB:31.8mm, R/D: 25mm, BEND: 18degree"", ""Handle Stem"": ""POLYGON EXPERT ALLOY, EXT:60mm (S) / 80mm (M, L), BB: 31.8mm, R/D: 7degree"", ""Head Set"": ""ZERO STACK (ZS) SEMI INTEGRATED SEALED BEARING FOR TAPER H/T, ZS 44/28.6 | ZS 56/30"", ""Wheel Set"": ""ALLOY DOUBLE WALL FOR DISC BRAKE"", ""Tire"": ""VEE SPEEDSTER 27.5\""x2.35\"" (584-60)"", ""Front Hub"": ""JOYTECH D761DSE QRx100mm 32H CENTERLOCK"", ""Rear Hub"": ""JOYTECH D142TSE QRx141mm 32H CENTERLOCK FOR CASSETTE SPROCKET"", ""Spokes & Nipples"": ""F: STAINLESS J-BEND 14G NDS:270mm DS:270mm, R: STAINLESS J-BEND 14G NDS:270mm DS:270mm"", ""Brake Lever"": ""SHIMANO BL-MT200"", ""Brake"": ""SHIMANO BR-MT200 HYDRAULIC DISC BRAKE"", ""Brake Rotor"": ""SHIMANO SM-RT10, 180mm CENTER LOCK"", ""Motor"": ""BOSCH ACTIVE LINE PLUS BDU3340"", ""Sensor"": ""BOSCH RIM MAGNET"", ""Battery"": ""BOSCH POWER PACK 545 HORIZONTAL"", ""Extras"": ""BATTERY LOCK : ABUS FOR BOSCH DOWN TUBE TYPE BATERY, DROPOUT : 733072"", ""Speed"": ""1x10 Speed"", ""Speed Motor"": ""32 km/h"", ""Genre"": ""City & Touring"", ""Wheel size"": ""27.5\"""", ""Weight"": ""17.4 kg"", ""Note"": ""Spesifikasi, warna dan ketersediaan produk dapat berubah sewaktu-waktu tanpa pemberitahuan sebelumnya.""}",https://www.rodalink.com/id/polygon-sepeda-elektrik-kalosi-lanes-evo-bosch-high-step-503425.html
Sepeda,Sepeda Elektrik (E-Bike),Polygon Sepeda Elektrik Kalosi Lanes Evo Shimano High Step,24000000,,,"Polygon Sepeda Elektrik Kalosi Lanes Evo Shimano High Step: Solusi Commute Cerdas, Tangguh, dan Lebih Cepat Siap merasakan revolusi mobilitas urban? Polygon Sepeda Elektrik Kalosi Lanes Evo Shimano High Step adalah E-City Bike ideal untuk urban commuters dan kamu yang mencari solusi commute cerdas. Nikmati assist halus, desain tangguh, serta efisiensi energi maksimal. Ini bukan sekadar sepeda, ini gaya hidup baru! Kenapa Polygon Sepeda Elektrik Kalosi Lanes Evo Shimano High Step Cocok Buat Aktiv","{""Frame Material"": ""ALX Alloy Trekking FramePosisiuprightnyaman, kurangi lelah, visibilitas meningkat di perkotaan. Ideal untuksepeda kotaharianmu."", ""Drivetrain"": ""Shimano Deore 10-SpeedPerpindahan gigi presisi, responsif, cocok lalu lintas kota dan medan bervariasi. Performadrivetrainhandal."", ""Motor"": ""SHIMANO DU-E5000 MID MOTOR, CONTINUOUS RATED POWER 250Watt, MAXIMUM TORQUE 40Nm"", ""Baterai"": ""Shimano BT-E8014 418Wh dengan Smart BMSJangkauan hingga 120 km untukcommuteharian. Baterai cerdas tahan benturan dan air, daya tahan optimal."", ""Ukuran Roda"": ""27.5 inciStabilitas dan kenyamanan superior di jalanan kota. Mudah bermanuver, tangguh di berbagai permukaan, cocoksepeda urban."", ""Mode Assist"": ""3 Pilihan (Eco, Normal, High)Sesuaikan tingkat bantuan sesuai kebutuhanmu, dari efisiensi hingga dorongan maksimal. Kontrol penuh di tanganmu."", ""Brand"": ""Polygon"", ""What's in the box"": ""1 x Polygon Kalosi Lanes Evo High Step Electric Bike"", ""Rentang Usia"": ""Dewasa"", ""Frame"": ""ALX TREKKING FRAME"", ""Fork"": ""SUNTOUR XCM32 HLO 100mm TRAVEL, STRAIGHT 1-1/8\"""", ""Shifter"": ""SHIMANO CUES SL-U6000 1x10-SPEED TRIGGER"", ""Crank Set"": ""SHIMANO FC-E5010 W/ SM-CRE50 44T CL:46.5mm W/ DOUBLE CG, MAX CHAIN RING : 44T, CRANK ARM : 165mm (S, M) / 170mm (L)"", ""Cassette"": ""SHIMANO CS-LG300-10 11-48T"", ""Rear Derailleur"": ""SHIMANO CUES RD-U6000-GS DIRECT ATTACH"", ""Bottom Bracket"": ""SHIMANO DU-E5000 DRIVE UNIT"", ""Chain"": ""SHIMANO CN-LG500"", ""Pedal"": ""PP PEDALS W/ REFLECTOR"", ""Saddle"": ""LINC EASE, STEEL ø7mm"", ""Seat Post"": ""POLYGON EXPERT ALLOY, D x L : 30.9 x 300mm, OFFSET : 4mm"", ""Seat Clamp"": ""34.9mm W/ QR"", ""Handlebar"": ""POLYGON EXPERT ALLOY, W: 700mm, BB: 31.8mm, R/D: 25mm, BEND : 18degree"", ""Handle Stem"": ""POLYGON XPERT ALLOY,  EXT: 60mm (S) / 80mm (M, L), BB: 31.8mm, R/D: 7degree"", ""Head Set"": ""ZERO STACK (ZS) SEMI INTEGRATED SEALED BEARING FOR TAPER H/T, ZS 44/28.6 | ZS 56/30"", ""Wheel Set"": ""ALLOY DOUBLE WALL FOR DISC BRAKE"", ""Tire"": ""SCHWALBE SUPER MOTO-X 27.5\""x2.40\"" (584-62)"", ""Front Hub"": ""JOYTECH D761DSE QRx100mm 32H CENTERLOCK"", ""Rear Hub"": ""JOYTECH D762DSE QRx135mm 32H CENTERLOCK FOR CASSETTE SPROCKET"", ""Spokes & Nipples"": ""F: STAINLESS J-BEND 14G NDS:270mm DS:270mm, R:STAINLESS J-BEND 14G NDS:270mm DS:270mm"", ""Brake Lever"": ""SET WITH ABOVE"", ""Brake"": ""SHIMANO BR-MT201 HYDRAULIC DISC BRAKE"", ""Brake Rotor"": ""SHIMANO F:SM-RT10 R:RT-EM600 180mm CENTER LOCK"", ""Sensor"": ""SHIMANO SM-DUE11 FOR REAR ROTOR WITH MAGNET BRACKET"", ""Battery"": ""SHIMANO BT-E8010 FOR DOWN TUBE - 504Wh (36V, 14Ah)"", ""Extras"": ""BATTERY LOCK : ABUS RH 37196-7 FOR SHIMANO DOWN TUBE TYPE BATERY, BATTERY MOUNT : SHIMANO BM-E8016 FOR DOWN TUBE, CHARGER : SHIMANO EC-E6002 COMPATIBLE VOLTAGE 100V-240V AC, 50-60Hz OUTPUT 42V DC, 1.8A, CHARGER CABLES, ELECTRIC WIRE, CYCLE COMPUTER , ASSI"", ""Speed"": ""1x10 Speed"", ""Speed Motor"": ""32 km/h"", ""Genre"": ""City & Touring"", ""Wheel size"": ""27.5\"""", ""Note"": ""Spesifikasi, warna dan ketersediaan produk dapat berubah sewaktu-waktu tanpa pemberitahuan sebelumnya.""}",https://www.rodalink.com/id/polygon-sepeda-elektrik-kalosi-lanes-evo-high-step-503298.html
Sepeda,Sepeda Elektrik (E-Bike),Polygon Sepeda Elektrik Kalosi Lanes Evo Shimano Low Step,24000000,,,"Polygon Sepeda Elektrik Kalosi Lanes Evo Shimano Low Step: Solusi Commute Cerdas, Ringkas, dan Lebih Cepat Siap revolusi mobilitasmu? Polygon Sepeda Elektrik Kalosi Lanes Evo Shimano Low Step adalah solusi cerdas untuk urban commuters dan pelajar. Sebagai E-City Bike modern, nikmati assist halus, desain ringkas, dan hemat tenaga. Dapatkan pengalaman berkendara terbaik, beli sepeda online di Rodalink.com sekarang! Kenapa Polygon Sepeda Elektrik Kalosi Lanes Evo Shimano Low Step Cocok Buat Aktivit","{""Features"": ""Frame ALX Trekking Alloy & GeometriUprightRingan, kuat, dan dirancang untuk posisi berkendara ergonomis, mengurangi kelelahan saat perjalanan jauh. | Shimano CUES RD-U6000-GS 1x10-speed DrivetrainDrivetrainresponsif dengan perpindahan gigi presisi, ideal untuk berbagai kondisi lalu lintas perkotaan. | Motor Shimano STEPS DU-E5000 Mid MotorMemberikanassistsenyap dan responsif (250 Watt, 40 Nm), membuat tanjakan terasa ringan dan perjalanan lebih menyenangkan. | Baterai Shimano BT-E8010 504Wh denganSmart BMSKapasitas optimal untuk jangkauan harian hingga 185 km, dilengkapiBattery Management Systemcerdas untuk efisiensi dan daya tahan baterai. | Roda 27.5 Inci & Fork Suntour XCM32 HLOUkuran roda stabil dan lincah, mudah bermanuver di ruang sempit, serta praktis disimpan. Dilengkapifork100mm untuk kenyamanan ekstra. | 3 ModeAssist(Eco, Normal, High)Pilih tingkat bantuan daya sesuai kebutuhanmu, dari efisiensi maksimal hingga dorongan performa penuh."", ""Brand"": ""Polygon"", ""What's in the box"": ""1 x Polygon Kalosi Lanes Evo Low Step Electric Bike"", ""Rentang Usia"": ""Dewasa"", ""Frame"": ""ALX TREKKING FRAME"", ""Fork"": ""SUNTOUR XCM32 HLO 100mm TRAVEL, STRAIGHT 1-1/8\"""", ""Shifter"": ""SHIMANO CUES SL-U6000 1x10-SPEED TRIGGER"", ""Crank Set"": ""SHIMANO FC-E5010 W/ SM-CRE50 44T CL:46.5mm W/ DOUBLE CG, MAX CHAIN RING : 44T, CRANK ARM : 165mm (S, M) / 170mm (L)"", ""Cassette"": ""SHIMANO CS-LG300-10 11-48T"", ""Rear Derailleur"": ""SHIMANO CUES RD-U6000-GS DIRECT ATTACH"", ""Bottom Bracket"": ""SHIMANO DU-E5000 DRIVE UNIT"", ""Chain"": ""SHIMANO CN-LG500"", ""Pedal"": ""PP PEDALS W/ REFLECTOR"", ""Saddle"": ""LINC EASE, STEEL ø7mm"", ""Seat Post"": ""POLYGON EXPERT ALLOY, D x L : 30.9 x 300mm, OFFSET : 4mm"", ""Seat Clamp"": ""34.9mm W/ QR"", ""Handlebar"": ""POLYGON EXPERT ALLOY, W: 700mm, BB: 31.8mm, R/D: 25mm, BEND : 18degree"", ""Handle Stem"": ""POLYGON XPERT ALLOY,  EXT: 60mm (S) / 80mm (M, L), BB: 31.8mm, R/D: 7degree"", ""Head Set"": ""ZERO STACK (ZS) SEMI INTEGRATED SEALED BEARING FOR TAPER H/T, ZS 44/28.6 | ZS 56/30"", ""Wheel Set"": ""ALLOY DOUBLE WALL FOR DISC BRAKE"", ""Tire"": ""SCHWALBE SUPER MOTO-X 27.5\""x2.40\"" (584-62)"", ""Front Hub"": ""JOYTECH D761DSE QRx100mm 32H CENTERLOCK"", ""Rear Hub"": ""JOYTECH D762DSE QRx135mm 32H CENTERLOCK FOR CASSETTE SPROCKET"", ""Spokes & Nipples"": ""F: STAINLESS J-BEND 14G NDS:270mm DS:270mm, R:STAINLESS J-BEND 14G NDS:270mm DS:270mm"", ""Brake Lever"": ""SET WITH ABOVE"", ""Brake"": ""SHIMANO BR-MT201 HYDRAULIC DISC BRAKE"", ""Brake Rotor"": ""SHIMANO F:SM-RT10 R:RT-EM600 180mm CENTER LOCK"", ""Motor"": ""SHIMANO DU-E5000 MID MOTOR, CONTINUOUS RATED POWER 250Watt, MAXIMUM TORQUE 40Nm"", ""Sensor"": ""SHIMANO SM-DUE11 FOR REAR ROTOR WITH MAGNET BRACKET"", ""Battery"": ""SHIMANO BT-E8010 FOR DOWN TUBE - 504Wh (36V, 14Ah)"", ""Extras"": ""BATTERY LOCK : ABUS RH 37196-7 FOR SHIMANO DOWN TUBE TYPE BATERY, BATTERY MOUNT : SHIMANO BM-E8016 FOR DOWN TUBE, CHARGER : SHIMANO EC-E6002 COMPATIBLE VOLTAGE 100V-240V AC, 50-60Hz OUTPUT 42V DC, 1.8A, CHARGER CABLES, ELECTRIC WIRE, CYCLE COMPUTER , ASSI"", ""Speed"": ""1x10 Speed"", ""Speed Motor"": ""32 km/h"", ""Genre"": ""City & Touring"", ""Wheel size"": ""27.5\"""", ""Note"": ""Spesifikasi, warna dan ketersediaan produk dapat berubah sewaktu-waktu tanpa pemberitahuan sebelumnya.""}",https://www.rodalink.com/id/polygon-sepeda-elektrik-kalosi-lanes-evo-low-step-503299.html
Sepeda,Sepeda Elektrik (E-Bike),Polygon Sepeda Elektrik Kalosi Lanes Evo Mid Step 2022,21500000,,,"Best Way To Experience Home Get You Around An urban bike supported with electric pedal assistance system components. Hadirnya Polygon Sepeda E-Bike Urban Kalosi Lanes Evo mid step, dengan mudah membawa Anda dari tempat A ke tempat B, membawa Anda untuk beraktifitas lebih cepat dan mudah mengatur pernafasan pada saat bersepeda. Sepeda listrik ini dilengkapi dengan fork suspensi untuk memberikan pengalaman bersepeda yang mulus dan melaju lebih cepat dengan sistem bantuan pedal terbaru kami, sehing","{""Features"": ""Built for ridersKalosi Lanes Evo mid-stephadir dengan frame mid-step untuk memberikan Anda kenyamanan optimal. | Double youSistem pedal assist akan memudahkan Anda bersepeda hingga maksimum 32 km/jam dengan variasi bantuan. Nikmati perbukitan datar dan jalan beraspal mulus hingga jangkauan 185 km mil saat batera | Mudah dikendarai dan dirawatAdanya water resistant, pengendara tidak perlu khawatir saat hujan atau melewati genangan air."", ""Brand"": ""Polygon"", ""What's in the box"": ""1 x Polygon Kalosi Lanes Evo Mid Step Electric Bike"", ""Technology"": ""ALX Trekking Frame, Internal Routing, Fork Coil Preload Adjuster, Hydraulic Lockout"", ""Rentang Usia"": ""Dewasa"", ""Frame"": ""ALX TREKKING FRAME, HEAD TUBE I.D. : 44/56mm, DISC BRAKE IS 160mm, HUB SPACING : QRx135mm"", ""Fork"": ""SUNTOUR XCM HLO 100mm TRAVEL , STEERER : STRAIGHT 1-1/8\"",  DISC BRAKE POST MOUNT 160mm, HUB SPACING : QR/NUTx100mm"", ""Shifter"": ""SHIMANO DEORE SL-M5130-R 10-SPEED TRIGGER"", ""Crank Set"": ""SHIMANO FC-E5010 W/ SM-CRE50 44T CL:46.5mm W/ DOUBLE CG, CRANK ARM : 165mm (S, M)"", ""Cassette"": ""SHIMANO CS-LG400-10 11-43T"", ""Rear Derailleur"": ""SHIMANO DEORE RD-M5130-GS DIRECT ATTACH"", ""Bottom Bracket"": ""SHIMANO DU-E5000 DRIVE UNIT"", ""Chain"": ""SHIMANO CN-LG500"", ""Pedal"": ""PP PEDALS W/ REFLECTOR"", ""Saddle"": ""ENTITY SADDLE, RAIL : STEEL 7mm"", ""Seat Post"": ""ENTITY EXPERT ALLOY,30.9 x 300mm"", ""Seat Clamp"": ""34.9mm W/ QR"", ""Handlebar"": ""ENTITY EXPERT ALLOY, 700,31.8 , 25 (mm) BEND : 18degree"", ""Handle Stem"": ""ENTITY XPERT ALLOY, EXTENSION : 60mm (S) / 80MM (M, L), BAR BORE : 31.8mm, RISE / DROP : 7degree"", ""Head Set"": ""ZERO STACK (ZS) SEMI INTEGRATED BEARING FOR TAPER HEAD TUBE, ZS 44/28.6 | ZS 56/30"", ""Wheel Set"": ""ALLOY DOUBLE WALL FOR DISC BRAKE"", ""Tire"": ""SCHWALBE SUPER MOTO-X 27.5\""x2.40\"" (584-62)"", ""Front Hub"": ""F: SHIMANO HB-TX505 QRx100mm 32H CENTERLOCK"", ""Rear Hub"": ""R: SHIMANO FH-TX505 QRx135mm 32H CENTERLOCK"", ""Brake Lever"": ""SHIMANO BL-MT201 HYDRAULIC DISC BRAKE"", ""Brake"": ""SHIMANO BR-MT201 HYDRAULIC DISC BRAKE, SHIMANO F:SM-RT10 R:RT-EM600 180mm CENTER LOCK"", ""Brake Rotor"": ""180MM CENTER LOCK"", ""Motor"": ""SHIMANO STEPS DU-E5000 FOR 32KM/H"", ""Sensor"": ""SHIMANO SM-DUE11"", ""Battery"": ""SHIMANO BT-E8010"", ""Speed"": ""1x10 Speed"", ""Genre"": ""City & Touring"", ""Wheel size"": ""27.5\"""", ""Weight"": ""14.2 kg"", ""Note"": ""Spesifikasi, warna dan ketersediaan produk dapat berubah sewaktu-waktu tanpa pemberitahuan sebelumnya.""}",https://www.rodalink.com/id/polygon-kalosi-lanes-evo-mid-step-urban-e-bike-502797.html
Sepeda,Sepeda Elektrik (E-Bike),Polygon Sepeda Elektrik Kalosi Lanes Evo High Step 2022,21500000,,,"Best Way To Experience Home Get You Around An urban bike supported with electric pedal assistance system components. Hadirnya Polygon Sepeda E-Bike Urban Kalosi Lanes Evo high-step, dengan mudah membawa Anda dari tempat A ke tempat B, membawa Anda untuk beraktifitas lebih cepat dan mudah mengatur pernafasan pada saat bersepeda. Sepeda listrik ini dilengkapi dengan fork suspensi untuk memberikan pengalaman bersepeda yang mulus dan melaju lebih cepat dengan sistem bantuan pedal terbaru kami, sehin","{""Features"": ""Built for ridersKalosi Lanes Evo high-stephadir dengan frame high-stepdan frame low-stepuntuk memberikan Anda kenyamanan optimal. | Double youSistem pedal assist akan memudahkan Anda bersepeda hingga maksimum 32 km/jam dengan variasi bantuan. Nikmati perbukitan datar dan jalan beraspal mulus hingga jangkauan 185 km mil saat batera | Mudah dikendarai dan dirawatAdanya water resistant, pengendara tidak perlu khawatir saat hujan atau melewati genangan air. | Cocok digunakan disegala kondisiFork yang bersuspensi untuk memperlancar perjalanan, dan Hydraulic Disc Brakes yang memungkinkan Anda merasakan performa pengereman yang mulus dan bertenaga."", ""Brand"": ""Polygon"", ""What's in the box"": ""1 x Polygon Kalosi Lanes Evo High Step Electric Bike"", ""Technology"": ""ALX Trekking Frame, Internal Routing, Fork Coil Preload Adjuster, Hydraulic Lockout"", ""Rentang Usia"": ""Dewasa"", ""Frame"": ""ALX TREKKING FRAME, HEAD TUBE I.D. : 44/56mm, DISC BRAKE IS 160mm, HUB SPACING : QRx135mm"", ""Fork"": ""SUNTOUR XCM HLO 100mm TRAVEL , STEERER : STRAIGHT 1-1/8\"",  DISC BRAKE POST MOUNT 160mm, HUB SPACING : QR/NUTx100mm"", ""Shifter"": ""SHIMANO DEORE SL-M5130-R 10-SPEED TRIGGER"", ""Crank Set"": ""SHIMANO FC-E5010 W/ SM-CRE50 44T CL:46.5mm W/ DOUBLE CG, CRANK ARM : 165mm (S, M) / 170mm (L)"", ""Cassette"": ""SHIMANO CS-LG400-10 11-43T"", ""Rear Derailleur"": ""SHIMANO DEORE RD-M5130-GS DIRECT ATTACH"", ""Bottom Bracket"": ""SHIMANO DU-E5000 DRIVE UNIT"", ""Chain"": ""SHIMANO CN-LG500"", ""Pedal"": ""PP PEDALS W/ REFLECTOR"", ""Saddle"": ""ENTITY SADDLE, RAIL : STEEL 7mm"", ""Seat Post"": ""ENTITY EXPERT ALLOY,30.9 x 300mm"", ""Seat Clamp"": ""34.9mm W/ QR"", ""Handlebar"": ""ENTITY EXPERT ALLOY, 700,31.8 , 25 (mm) BEND : 18degree"", ""Handle Stem"": ""ENTITY XPERT ALLOY, EXTENSION : 60mm (S) / 80MM (M, L), BAR BORE : 31.8mm, RISE / DROP : 7degree"", ""Head Set"": ""ZERO STACK (ZS) SEMI INTEGRATED BEARING FOR TAPER HEAD TUBE, ZS 44/28.6 | ZS 56/30"", ""Wheel Set"": ""ALLOY DOUBLE WALL FOR DISC BRAKE"", ""Tire"": ""SCHWALBE SUPER MOTO-X 27.5\""x2.40\"" (584-62)"", ""Front Hub"": ""F: SHIMANO HB-TX505 QRx100mm 32H CENTERLOCK"", ""Rear Hub"": ""R: SHIMANO FH-TX505 QRx135mm 32H CENTERLOCK"", ""Brake Lever"": ""SHIMANO BR-MT201 HYDRAULIC DISC BRAKE"", ""Brake"": ""SHIMANO BR-MT201 HYDRAULIC DISC BRAKE"", ""Brake Rotor"": ""SHIMANO F:SM-RT10 R:RT-EM600 180mm CENTER LOCK"", ""Motor"": ""SHIMANO DU-E5000 DRIVE UNIT 32KM/H"", ""Sensor"": ""SHIMANO SM-DUE11"", ""Battery"": ""SHIMANO BT-E8010"", ""Speed"": ""1x10 Speed"", ""Genre"": ""City & Touring"", ""Wheel size"": ""27.5\"""", ""Weight"": ""19.6 kg (S)/ 19.8 (M/L)"", ""Note"": ""Spesifikasi, warna dan ketersediaan produk dapat berubah sewaktu-waktu tanpa pemberitahuan sebelumnya.""}",https://www.rodalink.com/id/polygon-kalosi-lanes-evo-high-step-urban-e-bike-502796.html
Sepeda,Sepeda Elektrik (E-Bike),Polygon Sepeda Elektrik Kalosi Miles Low Step,18000000,,,"Polygon Sepeda Elektrik Kalosi Miles Low Step: Solusi Commute Cerdas, Ringkas, dan Lebih Cepat Jelajahi kota dengan Polygon Sepeda Elektrik Kalosi Miles Low Step , solusi cerdas untuk urban commuters dan pelajar. Sebagai E-City Bike modern, sepeda ini menawarkan assist halus, desain ringkas, dan efisiensi energi. Dapatkan pengalaman berkendara terbaik, beli sepeda elektrik ini sekarang di Rodalink.com! Kenapa Polygon Sepeda Elektrik Kalosi Miles Low Step Cocok Buat Aktivitas Harianmu? Bayangkan ","{""Frame"": ""ALX URBAN-COMMUTING"", ""Drivetrain"": ""Shimano CUES 1x9 SpeedSistem penggerak efisien dengan 9 pilihan kecepatan, perpindahan halus, minim perawatan untuksepeda elektrikkamu."", ""Motor Belakang"": ""Bafang 36V 250WMemberikanassistsenyap dan halus, membuat tanjakan terasa rata, perjalanan jauh lebih ringan."", ""Baterai"": ""Greenway ZZ618 520Wh dengan Smart BMSKapasitas optimal hingga 120 km untukcommuteharianmu, daya tahan dan keamanan baterai terjamin."", ""Roda"": ""29 Inci (700C)Ukuran roda stabil, lincah, responsif, mudah dikendalikan di lalu lintas kota, cocok berbagai medan."", ""Mode Assist"": ""5 PilihanPilih tingkat bantuan tenaga sesuai kebutuhanmu, dariecountuk efisiensi hinggapoweruntuk akselerasi cepat."", ""Brand"": ""Polygon"", ""What's in the box"": ""1 x Polygon Kalosi Miles Low Step Electric Bike"", ""Rentang Usia"": ""Dewasa"", ""Fork"": ""SR SUNTOUR SF20-NEX 63mm TRAVEL"", ""Shifter"": ""SHIMANO CUES SL-U4010-R, 1x9-SPEED TRIGGER"", ""Crank Set"": ""PROWHEEL EB01-PRO44A-S3 BK 44TX170MM"", ""Cassette"": ""SHIMANO CUES CS-LG300-9 9-SPEED 11-46T CASSETTE"", ""Rear Derailleur"": ""SHIMANO CUES RD-U4000 9-SPEED"", ""Bottom Bracket"": ""BAFANG SR PA21.32.ST FOR BB SHELL 68MM (TORQUE SENSOR)"", ""Chain"": ""KMC EGLIDE 9/10/11-SPEED"", ""Pedal"": ""ONE PIECE PP FLAT"", ""Saddle"": ""LINC EASE, STEEL ø7mm"", ""Seat Post"": ""POLYGON SPORT, DxL: 30.9 x 350mm"", ""Seat Clamp"": ""34.9mm QR TYPE"", ""Handlebar"": ""POLYGON SPORT, W: 680mm, BB: 31.8mm, B: 6degree"", ""Handle Stem"": ""POLYGON SPORT (ADJUSTABLE), EXT: 75mm, BB: 31.8mm"", ""Head Set"": ""TOKEN TK-1566RZM, ZS 56/28.6 | ZS 56/30"", ""Wheel Set"": ""ALLOY DOUBLE WALL H:18mm W: 21mm 622-18 36H FOR TYRE 622-20/54"", ""Tire"": ""URBAN PERFORMANCE 700C"", ""Front Hub"": ""ALLOY 9x100mm 36H 6B"", ""Rear Hub"": ""BAFANG DC MOTOR 36V 250W 6B"", ""Spokes & Nipples"": ""F: 14G STAINLESS NDS:284mm DS:286mm W/ 12mm BRASS NIPPLE / R: 13G STAINLESS NDS:248mm DS:248mm W/ 13mm BRASS NIPPLE"", ""Brake Lever"": ""SHIMANO MT200"", ""Brake"": ""SHIMANO MT200 HYDRAULIC DISC"", ""Brake Rotor"": ""SHIMANO RT26, 180MM"", ""Motor"": ""BAFANG REAR MOTOR DC MOTOR 36V 250W"", ""Sensor"": ""(TORQUE SENSOR) BAFANG SR PA21.32.ST"", ""Battery"": ""GREENWAY ZZ618 520Wh LG21700 3PIN M6.6"", ""Speed"": ""1x9 Speed"", ""Speed Motor"": ""32 km/h with 5 assist variations"", ""Genre"": ""City & Touring"", ""Wheel size"": ""700C"", ""Note"": ""Spesifikasi, warna dan ketersediaan produk dapat berubah sewaktu-waktu tanpa pemberitahuan sebelumnya.""}",https://www.rodalink.com/id/polygon-sepeda-elektrik-kalosi-miles-low-step-503282.html
Sepeda,Sepeda Elektrik (E-Bike),Polygon Sepeda Elektrik Kalosi Miles High Step,18000000,,,"Polygon Sepeda Elektrik Kalosi Miles High Step: Solusi Commute Cerdas, Ringkas, dan Lebih Cepat Rasakan revolusi mobilitas urban dengan Polygon Sepeda Elektrik Kalosi Miles High Step ! Sebagai E-City Bike hybrid terbaik, sepeda ini dirancang untuk urban commuters dan pelajar. Nikmati assist halus, desain ringkas, mudah dibawa, dan hemat tenaga di setiap perjalanan. Siap beli sepeda online di toko sepeda terpercaya? Kenapa Polygon Sepeda Elektrik Kalosi Miles High Step Cocok Buat Aktivitas Harian","{""Frame"": ""ALX URBAN-COMMUTING"", ""Fork Suspensi"": ""SR Suntour SF20-NEX (63mm Travel)Serap guncangan jalanan, kenyamanan ekstra, berkendara mulus di kota."", ""Drivetrain"": ""Shimano CUES 1x9 SpeedSederhana, efisien, perpindahan gigi mulus di lalu lintas kota."", ""MotorRear Hub"": ""Bafang Senyap 250WAssistresponsif, tak terdengar, perjalananmu terasa alami dan menyenangkan."", ""BateraiIntegrated"": ""Greenway 520Wh (120 km Jangkauan)Jangkauan optimal 120 km,Smart BMSuntuk daya tahan dan keamanan."", ""Roda"": ""29 Inci (700C) & Ban Schwalbe Smart Sam 29\""x1.75\""Kelincahan, manuver mudah, stabilitas, melaju lebih cepat di jalanan padat."", ""ModePedal Assist"": ""5 Pilihan (hingga 32 km/jam)Pilih bantuan daya sesuai kebutuhanmu, efisiensi atau kecepatan ekstra."", ""Brand"": ""Polygon"", ""What's in the box"": ""1 x Polygon Kalosi Miles High Step Electric Bike"", ""Rentang Usia"": ""Dewasa"", ""Fork"": ""SR SUNTOUR SF20-NEX 63mm TRAVEL"", ""Shifter"": ""SHIMANO CUES SL-U4010-R, 1x9-SPEED TRIGGER"", ""Crank Set"": ""PROWHEEL EB01-PRO44A-S3 BK 44TX170MM"", ""Cassette"": ""SHIMANO CUES CS-LG300-9 9-SPEED 11-46T CASSETTE"", ""Rear Derailleur"": ""SHIMANO CUES RD-U4000 9-SPEED"", ""Bottom Bracket"": ""BAFANG SR PA21.32.ST FOR BB SHELL 68MM (TORQUE SENSOR)"", ""Chain"": ""KMC EGLIDE 9/10/11-SPEED"", ""Pedal"": ""ONE PIECE PP FLAT"", ""Saddle"": ""LINC EASE, STEEL ø7mm"", ""Seat Post"": ""POLYGON SPORT, DxL: 30.9 x 350mm"", ""Seat Clamp"": ""34.9mm QR TYPE"", ""Handlebar"": ""POLYGON SPORT, W: 680mm, BB: 31.8mm, B: 6degree"", ""Handle Stem"": ""POLYGON SPORT (ADJUSTABLE), EXT: 75mm, BB: 31.8mm"", ""Head Set"": ""TOKEN TK-1566RZM, ZS 56/28.6 | ZS 56/30"", ""Wheel Set"": ""ALLOY DOUBLE WALL H:18mm W: 21mm 622-18 36H FOR TYRE 622-20/54"", ""Tire"": ""URBAN PERFORMANCE 700C"", ""Front Hub"": ""ALLOY 9x100mm 36H 6B"", ""Rear Hub"": ""BAFANG DC MOTOR 36V 250W 6B"", ""Spokes & Nipples"": ""F: 14G STAINLESS NDS:284mm DS:286mm W/ 12mm BRASS NIPPLE / R: 13G STAINLESS NDS:248mm DS:248mm W/ 13mm BRASS NIPPLE"", ""Brake Lever"": ""SHIMANO MT200"", ""Brake"": ""SHIMANO MT200 HYDRAULIC DISC"", ""Brake Rotor"": ""SHIMANO RT26, 180MM"", ""Motor"": ""BAFANG REAR MOTOR DC MOTOR 36V 250W"", ""Sensor"": ""(TORQUE SENSOR) BAFANG SR PA21.32.ST"", ""Battery"": ""GREENWAY ZZ618 520Wh LG21700 3PIN M6.6"", ""Speed"": ""1x9 Speed"", ""Speed Motor"": ""32 km/h with 5 assist variations"", ""Genre"": ""City & Touring"", ""Wheel size"": ""700C"", ""Note"": ""Spesifikasi, warna dan ketersediaan produk dapat berubah sewaktu-waktu tanpa pemberitahuan sebelumnya.""}",https://www.rodalink.com/id/polygon-sepeda-elektrik-kalosi-miles-high-step-503283.html
Sepeda,Sepeda Elektrik (E-Bike),Polygon Sepeda Elektrik Kalosi Miles 2023,15000000,,,"Jauh dari rumah. Kalosi Miles adalah sepeda hybrid elektrik yang memadukan daya tahan, kenyamanan, dan efisiensi untuk bersepeda lebih lama, cepat, dan nyaman di jalan perkotaan serta medan yang tidak rata atau semi off-road. Membawa kenyamanan ekstra sehingga Anda dapat menikmati perjalanan Anda untuk waktu yang lama dan membawa Anda jauh dari rumah. Karena Anda menjelajahi zona nyaman Anda. Fitur: Efisien Pedal assist system akan melipatgandakan upaya Anda hingga maks 32 km/jam dengan 5 varias","{""Features"": ""EfisienPedal assist system akan melipatgandakan upaya Anda hingga maks 32 km/jam dengan 5 variasi bantuan. Nikmati perbukitan datar dan jalan beraspal mulus dengan jangkauan hingga 95 km mil saat bate | Sepeda nyaman dan perawatan mudahSepeda ini Tahan air! Anda tidak perlu khawatir saat hujan atau melewati genangan air. | NyamanDengan suspension fork untuk kenyamanan bersepeda, dan Hydraulic Disc Brakes yang membuat Anda merasakan performa pengereman yang mulus dan bertenaga; percayalah, tidak ada kondisi yang dapat me | Menaklukan medan yang dilaluiDisertai dengan ban rolling resistance rendah untuk mengurangi kehilangan energi saat ban menggelinding, sehingga memungkinkan Anda untuk pergi ke mana pun lebih cepat dar"", ""Brand"": ""Polygon"", ""What's in the box"": ""1 x Polygon Kalosi Miles Electric Bike"", ""Rentang Usia"": ""Dewasa"", ""Frame"": ""ALX TREKKING FRAME"", ""Fork"": ""SUNTOUR SF20-NEX-DS 63 mm Travel"", ""Shifter"": ""SHIMANO ALTUS SL-M315, 1x8-SPEED TRIGGER"", ""Crank Set"": ""ALLOY CRANK 44T 170 mm"", ""Cassette"": ""SHIMANO CS-HG200 12-32T"", ""Rear Derailleur"": ""SHIMANO ALTUS RD-M310 DIRECT ATTACH"", ""Bottom Bracket"": ""BAFANG, SR PA21.32.ST, SQUARE"", ""Chain"": ""KMC Z-8.3"", ""Pedal"": ""PP PEDALS WITH REFLECTOR"", ""Saddle"": ""ENTITY SADDLE 7 mm"", ""Seat Post"": ""ENTITY SPORT ALLOY"", ""Seat Clamp"": ""34.9mm WITH QR"", ""Handlebar"": ""ENTITY SPORT ALLOY"", ""Handle Stem"": ""ENTITY SPORT ALLOY"", ""Head Set"": ""ZERO STACK (ZS) SEALED BEARING FOR TAPER HEAD TUBE"", ""Wheel Set"": ""ALLOY DOUBLE WALL 622-17.9 FOR TYRE 622-20/54"", ""Tire"": ""PERFORMANCE TIRE 700\""x1.75\"""", ""Front Hub"": ""ALLOY QR 3/8x100mm 36H 6-BOLTS"", ""Rear Hub"": ""BAFANG RM G020.250.DCx138mm 36H 6-BOLTS FOR CASSETTE SPROCKET"", ""Brake"": ""TEKTRO HD-M275 HYDRAUIC DISC BRAKE"", ""Brake Rotor"": ""SET WITH ABOVE"", ""Motor"": ""BAFANG BRUSHLESS DC MOTOR 36V 250W"", ""Sensor"": ""TORQUE SENSOR) BAFANG SR PA21.32.ST"", ""Battery"": ""TFL-4 36V 11.6AH SAMSUNG 29E CELL EN SMART BMS (BAFANG CANBUS) DC2.1"", ""Extras"": ""BB TORQUE SENSOR, BRUSHLESS DC MOTOR 36V 250W, 11.6AH 418WH LITHIUM-ION W/ SMART BMS"", ""Speed"": ""1x8 Speed"", ""Speed Motor"": ""32 km/h with 5 assist variations"", ""Genre"": ""City & Touring"", ""Wheel size"": ""700C"", ""Note"": ""Spesifikasi, warna dan ketersediaan produk dapat berubah sewaktu-waktu tanpa pemberitahuan sebelumnya.""}",https://www.rodalink.com/id/polygon-sepeda-elektrik-kalosi-miles-502983.html
Sepeda,Sepeda Elektrik (E-Bike),Polygon Sepeda Elektrik Gili Velo,13700000,,,"Polygon Sepeda Elektrik Gili Velo: Solusi Commute Cerdas, Ringkas, dan Lebih Cepat Siap upgrade mobilitasmu? Polygon Sepeda Elektrik Gili Velo adalah E-City Bike mini velo ideal untuk urban commuters dan pelajar. Rasakan kemudahan perjalanan hemat tenaga, desain ringkas, dan kepraktisan maksimal. Beli sepeda online ini sekarang untuk pengalaman berkendara efisien setiap hari! Kenapa Polygon Sepeda Elektrik Gili Velo Cocok Buat Aktivitas Harianmu? Ingin tiba di tujuan tanpa keringat? Polygon Sepe","{""Frame ALX E-Commuting"": ""ALX Alloy &Upright GeometryRingan, kuat, dan nyaman untuk posisi berkendara tegak, mengurangi lelah saatcommuting."", ""Drivetrain Shimano 1x8-Speed"": ""Shimano Altus/ClarisSistem penggerak efisien untukassistelektrik, lancar di berbagai medan kota."", ""Motor Rear Hub Bafang"": ""36V 250W SenyapDorongan tenaga halus, responsif, dan tenang dari motor Bafang 36V 250W."", ""Baterai 252 Wh"": ""Smart BMS& 80 kmRangeKapasitas optimal 252 Wh (36V 7Ah) untukrangeharian hingga 80 km, aman denganSmart BMS."", ""Roda 20 Inci"": ""Vee Speedster & XL2Tubeless ReadyUkuranmini velolincah, responsif, ideal bermanuver di jalanan padat."", ""5 ModeAssist"": ""EcohinggaBoostPilih tingkat bantuan tenaga sesuai kebutuhanmu, dari efisiensi hingga kecepatan ekstra."", ""Brand"": ""Polygon"", ""What's in the box"": ""1 x Polygon Gili Velo Electric Bike"", ""Rentang Usia"": "">10 Tahun, Dewasa"", ""Frame"": ""ALX E-COMMUTING"", ""Fork"": ""ALLOY RIGID, ALLOY TAPER 1-1/8\"" - 1-1/2\"""", ""Shifter"": ""SHIMANO ALTUS SL-M315-R, 1x8-SPEED TRIGGER"", ""Crank Set"": ""PROWHEEL NWA48A, 48T, CRANK ARM : PROWHEEL EB01, 170mm"", ""Cassette"": ""SHIMANO TOURNEY CS-HG200, 12-32T"", ""Rear Derailleur"": ""SHIMANO CLARIS RD-R2000"", ""Chain"": ""KMC X9"", ""Saddle"": ""SELLE ROYAL, STEEL ø7mm"", ""Seat Post"": ""POLYGON SPORT, D x L : 30.9x400mm, OFFSET : 15mm"", ""Seat Clamp"": ""34.9mm QR TYPE"", ""Handlebar"": ""POLYGON SPORT, W: 640mm,  BB: 31.8mm, R/D: 0mm, Bend: 6degree"", ""Handle Stem"": ""POLYGON SPORT, EXT: 45mm, BB: 31.8mm, R/D: 3mm"", ""Head Set"": ""STEEL THREADLESS SEMI INTEGRATED, ZS 44/28.6 | ZS 56/40"", ""Wheel Set"": ""XL2 TUBELESS READY"", ""Tire"": ""VEE SPEEDSTER 20\""x2.0\"" 406-50"", ""Front Hub"": ""ALLOY 9x100mm, 36H, 6B"", ""Rear Hub"": ""BAFANG DC MOTOR 36V 250W"", ""Spokes & Nipples"": ""F: STAINLESS 14G NDS:180mm DS:182mm W/ 12mm BRASS NIPPLE, R: STAINLESS 13G NDS:127mm DS:126mm W/ 12mm BRASS NIPPLE"", ""Brake Lever"": ""SHIMANO MT200"", ""Brake"": ""SHIMANO HYDRAULIC DISC"", ""Brake Rotor"": ""SHIMANO SMRT26, 180MM, 6B"", ""Motor"": ""BAFANG REAR MOTOR DC MOTOR 36V 250W"", ""Sensor"": ""(TORQUE SENSOR) BAFANG SR PA21.32.ST"", ""Battery"": ""SPARD YT30240-X-CAN01 36V 7AH SAMSUNG CELL SMART BMS"", ""Extras"": ""DROPOUT : IS18PHG02, GROMMET : CABLE GROMMET DOUBLE IS19PFK27-D, GROMMET IS-RGR01 4MM FOR SHIFTER, GROMMET IS-RGR02 5MM FOR BRAKE, KICKSTAND"", ""Speed"": ""1x8 Speed"", ""Speed Motor"": ""32 km/h"", ""Genre"": ""City & Touring"", ""Wheel size"": ""20\"""", ""Weight"": ""17.4 kg"", ""Note"": ""Spesifikasi, warna dan ketersediaan produk dapat berubah sewaktu-waktu tanpa pemberitahuan sebelumnya.""}",https://www.rodalink.com/id/polygon-sepeda-elektrik-gili-velo-503329.html
Sepeda,Sepeda Elektrik (E-Bike),Polygon Sepeda Elektrik Gili Dash,13700000,,,"Polygon Sepeda Elektrik Gili Dash: Solusi Commute Cerdas, Ringkas, dan Lebih Cepat Rasakan revolusi mobilitas perkotaan dengan Polygon Sepeda Elektrik Gili Dash ! Ini adalah E-City Bike / mini velo ideal untuk kamu, para urban commuters . Nikmati pedal assist halus, desain ringkas, mudah dibawa, serta efisiensi energi di setiap perjalananmu. Dapatkan sekarang di Rodalink.com! Kenapa Polygon Sepeda Elektrik Gili Dash Cocok Buat Aktivitas Harianmu? Bayangkan tiba di kantor tanpa lelah! Polygon Sep","{""Frame ALX E-Commuting"": ""ALX Alloy&Upright GeometryRangkaALX Alloyringan, kokoh, denganupright geometrynyaman. Manuver lincah di kota."", ""Drivetrain Shimano Sora 1x9-Speed"": ""Shimano Sora R3000Drivetrainresponsif untuk perpindahan gigi mulus. Kombinasigearideal untuk akselerasi cepat ataucruisingsantai."", ""Motor Bafang Rear Hub"": ""36V 250WMotorhub-driveBafang senyap, bertenaga. Memberikanpedal assisthalus hingga 32 km/jam, tanjakan terasa ringan."", ""Baterai Samsung"": ""36V 7Ah denganSmart BMSBaterailithium-ionsel Samsung. Jangkauan hingga 80 km untukcommuteharian, pengisian daya efisien."", ""Roda 20 Inci"": ""XL2 Tubeless Ready, Vee Speedster 20\""x1-3/8\""Wheelsetcepat dengan bangripoptimal. Dilengkapifenderdan lampu terintegrasi untuk kenyamanan dan keamanan ekstra."", ""5 ModeAssistIntuitif"": ""Cycle ComputerPilih 5 modeassistmelaluicycle computer. Sesuaikan dorongan motor sesuai kebutuhan berkendara kamu."", ""Brand"": ""Polygon"", ""What's in the box"": ""1 x Polygon Gili Dash Electric Bike"", ""Rentang Usia"": ""Dewasa"", ""Frame"": ""ALX E-COMMUTING"", ""Fork"": ""ALLOY RIGID, ALLOY TAPER 1-1/8\"" – 1-1/2\"""", ""Shifter"": ""SHIMANO SORA R3000, 1x9-SPEED"", ""Crank Set"": ""PROWHEEL NWA48A, 48T, CRANK ARM : PROWHEEL, 170mm"", ""Cassette"": ""11-28T"", ""Rear Derailleur"": ""SHIMANO SORA R3000, 9-SPEED, SS"", ""Chain"": ""KMC X9"", ""Pedal"": ""ONE PIECE PP FLAT"", ""Saddle"": ""FOAM BLACK, STEEL ø7mm"", ""Seat Post"": ""POLYGON SPORT, D x L : 30.9x400mm, OFFSET : 15mm"", ""Seat Clamp"": ""34.9mm QR TYPE"", ""Handlebar"": ""POLYGON SPORT, WIDTH : 640mm, BAR BORE : 31.8mm, BEND : 6degree"", ""Handle Stem"": ""POLYGON SPORT, EXTENSION : 45mm, BAR BORE : 31.8mm, RISE / DROP : 3mm"", ""Head Set"": ""THREADLESS SEMI INTEGRATED, ZS 44/28.6 | ZS 56/40"", ""Wheel Set"": ""XL2 TUBELESS READY"", ""Tire"": ""VEE SPEEDSTER 20\""x1-3/8\"""", ""Front Hub"": ""ALLOY 9x100mm 36H 6B"", ""Rear Hub"": ""BAFANG DC MOTOR 36V 250W"", ""Spokes & Nipples"": ""F: STAINLESS 14G NDS:194mm DS:194mm W/ 12mm BRASS NIPPLE, R:STAINLESS 13G NDS:142mm DS:138mm W/ 12mm BRASS NIPPLE"", ""Brake Lever"": ""TEKTRO"", ""Brake"": ""TEKTRO HYDRAULIC DISC"", ""Brake Rotor"": ""TEKTRO, 180mm"", ""Motor"": ""BAFANG REAR MOTOR DC MOTOR 36V 250W"", ""Sensor"": ""(TORQUE SENSOR) BAFANG SR PA21.32.ST;"", ""Battery"": ""SPARD YT30240-X-CAN01 36V 7AH SAMSUNG CELL SMART BMS"", ""Extras"": ""Gratis Helm & Lampu Belakang (Selama Persediaan Masih Ada)"", ""Speed"": ""1x9 Speed"", ""Speed Motor"": ""32 km/h"", ""Genre"": ""City & Touring"", ""Weight"": ""16.8 kg"", ""Note"": ""Spesifikasi, warna dan ketersediaan produk dapat berubah sewaktu-waktu tanpa pemberitahuan sebelumnya.""}",https://www.rodalink.com/id/polygon-sepeda-elektrik-gili-dash-503362.html
Sepeda,Sepeda Elektrik (E-Bike),Polygon Sepeda Elektrik Gili Fitte,13500000,,,"Polygon Sepeda Elektrik Gili Fitte: Solusi Commute Cerdas, Ringkas, dan Lebih Cepat Rasakan revolusi mobilitas perkotaan dengan Polygon Sepeda Elektrik Gili Fitte Mini Velo , E-City Bike ringkas untuk urban commuters . Dapatkan pengalaman commute cerdas, hemat tenaga, dan praktis setiap hari. Siap untuk beli sepeda online terbaik? Temukan di Rodalink.com! Kenapa Polygon Sepeda Elektrik Gili Fitte Cocok Buat Aktivitas Harianmu? Bayangkan tiba di tujuan tanpa lelah, siap hadapi hari! Polygon Seped","{""Frame"": ""ALX COMMUTING FRAME"", ""Drivetrain"": ""Shimano Sora 9-Speed DrivetrainSederhana, minim perawatan, dan efisien, memastikan perpindahan tenaga yang mulus dan responsif di setiap kayuhan."", ""Motor"": ""Bafang Rear Hub Motor, DC 36V, 250 W, Disc Brake 6 Bolt"", ""Baterai"": ""36V 7Ah (252Wh) denganSmart BMSMenawarkanrangeoptimal untukcommuteharian, dilengkapiBattery Management Systemcerdas untuk daya tahan dan keamanan maksimal."", ""Roda"": ""20 Inci (Mini Velo)Memberikan kelincahan luar biasa di lalu lintas padat dan kemudahan manuver, ideal untukE-City Bikeyang gesit."", ""ModeAssist"": ""5 ModePilih tingkat bantuan daya yang sesuai dengan kebutuhanmu, dariecohinggapower, untuk efisiensi atau kecepatan ekstra."", ""Brand"": ""Polygon"", ""What's in the box"": ""1 x Polygon Gili Fitte Electric Bike"", ""Technology"": ""WATER RESISTANT, SMART BATTERY MANAGEMENT SYSTEM"", ""Rentang Usia"": ""Dewasa"", ""Fork"": ""ALLOY RIGID FORK, TAPER 1-1/8\"" TO 1-1/2\"", DISC BRAKE POST MOUNT 160mm, QR/NUTx100mm"", ""Shifter"": ""SHIMANO SORA ST-R3000 9-SPEED DCL"", ""Crank Set"": ""ALLOY CRANK 48T W/ CHAIN GUARD - MAX CHAIN RING : 48T, 170mm"", ""Cassette"": ""SUNRACE CSM96 11-28T"", ""Rear Derailleur"": ""SHIMANO SORA RD-R3000 DIRECT ATTACH"", ""Bottom Bracket"": ""BAFANG TORQUE SENSOR"", ""Chain"": ""KMC X-9"", ""Pedal"": ""PP PEDALS W/ PP CAGE"", ""Saddle"": ""ENTITY SADDLE, STEEL ø7mm RAIL"", ""Seat Post"": ""ALLOY SEATPOST, 30.9 x 400mm, OFFSET : 15mm"", ""Seat Clamp"": ""34.9mm"", ""Handlebar"": ""ENTITY SPORT ALLOY, WIDTH : 420mm, BAR BORE : 31.8mm, RISE/DROP : 124mm"", ""Handle Stem"": ""ENTITY SPORT ALLOY, EXTENSION : 40mm, BAR BORE : 31.8mm, RISE / DROP : 7degree"", ""Head Set"": ""ZERO STACK (ZS) THREADLESS ZS 44/28.6 | ZS 56/40"", ""Wheel Set"": ""ALLOY DOUBLE WALL 451x19C FOR TYRE 451-26/62"", ""Tire"": ""PERFORMANCE TIRE 20\""-1 3/8\"""", ""Front Hub"": ""ALLOY QRx100mm 36H 6-bolts"", ""Rear Hub"": ""BAFANG REAR MOTOR G020.250.DC NUTx138mm 36H 6-BOLTS"", ""Spokes & Nipples"": ""STAINLESS SPOKE"", ""Brake Lever"": ""SHIMANO SORA ST-R3000​"", ""Brake"": ""TEKTRO MD-M280 MECHANICAL DISC BRAKE"", ""Brake Rotor"": ""TEKTRO TR180-24 180mm 6-BOLTS​"", ""Sensor"": ""Include Bottom Bracket"", ""Battery"": ""Li-Ion internal battery, 36V, 7AH, Smart BMS."", ""Extras"": ""Battery Charger, 42V, 2A"", ""Speed"": ""1x9 Speed"", ""Speed Motor"": ""32 km/h with 5 assist variations"", ""Genre"": ""City & Touring"", ""Wheel size"": ""20\"""", ""Weight"": ""17.1 kg"", ""Note"": ""Spesifikasi, warna dan ketersediaan produk dapat berubah sewaktu-waktu tanpa pemberitahuan sebelumnya.""}",https://www.rodalink.com/id/polygon-gili-fitte-e-bike-minivelo.html
Sepeda,Sepeda Elektrik (E-Bike),Polygon Sepeda Elektrik Gili Velo 2021,12800000,,,"Polygon Sepeda Elektrik Gili Velo 2021: Solusi Commute Cerdas, Ringkas, dan Lebih Cepat Jelajahi kota dengan Polygon Sepeda Elektrik Gili Velo 2021 , E-City Bike ringkas yang mengubah commute -mu. Dirancang untuk urban commuters dan pelajar, mini velo elektrik ini hadir dengan assist halus, desain praktis, serta mudah disimpan. Dapatkan pengalaman mobilitas cerdas dan hemat tenaga. Beli sepeda online sekarang! Kenapa Polygon Sepeda Elektrik Gili Velo 2021 Cocok Buat Aktivitas Harianmu? Ingin tib","{""Features"": ""ALX Alloy Commuting Frame & Alloy Rigid ForkRangka aluminium ringan, geometriuprightuntuk kenyamanan danhandlingresponsif di kota. | Shimano Claris 8-speed DrivetrainPenggerak 8-speed presisi denganelectric assistmulus, perpindahan gigi akurat. | Fender, Rear Rack, & LampuFitur lengkap untuk kebersihan, membawa barang, dan visibilitas di segala kondisi. | Lima Mode AssistPilih tingkat bantuan daya sesuai kebutuhanmu, dariEcohinggaSportuntuk performa."", ""Motor Hub Belakang"": ""Brushless DC Motor 36V 250WAssistresponsif, senyap, membuat tanjakan ringan dan perjalanan lebih mudah."", ""Baterai"": ""Smart BMS TerintegrasiKapasitas optimal untukcommuteharian, efisien, daya tahan baterai lebih baik."", ""Roda 20 Inci & Ban"": ""Vee Speedster 20x2.0Mini velolincah, mudah bermanuver di jalan padat, disimpan, cengkeraman optimal."", ""Rem Cakram Hidrolik"": ""Tektro HD-M275Pengereman kuat, konsisten di berbagai cuaca, keamanan dan kontrol maksimal."", ""Brand"": ""Polygon"", ""What's in the box"": ""1 x Polygon Gili Velo Electric Bike"", ""Rentang Usia"": "">10 Tahun, Dewasa"", ""Frame"": ""ALX ALLOY COMMUTING / COMMUTING 20\"""", ""Fork"": ""ALLOY RIGID FORK, TAPERED STEERER, POSMOUNT 160MM, QR9MM"", ""Shifter"": ""SHIMANO ALTUS SL-M315, 1x8-SPEED TRIGGER"", ""Crank Set"": ""ALLOY 48T 170mm"", ""Cassette"": ""SHIMANO CS-HG200 12-32T"", ""Rear Derailleur"": ""SHIMANO CLARIS RD-R2000 DIRECT ATTACH"", ""Bottom Bracket"": ""TORQUE SENSOR"", ""Chain"": ""KMC X9 for 9-SPEED"", ""Pedal"": ""PP PEDALS W/ REFLECTOR"", ""Saddle"": ""ENTITY SADDLE 7 mm"", ""Seat Post"": ""ENTITY SPORT ALLOY 30.9 x 400mm"", ""Seat Clamp"": ""34.9mm W/ QR"", ""Handlebar"": ""ENTITY SPORT ALLOY"", ""Handle Stem"": ""ENTITY SPORT ALLOY"", ""Head Set"": ""ZERO STACK (ZS) SEALED BEARING FOR TAPER HEAD TUBE"", ""Tire"": ""VEE SPEEDSTER 20\""x2.0\"""", ""Brake"": ""TEKTRO HD-M275 HYDRAULIC DISC BRAKE"", ""Speed"": ""1x8 Speed"", ""Genre"": ""City & Touring"", ""Wheel size"": ""20\"""", ""Weight"": ""17.15 kg"", ""Note"": ""Spesifikasi, warna dan ketersediaan produk dapat berubah sewaktu-waktu tanpa pemberitahuan sebelumnya.""}",https://www.rodalink.com/id/polygon-gili-velo-e-bike-minivelo-502697.html
Sepeda,Sepeda Elektrik (E-Bike),Polygon Sepeda Elektrik Gili Velo 2023,12800000,,,"Polygon Sepeda Elektrik Gili Velo 2023: Solusi Commute Cerdas, Ringkas, dan Lebih Cepat Rasakan revolusi mobilitas urban dengan Polygon Sepeda Elektrik Gili Velo 2023 , sebuah E-City Bike ringkas ideal untuk urban commuters dan pelajar. Nikmati assist halus, desain mudah dibawa, serta efisiensi energi maksimal di setiap perjalanan. Solusi cerdas untuk beli sepeda online yang praktis. Kenapa Polygon Sepeda Elektrik Gili Velo 2023 Cocok Buat Aktivitas Harianmu? Bayangkan kamu tiba di kantor atau k","{""Frame ALX E-Commuting Alloy"": ""Ringan &UprightKonstruksi kuat, ringan, dengan posisi berkendara tegak untuk kenyamanan dan visibilitas optimal di kota."", ""Drivetrain Shimano 1x8-speed"": ""Efisien denganElectric AssistSistem penggerak Shimano Altus/Claris minim perawatan, dipadukan motor elektrik untuk dorongan halus di tanjakan."", ""MotorHub DriveBafang 36V 250W"": ""Senyap & ResponsifAkselerasi instan danassistintuitif dari motor Bafang 36V 250W, mengubah kayuhanmu jadi tenaga ekstra."", ""Baterai 36V 7Ah (252Wh)"": ""Smart BMSKapasitas optimal 36V 7Ah dilengkapiSmart BMSuntuk efisiensi daya dan umur pakai baterai lebih panjang."", ""Roda 20 Inci & Ban Vee Speedster"": ""Lincah & StabilRodamini velo20 inci lincah, mudah bermanuver, dibalut ban Vee Speedster 20x2.0, lengkap denganfender,rear rack, dan lampu."", ""Lima ModeAssistIntuitif"": ""Sesuaikan KebutuhanmuPilih tingkat bantuan dari lima modeassist, dariEcohinggaSport, sesuai kondisi jalan dan preferensi berkendara kamu."", ""Rem Cakram Hidrolik Tektro HD-M275"": ""Pengereman AndalPerforma pengereman kuat dan andal dalam berbagai kondisi cuaca berkat sistem rem cakram hidrolik Tektro HD-M275."", ""Brand"": ""Polygon"", ""What's in the box"": ""1 x Polygon Gili Velo Electric Bike"", ""Technology"": ""ALLOY D-BRAKE MOUNT FORK, BRAKE/SHIFTER ROUTE : INTERNAL"", ""Rentang Usia"": "">10 Tahun, Dewasa"", ""Frame"": ""ALX E-COMMUTING"", ""Fork"": ""ALLOY RIGID, ALLOY TAPER 1-1/8\"" - 1-1/2\"""", ""Shifter"": ""SHIMANOALTUS SL-M315-R, 1X8-SPEED TRIGGER"", ""Crank Set"": ""PROWHEEL NWA48A 48T, MAX: 48T, CRANK ARM: 170mm"", ""Cassette"": ""SHIMANO TOURNEY CS-HG200 8-SPEED 12-32T"", ""Rear Derailleur"": ""SHIMANO CLARIS RD-R2000"", ""Chain"": ""KMC X9"", ""Pedal"": ""ONE PIECE PP FLAT"", ""Saddle"": ""SELLE ROYAL, STEEL-7mm"", ""Seat Post"": ""POLYGON SPORT, 30.9X400mm, OFFSET: 15mm"", ""Seat Clamp"": ""34.9mm QR TYPE"", ""Handlebar"": ""POLYGON SPORT, W:640mm, B:31.8mm, R/D:0mm, BEND :6 degree"", ""Handle Stem"": ""POLYGON SPORT, E: 45mm, B: 31.8mm, R/D: 3mm"", ""Head Set"": ""FEIMIN FP-H868, ZS 44/28.6 | ZS 56/40"", ""Wheel Set"": ""XL2 TUBELESS READY"", ""Tire"": ""VEE SPEEDSTER 20\""x2.0\"" 406-50"", ""Front Hub"": ""ALLOY 9x100mm 36H 6B"", ""Rear Hub"": ""BAFANG DC MOTOR 36V 250W"", ""Spokes & Nipples"": ""STAINLESS 14G NDS:180mm DS:182mm W/ 12mm BRASS NIPPLE (FRONT), STAINLESS 13G NDS:127mm DS:126mm W/ 12mm BRASS NIPPLE (REAR)"", ""Brake Lever"": ""TEKTRO HD-M275"", ""Brake"": ""TEKTRO HYDRAULIC DISC"", ""Brake Rotor"": ""TEKTRO TR180-24 180MM 6B"", ""Motor"": ""BRUSHLESS DC MOTOR 36V 250W"", ""Sensor"": ""BB TORQUE SENSOR"", ""Battery"": ""7AH 252W h LITHIUM-ION W / SMART BMS BATTERY"", ""Speed"": ""1x8 Speed"", ""Speed Motor"": ""25 km/h with 5 assist variations"", ""Ukuran Frame"": ""M"", ""Genre"": ""City & Touring"", ""Wheel size"": ""20\"""", ""Note"": ""Spesifikasi, warna dan ketersediaan produk dapat berubah sewaktu-waktu tanpa pemberitahuan sebelumnya.""}",https://www.rodalink.com/id/polygon-sepeda-elektrik-gili-velo-502984.html
Sepeda,Sepeda Elektrik (E-Bike),Polygon Sepeda Elektrik Kalosi Active,12000000,,,"Polygon Kalosi Active Hybrid Electric Bike: Solusi Commute Cerdas, Ringkas, dan Lebih Cepat Rasakan revolusi mobilitas perkotaan dengan Hybrid Electric Bike Polygon Kalosi Active. Dirancang khusus untuk urban commuters , pelajar, dan siapa pun yang mendambakan kepraktisan harian, sepeda mini velo ini menawarkan assist yang halus, desain ringkas, mudah dibawa, dan efisiensi energi maksimal untuk setiap perjalanan. Kenapa Polygon Kalosi Active Cocok Buat Aktivitas Harianmu? Bayangkan tiba di kanto","{""FrameALX Alloy & GeometriUpright"": ""Ringan, Kokoh, NyamanKonstruksiframealuminium ringan dengan desainlow step framedan geometri tegak untuk posisi duduk ergonomis di perkotaan."", ""DrivetrainSimpel"": ""Shimano Altus 1x8 Speed & Motor ElektrikSistemdrivetrainShimano Altus 1x8 speed dan motor elektrik senyap, membuat tanjakan rata, perjalanan lebih ringan."", ""MotorHub DriveBertenaga"": ""Bafang DC Motor 36V 250WMotorhubbelakang Bafang DC Motor 36V 250W terintegrasi, memberikanassistresponsif, nyaris tak terdengar."", ""Baterai Internal"": ""Smart BMS, Jangkauan Hingga 95 kmBaterai internal optimal untukcommute,Smart BMSmenjaga performa dan usia, siap menempuh hingga 95 km."", ""Lima ModeAssistIntuitif"": ""Sesuaikan Dorongan DayaPilih lima tingkatassistberbeda, sesuaikan dorongan daya sesuai kebutuhanmu, darieco-friendlyhingga maksimal."", ""Brand"": ""Polygon"", ""What's in the box"": ""1 x Polygon Kalosi Active Electric Bike"", ""Technology"": ""FORK-CRMO, D-BRAKE MOUNT, SHIFTER/BRAKE ROUTE INTERNAL, ELECTRIC WIRE : BAFANG EB 1T1.J FOR HMI, BAFANG MOTOR CABLE JULET JL-F-Z910AG/M, CHARGER : SPARD YT-420200EU 42V 2A SMART BMS, CYCLE COMPUTER : BAFANG HMI C260-EN, ASSIST SWITCH : INCLUDE CYCLE COMPU"", ""Rentang Usia"": "">10 Tahun, Dewasa"", ""Frame"": ""ALX URBAN"", ""Fork"": ""CHRMO RIGID, STEEL STRAIGHT 28.6MM"", ""Shifter"": ""SHIMANO ALTUS SL-M315-R, 1X8 SPEED TRIGGER"", ""Crank Set"": ""PROWHEEL EB01-PRO44A-S3 BK 44TX170MM, MAX CHAIN RING : 48T, CRANK ARM : PROWHEEL EB01 170mm"", ""Cassette"": ""SHIMANO TOURNEY CS-HG200 12-32T"", ""Rear Derailleur"": ""SHIMANO ALTUS RD-M310"", ""Bottom Bracket"": ""BAFANG SR PA21.32.ST FOR BB SHELL 68MM (TORQUE SENSOR)"", ""Chain"": ""KMC Z8.3"", ""Pedal"": ""ONE PIECE PP FLAT"", ""Saddle"": ""SELLE ROYAL ONDINA"", ""Seat Post"": ""ALLOY POST, D x L: 30.9 x 350mm, OFFSET : 16mm"", ""Seat Clamp"": ""34.9mm BOLT TYPE"", ""Handlebar"": ""ALLOY RISE BAR, W: 610mm, B:31.8mm, R/D:6mm, B/R : 44degree"", ""Handle Stem"": ""ALLOY STEM, E: 100mm, B: 31.8mm, R/D: 25degree"", ""Head Set"": ""THREADLESS SEMI-INTEGRATED, ZS 44/28.6"", ""Wheel Set"": ""ALLOY DOUBLE WALL H:21mm W: 17.9mm 559-17.9 36H FOR TYRE 559-40/57"", ""Tire"": ""DELI SA-251, MAXIMUM SIZE : 26\""x2.2\"""", ""Front Hub"": ""ALLOY 9x100mm 36H 6B"", ""Rear Hub"": ""BAFANG DC MOTOR 36V 250W"", ""Spokes & Nipples"": ""F: 14G STAINLESS NDS:254mm DS:254mm W/ 12mm BRASS NIPPLE, R: 13G STAINLESS NDS:218mm DS:216mm W/ 13mm BRASS NIPPLE"", ""Brake Lever"": ""TEKTRO HD-M275"", ""Brake"": ""TEKTRO HD-M275 HYDRAULIC DISC"", ""Brake Rotor"": ""TEKTRO TR180-24 180MM 6B"", ""Motor"": ""BAFANG REAR MOTOR DC MOTOR 36V 250W"", ""Sensor"": ""(TORQUE SENSOR) BAFANG SR PA21.32.ST;"", ""Battery"": ""SPARD YT30240-X-CAN01 36V 7AH SAMSUNG CELL SMART BMS"", ""Extras"": ""BASKET : TSAI YARN TU-305 W/ WOOD DECK, CARRIER : INCLUDING FRAME W/ WOOD DECK, DROPOUT : 733072"", ""Speed"": ""1x8 Speed"", ""Speed Motor"": ""Max 32 km/h with 5 assist variations"", ""Ukuran Frame"": ""16\"""", ""Genre"": ""City & Touring"", ""Wheel size"": ""26\"""", ""Weight"": ""22 kg"", ""Note"": ""Spesifikasi, warna dan ketersediaan produk dapat berubah sewaktu-waktu tanpa pemberitahuan sebelumnya.""}",https://www.rodalink.com/id/polygon-sepeda-elektrik-kalosi-active-502965.html
Sepeda,Sepeda Gunung,Xzone Helm Sepeda Anak Car,248000,,,"Helm in-mould yang ringan dan tahan lama, dirancang khusus untuk anak-anak. Memberikan perlindungan kepala untuk anak Anda, dengan pengaturan ukuran yang dapat disesuaikan dan ventilasi untuk kenyamanan. Tersedia dalam warna-warna cerah dan menyenangkan yang disukai anak-anak. Sempurna untuk setiap perjalanan, mulai dari jalur taman hingga jalanan lingkungan.","{""Brand"": ""Xzone"", ""What's in the box"": ""1 x Xzone Car Kids Bike Helmet"", ""Material"": ""In-mould"", ""Tipe Fitting"": ""Regular Fitting"", ""Air Vents"": ""5 vents"", ""Head Circle"": ""S (48-52 cm), M (52-56 cm)"", ""Security Standards"": ""CE Certificate (European security standard)"", ""Genre"": ""Kids""}",https://www.rodalink.com/id/xzone-helm-sepeda-anak-car-741050.html
Sepeda,Sepeda Gunung,Polygon Sepeda MTB Dual Suspensi Collosus DH9 Team Edition 2017,100000000,,,,"{""Brand"": ""Polygon"", ""What's in the box"": ""1 x Polygon Collosus DH9 Team Edition Dual Suspension Bike 2017"", ""Rentang Usia"": ""Dewasa"", ""Frame"": ""ALX FRONT & ACX REAR DOWNHILL FRAME, 200MM TRAVEL 157MM"", ""Fork"": ""SR SUNTOUR RUX, 200MM TRAVEL"", ""Rear Shock"": ""FOX FACTORY FLOAT X2"", ""Shifter"": ""SRAM X0-1DH 7 SPEED"", ""Crank Set"": ""E13 LG1 RACE CARBON 32T, 165MM"", ""Cassette"": ""E13 7-SPEED 9-21T DIRECT MOUNT CASSETTE"", ""Front Derailleur"": ""-"", ""Rear Derailleur"": ""SRAM X0-1DH 7 SPEED"", ""Bottom Bracket"": ""E13 BSA"", ""Chain"": ""KMC X-11SL"", ""Pedal"": ""-"", ""Saddle"": ""REVERSE FORT WILL TITANIUM RAIL"", ""Seat Post"": ""KS ETHER CARBON"", ""Handlebar"": ""SPANK SPIKE 800 VIBROCORE WIDTH 800MM, RISE 30MM"", ""Handle Stem"": ""SPANK SPIKE DIRECTOR"", ""Head Set"": ""FSA NO. 57E"", ""Wheel Set"": ""E13 LG1 RACE CARBON W/ INTEGRATED CASSETTE"", ""Tire"": ""KENDA HELLKATE K1201 27.5X2.40"", ""Brake"": ""TRICKSTUFF DIRETTISSIMA"", ""Bike Stand"": ""Not Included"", ""Speed"": ""1x7 Speed"", ""Color"": ""Black"", ""Genre"": ""MTB"", ""Wheel size"": ""27.5\"""", ""Weight"": ""14.8 kg"", ""Note"": ""Spesifikasi, warna dan ketersediaan produk dapat berubah sewaktu-waktu tanpa pemberitahuan sebelumnya.""}",https://www.rodalink.com/id/polygon-sepeda-colossus-dh9-team-edition.html
Sepeda,Sepeda Gunung,Polygon Sepeda MTB Dual Suspensi Syncline DR9,98000000,,,"Rasakan kecepatan tanpa batas dan kendali total di setiap jalur bersama Polygon Syncline DR9 — sepeda gunung full suspension yang dirancang untuk menghadirkan performa kompetitif di medan cross-country (XC) paling ekstrem. Diciptakan bagi rider yang mengejar efisiensi, kecepatan, dan sensasi menguasai lintasan dengan percaya diri. Setiap kayuhan membawa Anda lebih jauh, lebih cepat, dan lebih stabil. Kenapa Anda Harus Pilih Polygon Syncline DR9? Syncline DR9 bukan sekadar sepeda gunung, tapi car","{""Frame & Suspension"": ""Frame karbonACX XC 110mmdenganFOX 34 SL 120mmdanFOX Float SLmenawarkan efisiensi dan kenyamanan optimal di jalur teknikal."", ""Drivetrain Presisi"": ""Shimano XTR Di2 12-speedmenghadirkan perpindahan gigi elektronik super halus dan efisien di segala medan."", ""Wheelset & Tire"": ""Race Face Era CarbondanMaxxis Rekon Race 29”x2.35”memberikan akselerasi cepat serta traksi kuat di berbagai lintasan."", ""Komponen Premium"": ""FSA KFX Carbon cockpitdanFOX Transfer SL seatpostmemastikan posisi berkendara ideal dan bobot tetap ringan."", ""Braking Power"": ""Shimano XTR hydraulic disc brakememberikan kontrol presisi dan daya henti konsisten di turunan ekstrem."", ""Brand"": ""Polygon"", ""What's in the box"": ""1 x Polygon Syncline DR9 Dual Suspension Bike"", ""Rentang Usia"": ""Dewasa"", ""Frame"": ""ACX XC 110mm TRAVEL"", ""Fork"": ""FOX 34 SL FACTORY SERIES 120mm TRAVEL,  TAPER 1-1/8\"" TO 1-1/2\"""", ""Rear Shock"": ""FOX FLOAT SL FACTORY SERIES , E2E : 165x40mm"", ""Shifter"": ""SHIMANO XTR Di2 M9250 I-SPEC EV, 1x12 SPEED"", ""Crank Set"": ""SHIMANO XTR M9200, 34T, CRANK ARM : 170 (S-M) / 175mm (L-XL)"", ""Cassette"": ""SHIMANO XTR M9200, 10-51T"", ""Rear Derailleur"": ""SHIMANO XTR Di2 M9250"", ""Bottom Bracket"": ""SHIMANO BB93"", ""Chain"": ""SHIMANO XTR M9100"", ""Pedal"": ""ALLOY FLAT W/ REPLACEABLE PIN"", ""Saddle"": ""FIZIK TERRA ARGO X7, CR-MO ø 7mm"", ""Seat Post"": ""FOX TRANSFER SL FACTORY SERIES 120mm TRAVEL, D x L : 31.6x455mm"", ""Seat Clamp"": ""34.9mm BOLT TYPE"", ""Handlebar"": ""FSA KFX FLAT CARBON, WIDTH : 760mm, BAR BORE : 31.8mm, BEND : 9degree"", ""Handle Stem"": ""FSA KFX 2-BOLT, EXTENSION : 70mm, BAR BORE : 31.8MM, RISE / DROP : -20degree"", ""Head Set"": ""FSA NO.69/59/SRS/DUAL, IS 52/28.6 | IS 52/40"", ""Wheel Set"": ""RACE FACE ERA CARBON"", ""Tire"": ""MAXXIS REKON RACE 29\""x2.35\"""", ""Front Hub"": ""RACE FACE VAULT 415 THRU AXLE 15x110mm 28H CENTER-LOCK"", ""Rear Hub"": ""RACE FACE VAULT 424 THRU AXLE 12x148mm 28H CENTER-LOCK FOR MICROSPLINE"", ""Spokes & Nipples"": ""F: STAINLESS NDS:305mm DS:305mm W/ 12mm NIPPLE, R: STAINLESS NDS:301mm DS:305mm W/ 12mm NIPPLE"", ""Brake Lever"": ""SHIMANO XTR M9200"", ""Brake"": ""SHIMANO XTR HYDRAULIC DISC"", ""Brake Rotor"": ""SHIMANO RT86, R:160mm / F:180mm"", ""Speed"": ""1x12 Speed"", ""Genre"": ""MTB"", ""Weight"": ""11.68 kg (Size M)"", ""Note"": ""Spesifikasi, warna dan ketersediaan produk dapat berubah sewaktu-waktu tanpa pemberitahuan sebelumnya.""}",https://www.rodalink.com/id/polygon-sepeda-mtb-dual-suspensi-syncline-dr9-503445.html
Sepeda,Sepeda Gunung,Polygon Sepeda MTB Dual Suspensi Xquarone EX9,93000000,,,,"{""Brand"": ""Polygon"", ""What's in the box"": ""1 x Polygon Xquarone EX9 Dual Suspension Bike"", ""Rentang Usia"": ""Dewasa"", ""Frame"": ""ACX SUSPENSION FRAME"", ""Fork"": ""FOX FACTORY 36 FLOAT 180MM TRAVEL"", ""Rear Shock"": ""FOX FACTORY FLOAT X2"", ""Shifter"": ""SHIMANO XTR M9100 1X12 SPEED"", ""Crank Set"": ""SHIMANO XTR 32T BOOST"", ""Cassette"": ""SHIMANO CSM9100 XTR 12-SPEED 10-51T"", ""Rear Derailleur"": ""SHIMANO XTR M9100"", ""Bottom Bracket"": ""SHIMANO BB"", ""Chain"": ""SHIMANO"", ""Saddle"": ""ENTITY XTENT SADDLE"", ""Seat Post"": ""KS LEV ISO, ALLOY, 30.9MMX405MM"", ""Handlebar"": ""RACE FACE NEXT, CARBON, W:780MM R:20MM BB:35MM"", ""Handle Stem"": ""RACE FACE TURBINE, ALLOY, E:50MM BB:35MM"", ""Head Set"": ""THREADLESS TAPERED HEADSET"", ""Wheel Set"": ""E13 TRS RACE WITH SHIMANO XTR HUB"", ""Tire"": ""WTB VIGILANTE TIRE 27.5\""X2.60\"""", ""Brake"": ""Brake set : SHIMANO XTR M9120 HYDRAULIC DISC BRAKE , brake lever : SHIMANO XTR M9120"", ""Speed"": ""1x12 Speed"", ""Color"": ""Black"", ""Genre"": ""MTB"", ""Wheel size"": ""27.5\"""", ""Note"": ""Spesifikasi, warna dan ketersediaan produk dapat berubah sewaktu-waktu tanpa pemberitahuan sebelumnya.""}",https://www.rodalink.com/id/polygon-xquarone-ex9-bike.html
Sepeda,Sepeda Gunung,Polygon Sepeda MTB Dual Suspensi Xquarone EX8 2017,82000000,,,Sepeda Gunung XQUARONE EX8 2017 dirancang dengan kombinasi sempurna dengan perpaduan konstruksi frame Polygon dengan suspensi yang dirancang NAILD untuk memberikan pengalaman bersepeda gunung yang berbeda. Dirancang dengan konstruksi rear end yang lebih pendek untuk tangguh mengatasi medan MTB teknikal dan dapat melewati medan yang menikung dengan lebih cepat. Dilengkapi elevated chainstay menjadikan sistem suspensi NAILD R3ACT- 2Play memiliki keunikan dan karakteristik tersendiri. Sepeda Gunung,"{""Brand"": ""Polygon"", ""What's in the box"": ""1 x Polygon Xquarone EX8 Dual Suspension Bike 2017"", ""Rentang Usia"": ""Dewasa"", ""Frame"": ""ACX Advance Carbon Suspension 180mm travel"", ""Fork"": ""FOX FACTORY 36 FLOAT, 180mm travel"", ""Rear Shock"": ""FOX FACTORY FLOAT X2"", ""Shifter"": ""SRAM X01 EAGLE 12-SPEED"", ""Crank Set"": ""TRUVATIV DESCENDANT EAGLE 12-speed 32Tx175mm"", ""Cassette"": ""SRAM XG 1295 EAGLE 12-speed 10-50T"", ""Rear Derailleur"": ""SRAM X01 EAGLE 12-speed"", ""Chain"": ""SRAM X01 EAGLE 12-speed"", ""Saddle"": ""ENTITY ASSAULT"", ""Seat Post"": ""KS SIO ADJUSTABLE HEIGHT, 125mm (M) / 150mm (L & XL)"", ""Handlebar"": ""RACE FACE NEXT R 35"", ""Handle Stem"": ""RACE FACE TURBINE R 35"", ""Head Set"": ""FSA ORBIT C-40"", ""Wheel Set"": ""E13 TRS+, BOOST 15X110mm front & 12X148mm rear"", ""Tire"": ""SCHWALBE NOBBY NIC 27.5X2.60"", ""Brake"": ""SRAM GUIDE RSC 180mm rotor"", ""Speed"": ""1x12 Speed"", ""Genre"": ""MTB"", ""Wheel size"": ""27.5\"""", ""Weight"": ""14.7 kg"", ""Note"": ""Spesifikasi, warna dan ketersediaan produk dapat berubah sewaktu-waktu tanpa pemberitahuan sebelumnya.""}",https://www.rodalink.com/id/polygon-sepeda-xquarone-ex8-2018-31151.html
Sepeda,Sepeda Gunung,Polygon Sepeda MTB Dual Suspensi Collosus T9 Di2 Carbon,70000000,,,"Mengenal Collosus T9 Di2 Siap menaklukkan semua jalur? Polygon hadirkan Collosus T9 Di2 Carbon untuk Anda yang ingin performa tanpa kompromi. Sepeda gunung / MTB full suspension 29” ini memadukan tenaga, presisi, dan kontrol sempurna untuk dominasi di medan apa pun. Kenapa Anda Harus Pilih Collosus T9 Di2 Carbon? Karena ini bukan sekadar sepeda gunung, namun upgrade nyata buat pengalaman riding Anda. Collosus T9 Di2 Carbon bikin setiap tanjakan terasa ringan, setiap turunan lebih stabil, dan set","{""Frame & Suspension System"": ""Frame karbonACX Trail 140mm travelyang ringan dan kuat dipaduRockShox Lyrik Ultimate 160mmdi depan. Hasilnya? Handling mulus, traksi nempel di tanah, dan rasa percaya diri tinggi di jalur paling bruta"", ""Geometry & Handling"": ""Lewat sistemFlip Chip, Anda bisa ubah karakter geometri sesuai gaya berkendara. Mau agresif di turunan atau efisien di climbing? Semua bisa, tinggal atur."", ""Drivetrain & Braking Power"": ""Transmisi elektronikShimano XTR Di2 1x12-speedbikin shifting sehalus sutra—cepat, presisi, dan responsif. DilengkapiShimano XTR Hydraulic Disc Brake, pengereman jadi kuat dan konsisten di setiap kondi"", ""Wheelset & Components"": ""PakaiPolygon MT6 Tubeless WheelsetdanMaxxis Dissector 29x2.40”, siap nempel di medan apa pun. PlusRace Face Chester handlebardanTranz X dropper post, bikin posisi riding lebih adaptif dan nyaman sepan"", ""Brand"": ""Polygon"", ""What's in the box"": ""1 x Polygon Collosus T9 Di2 Carbon MTB Dual Suspension Bike"", ""Rentang Usia"": ""Dewasa"", ""Frame"": ""ACX TRAIL 140mm TRAVEL"", ""Fork"": ""ROCKSHOX LYRIK ULTIMATE 160mm TRAVEL, TAPER 1-1/8\"" TO 1-1/2\"""", ""Rear Shock"": ""ROCKSHOX SUPER DELUXE SELECT+, E2E : 210x55mm"", ""Shifter"": ""SHIMANO XTR DI2 SW-M9250 I-SPEC EV, 1x12-SPEED"", ""Crank Set"": ""SHIMANO XTR M9220, 32T, MAX CHAIN RING : 34T, CRANK ARM : 165mm"", ""Cassette"": ""SHIMANO XTR M9200, 10-51T"", ""Rear Derailleur"": ""SHIMANO XTR DI2 M9250, SHADOW ES"", ""Bottom Bracket"": ""SHIMANO BB93, 73mm"", ""Chain"": ""SHIMANO XTR M9100"", ""Pedal"": ""ALLOY FLAT W/ REPLACEABLE PIN"", ""Saddle"": ""XTENT,  CR-MO ø7mm"", ""Seat Post"": ""DROPPER POST TRANZ X JD-YSP39KL 150mm (S, M) / 170mm (L, XL) TRAVEL, D x L : 34.9x456mm (S, M) / 495mm (L, XL)"", ""Seat Clamp"": ""38.9mm BOLT TYPE"", ""Handlebar"": ""RACE FACE CHESTER 35, WIDTH : 780mm, BAR BORE : 35mm, RISE/DROP : 35mm, BEND : 8degree"", ""Handle Stem"": ""RACE FACE AEFFECT R 35, EXTENSION : 40mm, BAR BORE : 35mm, RISE / DROP : 0degree"", ""Head Set"": ""FSA NO.76 ALLOY TOP COVER, THREADLESS, ZS 51/28.6 | ZS 59/40"", ""Wheel Set"": ""POLYGON MT6 TUBELESS READY"", ""Tire"": ""MAXXIS DISSECTOR 29\""x2.40\"""", ""Front Hub"": ""SHIMANO XT HB-M8110-B BOOST 15x110mm 32H CL"", ""Rear Hub"": ""SHIMANO DEORE XT FH-M8110-B BOOST 12x148mm 32H CL FOR MICRO SPLINE"", ""Spokes & Nipples"": ""F: 14G STAINLESS NDS:290mm DS:292mm W/ 12mm BRASS NIPPLE, R: 14G STAINLESS NDS:294mm DS:292mm W/ 12mm BRASS NIPPLE"", ""Brake Lever"": ""SHIMANO XTR M9220"", ""Brake"": ""SHIMANO XTR HYDRAULIC DISC"", ""Brake Rotor"": ""SHIMANO CL900, 180mm"", ""Extras"": ""COMPARTMENT BAG, FLIP CHIP"", ""Speed"": ""1x12 Speed"", ""Genre"": ""MTB"", ""Wheel size"": ""29\"""", ""Weight"": ""15.6 kg (Size M)"", ""Note"": ""Spesifikasi, warna dan ketersediaan produk dapat berubah sewaktu-waktu tanpa pemberitahuan sebelumnya.""}",https://www.rodalink.com/id/polygon-sepeda-mtb-dual-suspensi-collosus-t9-di2-503436.html
Sepeda,Sepeda Gunung,Polygon Sepeda MTB Dual Suspensi Collosus N9 Di2 Carbon,66000000,,,"Polygon Collosus N9 Di2 Carbon: Taklukkan Segala Medan dengan Kenyamanan Ekstrem Siap taklukkan setiap jalur? Rasakan adrenalin balap enduro dan all-mountain dengan Polygon Collosus N9 Di2 Carbon. Sepeda gunung ini dirancang untuk cyclist sepertimu yang mendambakan performa puncak, handling presisi, dan traksi tak tertandingi. Dapatkan pengalaman bersepeda ekstrem terbaikmu! Kenapa Wajib Pilih Polygon Collosus N9 Di2 Carbon: Responsif di Tanjakan, Stabil di Turunan Polygon Collosus N9 Di2 Carbon","{""Travel Suspensi"": ""RockShox ZEB Ultimate 170mm & RockShox Vivid Air Select+ 170mmRedaman superior menyerap benturan keras, menjaga roda tetap menapak, memberimu kontrol penuh di medan ekstrem."", ""Tipe Linkage"": ""Independent Floating Suspension (IFS) Six-BarPlatform suspensi inovatif ini menjamin performa optimal di berbagai medan, stabil saatpedaling, responsif benturan kecil."", ""Bahan Frame"": ""ACX & ALX Carbon Enduro FrameKombinasicarbon front triangleringan dan kaku denganalloy rear triangleuntuk kekuatan, responsivitas, presisisteeringmaksimal."", ""Dropper Post"": ""Tranz X JD-YSP39KL 150mm/170mm TravelSesuaikan ketinggian sadelmu instan untuk transisi mulus antara tanjakan dan turunan teknis."", ""Brakes Kuat"": ""Shimano XTR M9220 4-Piston Hydraulic DiscDaya pengereman superior dan konsisten memberimu kepercayaan diri penuh di turunan curam dan kondisi basah."", ""Drivetrain"": ""Shimano XTR Di2 1x12-speed Electronic ShiftingPerpindahan gigi elektronik super cepat, presisi, dan dapat disesuaikan, memastikan kamu selalu di gigi yang tepat."", ""Brand"": ""Polygon"", ""What's in the box"": ""1 x Polygon Collosus N9 Di2 Carbon Dual Suspension Bike"", ""Rentang Usia"": ""Dewasa"", ""Frame"": ""ACX & ALX ENDURO 170mm TRAVEL"", ""Fork"": ""ROCKSHOX ZEB ULTIMATE,  ALLOY TAPER 1-1/8\"" TO 1-1/2\"""", ""Rear Shock"": ""ROCKSHOX VIVID SELECT+, E2E : 230x65mm"", ""Shifter"": ""SHIMANO XTR DI2 SW-M9250 I-SPEC EV, 1x12-SPEED"", ""Crank Set"": ""SHIMANO XTR FC-M9220, 32T, MAX CHAIN RING : 34T, CRANK ARM : 165mm"", ""Cassette"": ""SHIMANO XTR CS-M9200 10-51T"", ""Rear Derailleur"": ""SHIMANO XTR DI2 SW-M9250 I-SPEC EV, 1x12-SPEED"", ""Bottom Bracket"": ""SHIMANO SM-BB93"", ""Chain"": ""SHIMANO XTR CN-M9100"", ""Pedal"": ""ALLOY FLAT W/ REPLACEABLE PIN"", ""Saddle"": ""LINC XTENT,  CR-MO ø7mm"", ""Seat Post"": ""TRANZ X JD-YSP39KL 150mm (S, M) / 170mm (L, XL) TRAVEL,  D x L : 34.9 x 456mm (S, M) / 495mm (L, XL)"", ""Seat Clamp"": ""38.9mm BOLT TYPE"", ""Handlebar"": ""RACE FACE CHESTER 35, WIDTH : 780mm, BAR BORE : 35mm, RISE/DROP : 35mm, BEND : 8degree"", ""Handle Stem"": ""RACE FACE AEFFECT R 35, EXTENSION : 40mm, BAR BORE : 35mm"", ""Head Set"": ""FSA NO.57E W/ SEALED BEARING, ZS 44/28.6 | ZS 56/40"", ""Wheel Set"": ""POLYGON MT6 TUBELESS READY"", ""Tire"": ""MAXXIS ASSEGAI 29\""x2.5\"" (622-63)"", ""Front Hub"": ""SHIMANO XT HB-M8110-B BOOST 15x110mm 32H CL"", ""Rear Hub"": ""SHIMANO DEORE XT FH-M8110-B BOOST 12x148mm 32H CL FOR MICRO SPLINE"", ""Spokes & Nipples"": ""F: 14G STAINLESS NDS:290mm DS:292mm W/ 12mm BRASS NIPPLE, R:  14G STAINLESS NDS:294mm DS:292mm W/ 12mm BRASS NIPPLE"", ""Brake Lever"": ""SHIMANO XTR BL-M9220"", ""Brake"": ""SHIMANO XTR HYDRAULIC DISC"", ""Brake Rotor"": ""SHIMANO CL-900, 203mm"", ""Extras"": ""C/S PROTECTOR : 736043, DROPOUT : UDH, COMPARTMENT BAG"", ""Speed"": ""1x12 Speed"", ""Color"": ""White"", ""Genre"": ""MTB"", ""Wheel size"": ""29\"""", ""Weight"": ""16.9 kg (Size M)"", ""Note"": ""Spesifikasi, warna dan ketersediaan produk dapat berubah sewaktu-waktu tanpa pemberitahuan sebelumnya.""}",https://www.rodalink.com/id/polygon-sepeda-mtb-dual-suspensi-collosus-n9-di2-carbon-503352.html
Sepeda,Sepeda Gunung,Polygon Sepeda MTB Dual Suspensi Collosus DH7,55000000,,,"Anda tidak akan pernah bisa benar-benar meninggalkan DH! Polygon kembali membuat gebrakan di dunia balap sepeda dengan peluncuran yang telah lama ditunggu-tunggu. Sejak sepeda XQUARONE DH 2018, Polygon telah membuat dan menyempurnakan produk terbaru yaitu Collosus DH. Collosus DH lahir dari Polygon sepeda enduro Collosus N yang telah diuji secara ekstensif oleh tim PFR di EDR selama dua musim. Collosus DH telah dirancang dengan cermat dengan mempertimbangkan keserbagunaan. Dengan 4 konfigurasi g","{""Features"": ""Multiple setup possibilities | Dial In Your Perfect Geometry | UDH Compatibility for Next-Gen Shifting | Made for any abuseCollosus DH juga dilengkapi dengan chainstay protector.​"", ""Brand"": ""Polygon"", ""What's in the box"": ""1 x Polygon Collosus DH7 Dual Suspension Bike"", ""Rentang Usia"": ""Dewasa"", ""Frame"": ""ALX DOWNHILL 200mm TRAVEL"", ""Fork"": ""ROCKSHOX BOXXER BASE, STRAIGHT 1-1/8"", ""Rear Shock"": ""ROCKSHOX VIVID BASE, 2E : METRIC 250x75mm, AIR SPRING, REBOUND ADJUST"", ""Shifter"": ""SRAM GX DH, 1x7-SPEED TRIGGER"", ""Crank Set"": ""SRAM DESCENDANT DH, 34T, MAX CHAIN RING : 34T, CRANK ARM : 165mm"", ""Cassette"": ""SRAM PG720, 11-25T"", ""Rear Derailleur"": ""SRAM GX DH"", ""Bottom Bracket"": ""SRAM DUB BSA 83mm"", ""Chain"": ""KMC X11"", ""Pedal"": ""ALLOY W/ REPLACEABLE PIN"", ""Saddle"": ""LINC XTENT, CR-MO ø7mm"", ""Seat Post"": ""POLYGON EXPERT, 34.9 X 320mm"", ""Seat Clamp"": ""38.9mm BOLT TYPE"", ""Handlebar"": ""RACEFACE ATLAS 35, W: 820mm, BB: 35mm, R/D: 35mm, BEND:8 degree"", ""Handle Stem"": ""RACEFACE ATLAS 35 DIRECT MOUNT, EXT:50mm, BB:35mm"", ""Head Set"": ""FSA NO.55/57-1, ZS 56/28.6 | ZS 56/30"", ""Wheel Set"": ""ALLOY RIM"", ""Tire"": ""SCHWALBE TACKY CHAN ADDIX SOFT FRONT: 29\""x2.4\"" (622-62) ; REAR: 27.5\""x2.4\"" (584-62)"", ""Front Hub"": ""NOVATEC 32H TA 20X110 6B"", ""Rear Hub"": ""NOVATEC 32H TA 12X157 6B FOR CASSETTE SPROCKET"", ""Spokes & Nipples"": ""F: SAPIM J-BEND NDS:290mm DS:294mm W/ 14Gx14MM BRASS NIPPLE, R: SAPIM J-BEND NDS:274mm DS:274mm W/ 14Gx14MM BRASS NIPPLE"", ""Brake Lever"": ""TRP DH-R EVO"", ""Brake"": ""TRP DH-R EVO HYDRAULIC DISC"", ""Brake Rotor"": ""TRP RS01E 203mm, 6BOLT"", ""Speed"": ""1x7 Speed"", ""Genre"": ""MTB"", ""Wheel size"": ""29\""/27.5\"""", ""Note"": ""Spesifikasi, warna dan ketersediaan produk dapat berubah sewaktu-waktu tanpa pemberitahuan sebelumnya.""}",https://www.rodalink.com/id/polygon-sepeda-mtb-dual-suspensi-collosus-dh7-503243.html
Sepeda,Sepeda Gunung,Polygon Sepeda MTB Dual Suspensi Collosus T8 Carbon,53000000,,,"Mengenal Collosus T8 Carbon Taklukkan setiap jalur dengan Polygon Collosus T8 Carbon , sepeda gunung full suspension 29” berframe karbon ringan dan kuat. Dirancang oleh Polygon untuk efisiensi kayuhan dan kontrol maksimal di medan berat—dari tanjakan curam hingga turunan berkecepatan tinggi. Kenapa Anda Harus Pilih Collosus T8 Carbon? Collosus T8 Carbon adalah definisi dari performa sejati di dunia MTB trail. Didesain untuk rider yang menuntut presisi, kekuatan, dan respons cepat dalam satu pake","{""Frame & Suspension System"": ""DibekaliACX Carbon Frame 140mm traveldanRockShox Lyrik Select+ 160mm fork, sepeda ini siap melibas jalur ekstrem dengan keseimbangan sempurna antara kekuatan dan kelenturan. DitambahSuper Deluxe Selec"", ""Geometry & Handling"": ""Desainprogressive geometrypada Collosus T8 Carbon memberi posisi berkendara yang agresif namun tetap nyaman. Handling terasa lincah di jalur teknikal dan stabil saat kecepatan tinggi—membuat Anda lebi"", ""Drivetrain & Braking Power"": ""Perpindahan gigi terasa mulus berkatSRAM GX Eagle 12-speed groupset. SementaraMagura MT7 hydraulic brakesmemberikan daya henti yang presisi di setiap tikungan atau turunan curam."", ""Wheelset & Components"": ""Polygon MT6 Tubeless WheelsdanMaxxis Dissector 29”x2.4” tiressiap memberi traksi maksimal di berbagai medan. DitambahRace Face cockpitdanTranzX dropper post, Anda akan merasakan kendali penuh dan keny"", ""Brand"": ""Polygon"", ""What's in the box"": ""1 x Polygon Collosus T8 Carbon MTB Dual Suspension Bike"", ""Rentang Usia"": ""Dewasa"", ""Frame"": ""ACX TRAIL 140mm TRAVEL"", ""Fork"": ""ROCKSHOX LYRIK SELECT 160mm TRAVEL, TAPER 1-1/8\"" TO 1-1/2\"""", ""Rear Shock"": ""ROCKSHOX SUPER DELUXE SELECT+, E2E : 210x55mm"", ""Shifter"": ""SRAM GX SL-GX-1-A2, 1x12-SPEED TRIGGER"", ""Crank Set"": ""SRAM GX EAGLE, 32T, MAX CHAIN RING : 34T, CRANK ARM : 165mm"", ""Cassette"": ""SRAM GX EAGLE XG 1275, 10-52T"", ""Rear Derailleur"": ""SRAM GX EAGLE GX-1-B2"", ""Bottom Bracket"": ""SRAM DUB BSA THREADED, 73mm"", ""Chain"": ""SRAM GX EAGLE"", ""Pedal"": ""ALLOY FLAT W/ REPLACEABLE PIN"", ""Saddle"": ""XTENT,  CR-MO ø7mm"", ""Seat Post"": ""TRANZ X JD-YSP39KL 150mm (S, M) / 170mm (L, XL) TRAVEL, D x L : 34.9x456mm (S, M) / 495mm (L, XL)"", ""Seat Clamp"": ""38.9mm BOLT TYPE"", ""Handlebar"": ""RACE FACE CHESTER 35, WIDTH : 780mm, BAR BORE : 35mm, RISE/DROP : 35mm, BEND : 8degree"", ""Handle Stem"": ""RACE FACE AEFFECT R 35, EXTENSION : 40mm, BAR BORE : 35mm, RISE / DROP : 0degree"", ""Head Set"": ""FSA NO.76 ALLOY TOP COVER, THREADLESS, ZS 51/28.6 | ZS 59/40"", ""Wheel Set"": ""POLYGON MT6 TUBELESS READY"", ""Tire"": ""MAXXIS DISSECTOR 29\""x2.40\"""", ""Front Hub"": ""ALLOY 15x110mm 32H CL"", ""Rear Hub"": ""ALLOY 12x148mm 32H CL FOR SRAM XD DRIVER"", ""Spokes & Nipples"": ""F: 14G STAINLESS NDS:290mm DS:292mm W/ 12mm BRASS NIPPLE, R: 14G STAINLESS NDS:294mm DS:292mm W/ 12mm BRASS NIPPLE"", ""Brake Lever"": ""MAGURA MT7 W/ HC3 LEVER"", ""Brake"": ""MAGURA MT7 HYDRAULIC DISC"", ""Brake Rotor"": ""MAGURA MDR-C CL, 180mm"", ""Extras"": ""COMPARTMENT BAG, FLIP CHIP"", ""Speed"": ""1x12 Speed"", ""Genre"": ""MTB"", ""Wheel size"": ""29\"""", ""Weight"": ""15.5 kg (Size M)"", ""Note"": ""Spesifikasi, warna dan ketersediaan produk dapat berubah sewaktu-waktu tanpa pemberitahuan sebelumnya.""}",https://www.rodalink.com/id/polygon-sepeda-mtb-dual-suspensi-collosus-t8-503361.html
Sepeda,Sepeda Gunung,Polygon Sepeda MTB Dual Suspensi Collosus N8 Carbon,50000000,,,"Polygon Collosus N8 Carbon: Taklukkan Segala Medan dengan Kenyamanan Ekstrem Rasakan adrenalin tak terbatas dengan Polygon Collosus N8 Carbon , sepeda gunung yang dirancang untuk menaklukkan medan all-mountain dan enduro paling ekstrem. Dapatkan sepeda MTB fullsus ini di Rodalink.com, toko sepeda terpercaya, dan rasakan handling presisi serta redaman superior di setiap jalur. Siap untuk petualangan baru? Kenapa Wajib Pilih Polygon Collosus N8 Carbon: Responsif di Tanjakan, Stabil di Turunan Pili","{""Travel Suspensi"": ""170mm Depan & BelakangRedaman superior rintangan besar, kontrol maksimal. Fork FOX 38 Float Performance &rear shockFOX Float X2."", ""Tipe Linkage"": ""Sistem SuspensiIFS (Independent Floating Suspension)Suspensi aktif, efisien, responsif benturan kecil hingga besar, platform enam-bar unik."", ""Bahan Frame"": ""Carbon Front Triangle & Alloy Rear Triangle (ACX & ALX Enduro)Ringan, kuat, responsif,stiffnessoptimal transfer tenaga,handlingpresisi."", ""Dropper Post"": ""TranzX JD-YSP39KL Telescopic SeatpostUbah ketinggian sadel instan untuk menanjak efisien atau menurunitrailpercaya diri (travel 150mm/170mm)."", ""Brakes"": ""Magura MT7 Hydraulic Disc BrakesDaya pengereman superior, konsisten segala kondisi, kaliper 4-piston, rotor 203mm."", ""Drivetrain"": ""SRAM GX Eagle 1x12-speed DrivetrainPerpindahan gigi mulus, rentang gigi lebar taklukkan tanjakan curam dan melaju kencang."", ""Wheelset & Ban"": ""Polygon MT6 Tubeless Ready dengan Maxxis Assegai 29x2.5”Roda 29 inci siaptubelessdengan ban Maxxis Assegai, cengkeraman agresif di jalur berbatu atau berakar."", ""Brand"": ""Polygon"", ""What's in the box"": ""1 x Polygon Collosus N8 Carbon Dual Suspension Bike"", ""Rentang Usia"": ""Dewasa"", ""Frame"": ""ACX & ALX ENDURO 170mm TRAVEL"", ""Fork"": ""FOX 38 FLOAT PERFORMANCE, ALLOY TAPER 1-1/8\"" TO 1-1/2\"""", ""Rear Shock"": ""FOX FLOAT X2, E2E : 230x65mm"", ""Shifter"": ""SRAM GX SL-GX-1-A2, 1x12-SPEED TRIGGER"", ""Crank Set"": ""SRAM GX EAGLE, 32T, MAX CHAIN RING : 34T, CRANK ARM : 165mm"", ""Cassette"": ""SRAM GX EAGLE XG 1275 10-52T"", ""Rear Derailleur"": ""SRAM GX EAGLE GX-1-B2"", ""Bottom Bracket"": ""SRAM DUB BSA THREADED"", ""Chain"": ""SRAM GX EAGLE"", ""Pedal"": ""ALLOY FLAT W/ REPLACEABLE PIN"", ""Saddle"": ""LINC XTENT,  CR-MO ø7mm"", ""Seat Post"": ""TRANZ X JD-YSP39KL 150mm (S, M) / 170mm (L, XL) TRAVEL,  D x L : 34.9 x 456mm (S, M) / 495mm (L, XL)"", ""Seat Clamp"": ""38.9mm BOLT TYPE"", ""Handlebar"": ""RACE FACE CHESTER 35, WIDTH : 780mm, BAR BORE : 35mm, RISE/DROP : 35mm, BEND : 8degree"", ""Handle Stem"": ""RACE FACE AEFFECT R 35, EXTENSION : 40mm, BAR BORE : 35mm"", ""Head Set"": ""FSA NO.57E W/ SEALED BEARING, ZS 44/28.6 | ZS 56/40"", ""Wheel Set"": ""POLYGON MT6 TUBELESS READY"", ""Tire"": ""MAXXIS ASSEGAI 29\""x2.5\"" (622-63)"", ""Front Hub"": ""NOVATEC D791SB BOOST 15x110mm 32H 6B"", ""Rear Hub"": ""NOVATEC D462SB BOOST 12x148mm 32H 6B FOR XD"", ""Spokes & Nipples"": ""F: 14G STAINLESS NDS:290mm DS:292mm W/ 12mm BRASS NIPPLE, R:  14G STAINLESS NDS:294mm DS:292mm W/ 12mm BRASS NIPPLE"", ""Brake Lever"": ""MAGURA MT7 W/ HC3 LEVER"", ""Brake"": ""MAGURA MT7 HYDRAULIC DISC"", ""Brake Rotor"": ""MAGURA MDR-C, 203mm 6B"", ""Extras"": ""C/S PROTECTOR : 736043, DROPOUT : UDH, COMPARTMENT BAG"", ""Speed"": ""1x12 Speed"", ""Color"": ""Black"", ""Genre"": ""MTB"", ""Wheel size"": ""29\"""", ""Weight"": ""16.9 kg (Size M)"", ""Note"": ""Spesifikasi, warna dan ketersediaan produk dapat berubah sewaktu-waktu tanpa pemberitahuan sebelumnya.""}",https://www.rodalink.com/id/polygon-sepeda-mtb-dual-suspensi-collosus-n8-carbon-503354.html
Sepeda,Sepeda Gunung,Polygon Sepeda MTB Dual Suspensi Syncline DR8,50000000,,,"Polygon Syncline DR8 adalah sepeda gunung full suspension yang dibuat oleh Polygon untuk Anda yang haus tantangan. Dirancang dengan presisi untuk memberikan kontrol maksimal, ketahanan luar biasa, dan kenyamanan tanpa kompromi, sepeda MTB ini siap menemani Anda menaklukkan jalur off-road berbatu hingga cross-country yang menuntut kecepatan. Kenapa Anda Harus Pilih Polygon Syncline DR8? Ringan, responsif, dan tangguh — Polygon Syncline DR8 lebih dari sekadar MTB . Dengan kombinasi frame canggih, ","{""Frame & Suspensi"": ""ACX XC 110mm Travel dengan desain modern, dipadukan forkFOX 34 SC Performance Series120mm Travel dan rear shockFOX Float SL Performance Elite, menghadirkan stabilitas, kontrol, dan kenyamanan di berba"", ""Drivetrain"": ""Shimano Deore XT M8100 1x12 speedyang responsif, memastikan perpindahan gigi mulus dan presisi untuk setiap tanjakan curam maupun turunan cepat."", ""Sistem Rem"": ""Hydraulic Disc Shimano Deore XT M8100dengan rotor 180mm/160mm, memberi Anda keyakinan penuh dengan daya henti optimal bahkan di jalur MTB paling ekstrem."", ""Wheelset & Ban"": ""RodaNovatecdengan banMaxxis Rekon Race29x2.35” memberikan traksi kuat, rolling cepat, serta handling stabil di segala kondisi trek."", ""Komponen Premium"": ""SeatpostTranzX JD-YSP39Jdropper post 125mm travel, serta saddle Fizik Terra Argo X7, dirancang untuk kenyamanan maksimal saat berkendara jarak jauh."", ""Brand"": ""Polygon"", ""What's in the box"": ""1 x Polygon Syncline DR8 Dual Suspension Bike"", ""Rentang Usia"": ""Dewasa"", ""Frame"": ""ACX XC 110mm TRAVEL"", ""Fork"": ""FOX 34 SL PERFORMANCE SERIES 120mm TRAVEL, TAPER 1-1/8\"" TO 1-1/2\"""", ""Rear Shock"": ""FOX FLOAT SL PERFORMANCE ELITE SERIES"", ""Shifter"": ""SHIMANO XT M8100, 1x12 SPEED"", ""Crank Set"": ""SHIMANO DEORE XT M8200, 32T, MAX CHAIN RING : 34T, CRANK ARM : 170 (S-M) / 175mm (L-XL)"", ""Cassette"": ""SHIMANO SLX M7100, 10-51T"", ""Rear Derailleur"": ""SHIMANO XT M8100-SGS"", ""Bottom Bracket"": ""SHIMANO MT801 BSA THREADED"", ""Chain"": ""KMC X-12"", ""Pedal"": ""ALLOY FLAT W/ REPLACEABLE PIN"", ""Saddle"": ""FIZIK TERRA ARGO X7, CR-MO ø 7mm"", ""Seat Post"": ""TRANZ-X JD-YSP23J 125mm TRAVEL, D x L : 31.6x412mm"", ""Seat Clamp"": ""34.9mm BOLT TYPE"", ""Handlebar"": ""POLYGON EXPERT, WIDTH : 760mm, BAR BORE : 31.8mm, RISE/DROP : 5mm, BEND : 9degree"", ""Handle Stem"": ""POLYGON EXPERT, EXTENSION : 70mm, BAR BORE : 31.8MM, RISE / DROP : -17degree"", ""Head Set"": ""FSA NO.69/59/SRS/DUAL, IS 52/28.6 | IS 52/40"", ""Wheel Set"": ""NOVATEC M30 CARBON"", ""Tire"": ""MAXXIS REKON RACE 29\""x2.35\"""", ""Front Hub"": ""NOVATEC BOOST 15x110mm 32H CL"", ""Rear Hub"": ""NOVATEC 12x148mm 32H CL FOR MICRO SPLINE"", ""Spokes & Nipples"": ""F: STAINLESS NDS:290 DS:293 W/ 12mm BRASS NIPPLE, R: STAINLESS NDS:291 DS:289 W/ 12mm BRASS NIPPLE"", ""Brake Lever"": ""SHIMANO DEORE XT M8200"", ""Brake"": ""SHIMANO DEORE XT HYDRAULIC DISC"", ""Brake Rotor"": ""SHIMANO RT64, R:160mm / F:180mm"", ""Speed"": ""1x12 Speed"", ""Genre"": ""MTB"", ""Weight"": ""12.9 kg (Size M)"", ""Note"": ""Spesifikasi, warna dan ketersediaan produk dapat berubah sewaktu-waktu tanpa pemberitahuan sebelumnya.""}",https://www.rodalink.com/id/polygon-sepeda-mtb-dual-suspensi-syncline-dr8-503446.html
Sepeda,Sepeda Gunung,Polygon Sepeda MTB Dual Suspensi Collosus N9,45000000,,,"Polygon Sepeda MTB Dual Suspensi Collosus N9: Taklukkan Medan Enduro dengan Performa Puncak Siap taklukkan jalur ekstrem? Polygon Sepeda MTB Dual Suspensi Collosus N9 adalah mountain bike Enduro sejati. Dirancang untuk performa puncak di medan terjal, sepeda ini menawarkan redaman superior, handling presisi, dan traksi tak tertandingi. Rasakan sensasi ""Enduro Beast"" dan beli sepeda online ini untuk petualangan tak terlupakan! Kenapa Wajib Pilih Polygon Sepeda MTB Dual Suspensi Collosus N9: Respo","{""Travel Suspensi"": ""170mmFront & Rear Travel(Fox 38 Performance & Fox Float X2)Redaman maksimal untuk melibasobstaclebesar dan menjaga roda tetap menapak di medan kasar."", ""Tipe Linkage"": ""Independent Floating Suspension(IFS) SystemSuspensi aktif, responsif, minimalkanpedal bob, serap benturan efektif."", ""Bahan Frame"": ""ALX 6061 Alloy FrameRingan, kuat, tahan banting, dirancang untuk kerasnya medanmountain bikeEnduro."", ""Dropper Post"": ""Internally RoutedTranz X JD-YSP39KL (150/170mm)Ubah ketinggian sadel instan, tingkatkan kontrol dan kepercayaan diri di jalur teknis."", ""BrakesKuat"": ""Shimano XT M8120 4-Piston Hydraulic Disc BrakesDaya pengereman superior, konsisten di segala kondisi, kontrol penuh kecepatan tinggi."", ""Drivetrain"": ""Shimano XT 1x12 Drivetrain(SL-M8100-R, FC-M8120, CS-M7100, RD-M8100-SGS)Pilihan gigi luas, perpindahan cepat dan presisi untuk efisiensi maksimalsepeda gunung."", ""Wheelset"": ""Polygon MT6Tubeless Ready29\""Roda 29 inci siaptubeless, traksi dan stabilitas optimal di berbagai medansepeda gunung."", ""Brand"": ""Polygon"", ""What's in the box"": ""1 x Polygon Collosus N9 Dual Suspension Bike"", ""Rentang Usia"": ""Dewasa"", ""Frame"": ""ALX ENDURO 170mm TRAVEL"", ""Fork"": ""FOX 38 FLOAT PERFORMANCE, ALLOY TAPER 1-1/8\"" TO 1-1/2\"""", ""Rear Shock"": ""FOX FLOAT X2, E2E : 230x65mm,  AIR SPRING, 2 POSITION ADJUST, HSC-LSC, HSR-LSR"", ""Shifter"": ""SHIMANO XT SL-M8100-R, 1x12-SPEED TRIGGER"", ""Crank Set"": ""SHIMANO DEORE XT FC-M8120, 32T, MAX CHAIN RING : 34T, CRANK ARM : 165mm"", ""Cassette"": ""SHIMANO SLX CS-M7100, 10-51T"", ""Rear Derailleur"": ""SHIMANO XT RD-M8100-SGS"", ""Bottom Bracket"": ""SHIMANO BB-MT501 BSA THREADED"", ""Chain"": ""KMC X-12"", ""Pedal"": ""ALLOY FLAT W/ REPLACEABLE PIN"", ""Saddle"": ""LINC XTENT, CR-MO ø7mm"", ""Seat Post"": ""TRANZ X JD-YSP39KL 150mm (S, M) / 170mm (L, XL) TRAVEL, D x L : 34.9 x 456mm (S, M) / 495mm (L, XL)"", ""Seat Clamp"": ""38.9mm BOLT TYPE"", ""Handlebar"": ""RACE FACE CHESTER 35, W: 780mm, BB: 35mm, R/D: 35mm, BEND:8 degree"", ""Handle Stem"": ""RACE FACE AEFFECT R 35, EXT:40mm, BB:35mm"", ""Head Set"": ""FSA NO.57E W/ SEALED BEARING, ZS 44/28.6 | ZS 56/40"", ""Wheel Set"": ""POLYGON MT6 TUBELESS READY"", ""Tire"": ""MAXXIS ASSEGAI 29\""x2.5\"""", ""Front Hub"": ""SHIMANO XT HB-M8110-B BOOST 15x110mm 32H CL"", ""Rear Hub"": ""SHIMANO DEORE XT FH-M8110-B BOOST 12x148mm 32H CL FOR MICRO SPLINE"", ""Spokes & Nipples"": ""F: 14G STAINLESS NDS:290mm DS:292mm W/ 12mm BRASS NIPPLE, R:14G STAINLESS NDS:294mm DS:292mm W/ 12mm BRASS NIPPLE"", ""Brake Lever"": ""SHIMANO XT BL-M8100"", ""Brake"": ""SHIMANO XT HYDRAULIC DISC"", ""Brake Rotor"": ""SHIMANO SM-RT64 203mm"", ""Speed"": ""1x12 Speed"", ""Genre"": ""MTB"", ""Wheel size"": ""29\"""", ""Note"": ""Spesifikasi, warna dan ketersediaan produk dapat berubah sewaktu-waktu tanpa pemberitahuan sebelumnya.""}",https://www.rodalink.com/id/polygon-sepeda-mtb-dual-suspensi-collosus-n9-503326.html
Sepeda,Sepeda Gunung,Polygon Sepeda MTB Dual Suspensi Collosus T6 Carbon,43000000,,,"Mengenal Collosus T6 Carbon MTB Taklukkan setiap jalur dengan Polygon Collosus T6 Carbon , sepeda gunung trail berframe ACX Carbon yang ringan, kuat, dan responsif. Dirancang oleh Polygon untuk efisiensi kayuhan dan kontrol maksimal di medan berat—baik saat climbing curam maupun downhill berkecepatan tinggi. Kenapa Anda Harus Pilih Collosus T6 Carbon? Lebih dari sekadar sepeda gunung atau MTB , Collosus T6 Carbon adalah partner untuk menantang batas. Dengan perpaduan presisi, stabilitas, dan per","{""Frame & Suspension"": ""FrameACX Carbondengan suspensiMarzocchi Bombersiap redam guncangan di jalur teknikal. Ringan, stabil, dan responsif untuk riding yang lebih percaya diri."", ""Drivetrain & Brakes"": ""SistemShimano Deore 1x12-speedbikin shifting mulus di segala kondisi.Hydraulic disc brakedari Shimano kasih pengereman kuat dan konsisten di turunan curam."", ""Wheelset & Components"": ""RodaTubeless Readydengan banMaxxis Dissector 29”siap menghadapi berbagai medan. DilengkapiTranzX Seat Postuntuk transisi cepat dari tanjakan ke turunan."", ""Geometry & Handling"": ""Desain modern denganBoost hubdaninternal cable routingbikin tampilan clean dan kontrol makin stabil di tiap tikungan."", ""Brand"": ""Polygon"", ""What's in the box"": ""1 x Polygon Collosus T6 Carbon MTB Dual Suspension Bike"", ""Rentang Usia"": ""Dewasa"", ""Frame"": ""ACX TRAIL 140mm TRAVEL"", ""Fork"": ""MARZOCCHI BOMBER Z1 160mm TRAVEL, TAPER 1-1/8\"" TO 1-1/2\"""", ""Rear Shock"": ""MARZOCCHI BOMBER AIR, E2E : 210x55mm"", ""Shifter"": ""SHIMANO DEORE SL-M6100-R, 1x12-SPEED TRIGGER"", ""Crank Set"": ""SHIMANO MT6120, 32T, MAX CHAIN RING : 34T, CRANK ARM : 165mm"", ""Cassette"": ""SHIMANO DEORE M6100, 10-51T"", ""Rear Derailleur"": ""SHIMANO DEORE M6100, SHADOW RD+"", ""Bottom Bracket"": ""BSA BB"", ""Chain"": ""KMC X-12"", ""Pedal"": ""ALLOY FLAT W/ REPLACEABLE PIN"", ""Saddle"": ""XTENT,  CR-MO ø7mm"", ""Seat Post"": ""TRANZ X JD-YSP39KL 150mm (S, M) / 170mm (L, XL) TRAVEL, D x L : 34.9x456mm (S, M) / 495mm (L, XL)"", ""Seat Clamp"": ""38.9mm BOLT TYPE"", ""Handlebar"": ""RACE FACE CHESTER 35, WIDTH : 780mm, BAR BORE : 35mm, RISE/DROP : 35mm, BEND : 8degree"", ""Handle Stem"": ""ALLOY, EXTENSION : 35mm, BAR BORE : 35mm, RISE / DROP : 0degree"", ""Head Set"": ""FSA NO.76 ALLOY TOP COVER, THREADLESS, ZS 51/28.6 | ZS 59/40"", ""Wheel Set"": ""POLYGON MT6 TUBELESS READY"", ""Tire"": ""MAXXIS DISSECTOR 29\""x2.40\"""", ""Front Hub"": ""SHIMANO TC-500 BOOST 15x110mm 32H CL"", ""Rear Hub"": ""SHIMANO TC-500 12x148mm 32H CL FOR MICRO SPLINE"", ""Spokes & Nipples"": ""F: 14G STAINLESS NDS:290mm DS:292mm W/ 12mm BRASS NIPPLE, R: 14G STAINLESS NDS:294mm DS:292mm W/ 12mm BRASS NIPPLE"", ""Brake Lever"": ""SHIMANO M4100"", ""Brake"": ""SHIMANO MT420 HYDRAULIC DIS"", ""Brake Rotor"": ""SHIMANO RT54, 180mm"", ""Extras"": ""COMPARTMENT BAG, FLIP CHIP"", ""Speed"": ""1x12 Speed"", ""Genre"": ""MTB"", ""Wheel size"": ""29\"""", ""Weight"": ""16.7 kg (Size M)"", ""Note"": ""Spesifikasi, warna dan ketersediaan produk dapat berubah sewaktu-waktu tanpa pemberitahuan sebelumnya.""}",https://www.rodalink.com/id/polygon-sepeda-mtb-dual-suspensi-collosus-t6-503485.html
Sepeda,Sepeda Gunung,Polygon Sepeda MTB Dual Suspensi Collosus DH8,42000000,,,"Collosus DH8 is a perfect downhill bike for any downhill riders looking to race, jump, or drop into steep, and rough terrain. With an ALX front triangle, ACX advanced carbon rear, and an updated suspension system that has been tested and proven on the famous UCI World Cup Downhill circuit, the Collosus DH8 is your ideal mate to take control over your gravity fed addiction, roll faster, and improve your performance on any trail. ALX Advance Hydroformed Downhill Frame combine with carbon rear tria","{""Features"": ""ALX Advance Hydroformed Downhill Frame combine with carbon rear triangle with the newest Floating Suspension System technology | Full Shimano Zee groupset 10 Speed | Rockshox Boxxer Team fork and Rockshox Vivid R2C rear shock | Kore Torsion oversized 35mm barbore handlebar and stem | Spank Spike Race28 DH EVO rims with Schwalbe Magic Marry tyres"", ""Brand"": ""Polygon"", ""What's in the box"": ""1 x Polygon Collosus DH8 Dual Suspension Bike"", ""Rentang Usia"": ""Dewasa"", ""Frame"": ""ALX Gravity Aluminium, suspension 200 mm travel"", ""Fork"": ""ROCKSHOX BOXXER TEAM, COIL SPRING, TRAVEL 200mm"", ""Rear Shock"": ""ROCKSHOX VIVID R2C"", ""Shifter"": ""SHIMANO ZEE SL-M640"", ""Crank Set"": ""SHIMANO ZEE FC-M645 36T, 165mm"", ""Cassette"": ""SHIMANO CS-5700, 11-25T 10-speed"", ""Front Derailleur"": ""SHIMANO ZEE RD-M640"", ""Chain"": ""SHIMANO XT CN-HG95"", ""Pedal"": ""KORE TORSION SX V2"", ""Saddle"": ""ENTITY ASSAULT, CRMO RAIL"", ""Seat Post"": ""KORE AEROX 3, ALLOY, 30.9X300mm"", ""Handlebar"": ""KORE TORSION M35, Alloy, 800mm"", ""Handle Stem"": ""KORE TORSION DM V2 M35, Alloy, 30mm"", ""Head Set"": ""FSA NO.57E-1"", ""Wheel Set"": ""SPANK SPIKE RACE28 DH EVO RIMS with Thru Axle Hub"", ""Tire"": ""SCHWALBE MAGIC MARY, 27.5X2.35"", ""Brake"": ""SHIMANO ZEE M640"", ""Bike Stand"": ""Not Included"", ""Speed"": ""1x10 Speed"", ""Genre"": ""MTB"", ""Wheel size"": ""27.5\"""", ""Weight"": ""14.8 kg"", ""Note"": ""Spesifikasi, warna dan ketersediaan produk dapat berubah sewaktu-waktu tanpa pemberitahuan sebelumnya.""}",https://www.rodalink.com/id/polygon-sepeda-collosus-dh8-2016-25775.html
Sepeda,Sepeda Gunung,Polygon Sepeda MTB Dual Suspensi Collosus T8,41000000,,,"Polygon Sepeda MTB Dual Suspensi Collosus T8 Siap taklukkan setiap trail ? Polygon Sepeda MTB Dual Suspensi Collosus T8 adalah partner sejati untuk performa tanpa kompromi. Rasakan sensasi melaju cepat, menaklukkan tanjakan, dan melibas turunan teknis penuh percaya diri. Ini MTB full-suspension 29"" terbaik untuk medan terberat. Beli Polygon Collosus T8 sekarang di Rodalink Indonesia, toko sepeda terpercaya! Kenapa Pilih Polygon Sepeda MTB Dual Suspensi Collosus T8? Pilih Polygon Collosus T8 untu","{""Dropper Post"": ""Tranz X JD-YSP39KLSesuaikan ketinggian sadelmu dengan mudah untukclimbingefisien ataudescendinglebih leluasa. Tingkatkan kontrol dan kenyamanan di setiap medan."", ""Ban"": ""Maxxis Dissector 29\""x2.40\""Tubeless ReadyDapatkan traksi maksimal dan ketahanan tusukan superior. Siap hadapitrailterberat tanpa khawatir ban bocor."", ""Velg"": ""Polygon MT6Velg kokoh dan ringan, dirancang untuk performa optimal di medanoff-road. Menjamin stabilitas dan durabilitas untuk petualanganmu."", ""Brand"": ""Polygon"", ""What's in the box"": ""1 x Polygon Collosus T8 MTB Dual Suspension Bike"", ""Material"": ""Alloy"", ""Rentang Usia"": ""Dewasa"", ""Frame"": ""ALX TRAIL"", ""Fork"": ""FOX 36 PERFORMANCE 160mm TRAVEL, ALLOY TAPER 1-1/8\"" TO 1-1/2\"""", ""Rear Shock"": ""FOX FLOAT PERFORMANCE, E2E : 210x55mm"", ""Shifter"": ""SRAM EAGLE 70, 12 SPEED TRIGGER"", ""Crank Set"": ""SRAM EAGLE 70 BOOST, 32T, MAX CHAIN RING : SINGLE, 34T, CRANK ARM : 165mm"", ""Cassette"": ""SRAM CS-XS-1270-A1, 10-52T"", ""Rear Derailleur"": ""SRAM EAGLE 70 T-TYPE"", ""Bottom Bracket"": ""SRAM DUB BSA THREADED 73mm"", ""Chain"": ""SRAM EAGLE 70 T-TYPE"", ""Pedal"": ""ALLOY FLAT PEDAL W/ REPLACEABLE PIN & REFLECTOR"", ""Saddle"": ""FIZIK TERRA ALPACA X5, ALLOY ø7mm"", ""Seat Post"": ""TRANZ X JD-YSP39KL 150mm (S, M) / 170mm (L, XL) TRAVEL, D x L : 34.9 x 456mm (S, M) / 496mm (L, XL)"", ""Seat Clamp"": ""38.9mm BOLT TYPE"", ""Handlebar"": ""POLYGON XPERT, WIDTH : 780mm, BAR BORE : 35mm, RISE/DROP : 30mm, BEND : 9degree"", ""Handle Stem"": ""POLYGON XPERT, EXTENSION : 35mm, BAR BORE : 35mm, RISE / DROP : 0degree"", ""Head Set"": ""FSA NO.76 ALLOY TOP COVER, THREADLESS, ZS 51/28.6 | ZS 59/40"", ""Wheel Set"": ""POLYGON MT6 TUBELESS READY"", ""Tire"": ""MAXXIS DISSECTOR 29\""x2.40\"""", ""Front Hub"": ""NOVATEC D041SB-CL BOOST 15x110mm 32H CL"", ""Rear Hub"": ""NOVATEC D442SB-CL BOOST 12x148mm 32H CL FOR SPROCKET"", ""Spokes & Nipples"": ""F: 14G STAINLESS NDS:292mm DS:294mm W/ 12mm BRASS NIPPLE, R:  14G STAINLESS NDS:292mm DS:290mm W/ 12mm BRASS NIPPLE"", ""Brake Lever"": ""MAGURA MT5 W/ HC LEVER"", ""Brake"": ""MAGURA MT5 HYDRAULIC DISC"", ""Brake Rotor"": ""MAGURA MDR-C, F:203mm R:180mm CL"", ""Extras"": ""DROPOUT : UDH,  COMPARTMENT BAG, FLIP CHIP"", ""Speed"": ""1x12 Speed"", ""Genre"": ""MTB"", ""Weight"": ""16.4 kg (Size M)"", ""Note"": ""Spesifikasi, warna dan ketersediaan produk dapat berubah sewaktu-waktu tanpa pemberitahuan sebelumnya.""}",https://www.rodalink.com/id/polygon-sepeda-mtb-dual-suspensi-collosus-t8-alloy-pa01882.html
Sepeda,Sepeda Gunung,Polygon Sepeda MTB Dual Suspensi Collosus N9 2023,41000000,,,"Polygon Sepeda MTB Dual Suspensi Collosus N9: Taklukkan Segala Medan dengan Kenyamanan Ekstrem Rasakan adrenalin balap enduro dan kebebasan all-mountain dengan Polygon Sepeda MTB Dual Suspensi Collosus N9 . Dirancang untuk kamu yang mendambakan performa puncak, sepeda gunung ini siap melibas turunan terjal dan tanjakan teknis dengan redaman superior, handling presisi, serta traksi tak tertandingi. Kenapa Wajib Pilih Polygon Sepeda MTB Dual Suspensi Collosus N9 2023: Responsif di Tanjakan, Stabil","{""Travel Suspensi 170mm Depan & Belakang"": ""Fox 38 Performance Fork dengan damper FIT GRIP dan Fox Float X2 Performance ShockRedaman maksimal untukbig hitsdan medan ekstrem, menjaga roda menapak, kontrol penuh di kecepatan tinggi."", ""Sistem Linkage IFS (Independent Floating Suspension)"": ""Desain 6-bar yang inovatifSensitivitassmall-bumpmewah, efisiensipedalingluar biasa, resistensibottom-outprogresif untuk performaenduro. Dilengkapiflip chip&dropoutUDH."", ""Frame ALX Aluminum"": ""Kuat,durable, dan responsifDibangun untuk benturan terberat, menawarkanhandlinggesit danfeedbackpresisi."", ""Dropper PostTranzX JD-YSP39KL"": ""Penyesuaian ketinggian sadel instanTravel 150mm (S, M) atau 170mm (L, XL). Maksimalkan posisi tubuhmu di tanjakan curam dan turunan teknis, tingkatkan kepercayaan diri."", ""BrakesShimano XT M8120 Hidrolik 4-Piston"": ""Daya pengereman superiorKontrol kecepatan tak tertandingi dengan kekuatan henti konsisten dan andal di segala kondisi."", ""DrivetrainShimano XT 1x12-Speed Lengkap"": ""Perpindahan gigi yang mulus dan presisiShifterXT,RDXT,cranksetXT 32T,cassetteSLX 10-51T. Rentang gigi lebar taklukkan tanjakan dan pertahankan kecepatan di turunan."", ""Wheelset Polygon MT6 Tubeless Ready"": ""Roda 29 inci yang tangguh dan siaptubeless.Traksi optimal dan ketahanan tusukan untuk performa maksimal di medanenduro."", ""Brand"": ""Polygon"", ""What's in the box"": ""1 x Polygon Collosus N9 Dual Suspension Bike"", ""Technology"": ""BRAKE-SHIFTER INTERNAL ROUTE, FEATURES FORK-FLOAT EVOL, 170mm TRAVEL, OFFSET: 44mm, GRIP 2, HSC-LSC, HSR-LSR, W/, FEATURES SHOC-AIR SPRING, 2 POSITION ADJUST, HSC-LSC, HSR-LSR, BODY:TRUNNION – SHAFT:M8x25mm"", ""Rentang Usia"": ""Dewasa"", ""Frame"": ""ALX AM/ENDURO 170mm TRAVEL"", ""Fork"": ""FOX 38 FLOAT PERFORMANCE, FLOAT EVOL, 170mm TRAVEL, OFFSET: 44mm, GRIP, 3POS, W/ FENDER"", ""Rear Shock"": ""FOX FLOAT X2, E2E : 205x65mm"", ""Shifter"": ""SHIMANO XT SL-M8100-R 12-SPEED TRIGGER"", ""Crank Set"": ""SHIMANO XT FC-M8100-1 32T, MAX CHAIN RING : 36T, CRANK ARM : 170MM"", ""Cassette"": ""SHIMANO DEORE CS-M6100 12-SPEED 10-51T"", ""Rear Derailleur"": ""SHIMANO XT RD-M8100-SGS 12-SPEED"", ""Bottom Bracket"": ""SHIMANO BB-MT501 BSA THREADED"", ""Chain"": ""KMC X-12 FOR 12-SPEED, CHAIN GUIDE : E13 TRS PLUS 32-34T ISCG05 W/ 34T BASHGUARD"", ""Pedal"": ""ALLOY FLAT W/ REPLACEABLE PIN"", ""Saddle"": ""ENTITY XTEND, CR-MO ø7mm"", ""Seat Post"": ""TRANZ X JD-YSP23JL 150mm (S, M) / 170mm (L, XL) TRAVEL, D x L : 30.9 x 459mm (S, M) / 499mm (L, XL)"", ""Seat Clamp"": ""34.9mm BOLT TYPE"", ""Handlebar"": ""RACE FACE AEFFECT R 35,  W: 780MM, B: 35MM, R/D: 20MM, BEND : 8degree"", ""Handle Stem"": ""RACE FACE AFFECT R35 28.6X50, Barbore : 35, Ext : 50"", ""Head Set"": ""FSA NO.57E W/ SEALED BEARING, ZS 44/28.6 | ZS 56/40"", ""Wheel Set"": ""ENTITY XL2 TUBELESS READY, ALLOY DOUBLE WALL H:17.5mm W: 35mm 622-35 32H FOR TYRE 622-54/76 TL READY"", ""Tire"": ""SCHWALBE MAGIC MARY EVO 29\""x2.60\"" 622x65 SUPER GRAVITY TLE ADDIX SOFT"", ""Front Hub"": ""SHIMANO XT HB-M8110-B BOOST 15x110mm 32H CL"", ""Rear Hub"": ""ALLOY FREEHUB BOOST 12x148mm 32H CL FOR MICRO SPLINE"", ""Spokes & Nipples"": ""14G STAINLESS NDS:TBDmm DS:TBDmm W/ 12mm BRASS NIPPLE"", ""Brake Lever"": ""SRAM CODE R"", ""Brake"": ""SRAM CODE R HYDRAULIC DISC"", ""Brake Rotor"": ""SRAM CENTERLINE 200mm CL"", ""Extras"": ""SHUTTLE PAD, D/T PROTECTOR, C/S PROTECTOR, DROPOUT"", ""Speed"": ""1x12 Speed"", ""Genre"": ""MTB"", ""Wheel size"": ""29\"""", ""Weight"": ""24.3 kg (size M)"", ""Note"": ""Spesifikasi, warna dan ketersediaan produk dapat berubah sewaktu-waktu tanpa pemberitahuan sebelumnya.""}",https://www.rodalink.com/id/polygon-sepeda-mtb-dual-suspensi-collosus-n9-502872.html
Sepeda,Sepeda Gunung,Polygon Sepeda MTB Dual Suspensi Siskiu N9,40500000,,,"Polygon Sepeda MTB Siskiu N9: Penakluk Trail Agresif untuk Petualangan Maksimal Siap taklukkan setiap medan ekstrem? Polygon Siskiu N9 adalah sepeda MTB fullsus Enduro impianmu. Dirancang untuk performa maksimal, sepeda gunung ini menawarkan kendali superior dan ketahanan luar biasa. Rasakan adrenalin di setiap trail dengan sepeda ini. Dapatkan pengalaman riding tak terlupakan! Kenapa Wajib Pilih Polygon Siskiu N9? Upgrade petualanganmu dengan Polygon Siskiu N9 . Dapatkan kepercayaan diri menakl","{""Frame ALX Alloy"": ""Geometri Agresif & Boost Thru-AxleDirancang khusus Enduro,frame ALX Alloykokoh dengantapered head tubedanBoost Thru-Axleuntuk kekakuan optimal di medan terjal."", ""Suspensi FOX Performance"": ""Travel 170mm/160mmRedaman superior denganfork FOX PERFORMANCE 36 FLOATdanrear shock FOX PERFORMANCE FLOAT DPX2. Travel 170mm (27.5\"") atau 160mm (29\"") siap melibas rintangan."", ""Drivetrain Shimano XT 1x12-speed"": ""Presisi & TangguhPerpindahan gigi mulus dan responsif denganShimano XT M8100 1x12-speed. Ideal untuk tanjakan curam dan kecepatan tinggi."", ""Rem TRP Slate T4 4 Piston"": ""Daya Henti MaksimalKontrol penuh di setiap turunan berkathydraulic disc brakes TRP Slate T4 4 Pistondengan rotor 180mm yang kuat."", ""Dropper Post"": ""Penyesuaian CepatSesuaikan ketinggian sadel instan dengandropper post150mm atau 170mm, memberikan kebebasan bergerak di medan teknis."", ""Wheelset Entity XL2 & Ban WTB Vigilante"": ""Traksi OptimalKombinasiwheelset Entity XL2dan banWTB Vigilantemenjamin traksi dan cengkeraman maksimal di berbagai kondisitrail."", ""Brand"": ""Polygon"", ""What's in the box"": ""1 x Polygon Siskiu N9 Dual Suspension Bike"", ""Rentang Usia"": ""Dewasa"", ""Frame"": ""ALX AM/ENDURO SUSPENSION FRAME"", ""Fork"": ""FOX 36 PERFORMANCE, BOOST 15X110MM, 170MM (27.5”) / 160MM (29”) TRAVEL"", ""Rear Shock"": ""FOX PERFORMANCE FLOAT DPX2 E2E:205X65, 3 POS LEVER, LV EVOL, HARDWARE:8MMX25MM & TRUNNION"", ""Shifter"": ""SHIMANO DEORE XT SL-M8100"", ""Crank Set"": ""SHIMANO DEORE XT FC-M8100"", ""Cassette"": ""SHIMANO DEORE XT CS-M8100"", ""Front Derailleur"": ""-"", ""Rear Derailleur"": ""SHIMANO DEORE XT RD-M8100"", ""Bottom Bracket"": ""SHIMANO BSA THREADED"", ""Chain"": ""SHIMANO CN-M7100"", ""Pedal"": ""FLAT ALLOY"", ""Saddle"": ""ENTITY XTENT"", ""Seat Post"": ""ALLOY DROPPER 150mm (S-M) / 170mm (L-XL) TRAVEL"", ""Handlebar"": ""RACE FACE AFFECT, ALLOY"", ""Handle Stem"": ""RACE FACE AFFECT, ALLOY"", ""Head Set"": ""ZERO STACK (ZS) SEALED BEARING"", ""Tire"": ""WTB VIGILANTE 27.5x2.60\"" / 29x2.30\"""", ""Brake"": ""TRP SLATE HYDRAULIC DISC BRAKE"", ""Speed"": ""1x12 Speed"", ""Color"": ""Black Blue"", ""Genre"": ""MTB"", ""Note"": ""Spesifikasi, warna dan ketersediaan produk dapat berubah sewaktu-waktu tanpa pemberitahuan sebelumnya.""}",https://www.rodalink.com/id/polygon-siskiu-n9-dual-suspension-bikes.html
Sepeda,Sepeda Gunung,Polygon Sepeda MTB Dual Suspensi Syncline DR6,40000000,,,"Mengenal Polygon Syncline DR6 Rasakan sensasi kebebasan sejati dengan Polygon Syncline DR6 , sepeda gunung full suspension yang dirancang untuk melibas berbagai jalur—dari cross-country hingga trail—dengan performa tangguh, kenyamanan maksimal, dan kontrol presisi. Kenapa Anda Harus Pilih Polygon Syncline DR6? Dibekali frame kuat, suspensi responsif, dan drivetrain Shimano yang mulus, Syncline DR6 adalah pilihan tepat bagi rider yang ingin upgrade sepeda gunung dan membawa pengalaman bersepeda k","{""Frame & Suspensi"": ""Frame ACX XC dengan travel 110mm dan sistem kabel rapi dipadukan denganfork FOX 34danrear shock FOX Float SL Elite. Hasilnya: kontrol lebih stabil, kenyamanan maksimal, dan setting suspensi yang bisa "", ""Drivetrain & Transmisi"": ""PaduanShimano Deore 1x12 speeddengan crankset Shimano MT512 memberikan perpindahan gigi halus dan efisiensi tenaga, membuat tanjakan curam maupun turunan teknikal terasa lebih mudah ditaklukkan."", ""Sistem Pengereman"": ""DenganShimano Deore Hydraulic Disc Brake, Anda mendapatkan pengereman kuat dan responsif di segala kondisi—baik jalur kering, basah, maupun berlumpur."", ""Wheelset & Ban"": ""Wheelset Polygon MT6 Tubeless Readydanban Maxxis Rekon Race 29x2.35”memberikan traksi lebih baik, akselerasi cepat, dan cengkeraman mantap di jalur cross-country maupun trail."", ""Kenyamanan & Kontrol"": ""Saddle Fizik Terra Argo X7, seatpost dropper Tranz-X, dan cockpit Polygon Expert dirancang untuk posisi riding yang nyaman sekaligus penuh percaya diri, baik di jalur panjang maupun turunan agresif."", ""Brand"": ""Polygon"", ""What's in the box"": ""1 x Polygon Syncline DR6 Dual Suspension Bike"", ""Rentang Usia"": ""Dewasa"", ""Frame"": ""ACX XC 110mm TRAVEL"", ""Fork"": ""FOX 34 SL PERFORMANCE SERIES 120mm TRAVEL, TAPER 1-1/8\"" TO 1-1/2\"""", ""Rear Shock"": ""FOX FLOAT SL PERFORMANCE ELITE SERIES"", ""Shifter"": ""SHIMANO DEORE M6100, 1x12 SPEED"", ""Crank Set"": ""SHIMANO MT512, 32T, MAX CHAIN RING : 34T, CRANK ARM : 170 (S-M) / 175mm (L-XL)"", ""Cassette"": ""SHIMANO DEORE M6100, 10-51T"", ""Rear Derailleur"": ""SHIMANO DEORE M6100"", ""Bottom Bracket"": ""SHIMANO BSA BB"", ""Chain"": ""KMC X-12"", ""Pedal"": ""ALLOY FLAT W/ REPLACEABLE PIN"", ""Saddle"": ""FIZIK TERRA ARGO X7, CR-MO ø 7mm"", ""Seat Post"": ""TRANZ-X JD-YSP23J 125mm TRAVEL, D x L : 31.6x412mm"", ""Seat Clamp"": ""34.9mm BOLT TYPE"", ""Handlebar"": ""POLYGON EXPERT, WIDTH : 760mm, BAR BORE : 31.8mm, RISE/DROP : 5mm, BEND : 9degree"", ""Handle Stem"": ""POLYGON EXPERT, EXTENSION : 70mm, BAR BORE : 31.8MM, RISE / DROP : -17degree"", ""Head Set"": ""FSA NO.69/59/SRS/DUAL, IS 52/28.6 | IS 52/40"", ""Wheel Set"": ""POLYGON MT6 TUBELESS READY"", ""Tire"": ""MAXXIS REKON RACE 29\""x2.35\"""", ""Front Hub"": ""SHIMANO TC-500 BOOST 15x110mm 32H CL"", ""Rear Hub"": ""SHIMANO TC-500 12x148mm 32H CL FOR MICRO SPLINE"", ""Spokes & Nipples"": ""F: 14G STAINLESS NDS:290mm DS:292mm W/ 12mm BRASS NIPPLE, R:14G STAINLESS NDS:294mm DS:292mm W/ 12mm BRASS NIPPLE"", ""Brake Lever"": ""SHIMANO DEORE M6100"", ""Brake"": ""SHIMANO DEORE HYDRAULIC DISC"", ""Brake Rotor"": ""SHIMANO RT64, R:160mm / F:180mm"", ""Speed"": ""1x12 Speed"", ""Genre"": ""MTB"", ""Weight"": ""13.38 kg (Size M)"", ""Note"": ""Spesifikasi, warna dan ketersediaan produk dapat berubah sewaktu-waktu tanpa pemberitahuan sebelumnya.""}",https://www.rodalink.com/id/polygon-sepeda-mtb-dual-suspensi-syncline-dr6-503447.html
Sepeda,Sepeda Gunung,Polygon Sepeda MTB Dual Suspensi Collosus N7,36000000,,,"Polygon Sepeda MTB Dual Suspensi Collosus N7: Taklukkan Segala Medan dengan Kenyamanan Ekstrem Rasakan adrenalin enduro sejati dengan Polygon Sepeda MTB Dual Suspensi Collosus N7 . Dirancang untuk rider yang haus tantangan, sepeda gunung ini adalah enduro beast yang siap melibas jalur terjal, gnarly trails , dan turunan ekstrem. Ini bukan sekadar MTB full-suspension , ini adalah tiketmu menuju performa tak terbatas di medan paling menantang. Kenapa Wajib Pilih Polygon Sepeda MTB Dual Suspensi Co","{""Travel Suspensi 170mm"": ""RockShox ZEB Base Rush RC Fork & RockShox Super Deluxe Select+ Rear ShockRedaman maksimal untukbig hitsdansmall-bump sensitivity, menjaga roda tetap menapak di medan paling brutal."", ""IFS (Independent Floating Suspension) Linkage"": ""Desain enam-bar PolygonMenyediakan kontrol tak tertandingi, efisiensipedaling, dan resistensibottom-outprogresif."", ""Frame ALX Enduro Alloy"": ""Aluminiumhydroformed&triple-buttedDaya tahan tinggi untukenduroagresif, denganinternal cable routingrapi dan perlindunganframeoptimal."", ""Dropper Post TranzX JD-YSP39KL (34.9mm)"": ""150mm (S, M) / 170mm (L, XL)travelFleksibilitas posisi duduk instan untuk transisi mulus antara tanjakan curam dan turunan teknis."", ""Rem Cakram Hidrolik Shimano MT420"": ""4-piston depan, 2-piston belakang & rotor Shimano SM-RT64 CL 203mmDaya henti kuat dan konsisten, memberikan kepercayaan diri penuh di kecepatan tinggi dan turunan curam."", ""Drivetrain Shimano Deore 1x12-speed"": ""Shifter SL-M6100-R, RD-M6100, Crankset FC-MT6120 32T, Cassette CS-M6100 10-51TPerpindahan gigi presisi dan rentang gigi luas untuk menaklukkan tanjakan terjal dan melaju kencang diflat section."", ""Wheelset & Ban"": ""Polygon MT6 Tubeless Ready & Maxxis Assegai 29\""x2.5\""Kombinasi tangguh untuk traksi optimal dan performa di berbagai medanenduro."", ""Brand"": ""Polygon"", ""What's in the box"": ""1 x Polygon Collosus N7 Dual Suspension Bike"", ""Rentang Usia"": ""Dewasa"", ""Frame"": ""ALX ENDURO 170mm TRAVEL"", ""Fork"": ""ROCKSHOX ZEB BASE RUSH RC TRAVEL 170MM, ALLOY TAPER 1-1/8\"" TO 1-1/2\"""", ""Rear Shock"": ""ROCKSHOX SUPER DELUXE SELECT+"", ""Shifter"": ""SHIMANO DEORE SL-M6100-R, 1x12-SPEED TRIGGER"", ""Crank Set"": ""SHIMANO FC-MT6120, 32T, MAX CHAIN RING : 34T, CRANK ARM : 165mm"", ""Cassette"": ""SHIMANO DEORE CS-M6100, 10-51T"", ""Rear Derailleur"": ""SHIMANO DEORE RD-M6100"", ""Bottom Bracket"": ""SHIMANO BSA THREADED"", ""Chain"": ""KMC X-12"", ""Pedal"": ""ALLOY FLAT W/ REPLACEABLE PIN"", ""Saddle"": ""LINC XTENT, CR-MO ø7mm"", ""Seat Post"": ""TRANZ X JD-YSP39KL 150mm (S, M) / 170mm (L, XL) TRAVEL"", ""Seat Clamp"": ""38.9mm BOLT TYPE"", ""Handlebar"": ""POLYGON EXPERT, W: 780mm, BB: 35mm, R/D: 30mm, BEND:9 degree"", ""Handle Stem"": ""POLYGON EXPERT, EXT:35mm, BB:35mm"", ""Head Set"": ""FSA NO.57E W/ SEALED BEARING, ZS 44/28.6 | ZS 56/40"", ""Wheel Set"": ""POLYGON MT6 TUBELESS READY"", ""Tire"": ""MAXXIS ASSEGAI 29\""x2.5\"""", ""Front Hub"": ""SHIMANO TC-500 BOOST 15x110mm 32H CL"", ""Rear Hub"": ""SHIMANO TC-500 12x148mm 32H CL FOR MICRO SPLINE"", ""Spokes & Nipples"": ""F: 14G STAINLESS NDS:290mm DS:292mm W/ 12mm BRASS NIPPLE, R: 14G STAINLESS NDS:294mm DS:292mm W/ 12mm BRASS NIPPLE"", ""Brake Lever"": ""SHIMANO BL-M4100"", ""Brake"": ""SHIMANO HYDRAULIC DISC"", ""Brake Rotor"": ""SHIMANO SM-RT64 CL 203mm"", ""Speed"": ""1x12 Speed"", ""Genre"": ""MTB"", ""Wheel size"": ""29\"""", ""Note"": ""Spesifikasi, warna dan ketersediaan produk dapat berubah sewaktu-waktu tanpa pemberitahuan sebelumnya.""}",https://www.rodalink.com/id/polygon-sepeda-mtb-dual-suspensi-collosus-n7-503325.html
Sepeda,Sepeda Gunung,Polygon Sepeda MTB Dual Suspensi Collosus T6,33000000,,,"Polygon Sepeda MTB Dual Suspensi Collosus T6 Para cyclist , siap upgrade pengalaman trail riding kamu? Polygon Sepeda MTB Dual Suspensi Collosus T6 adalah trail machine sejati, dirancang menaklukkan rintangan. Ini jawaban bagi kamu yang haus petualangan off-road dengan frame ALX Trail yang kokoh dan lincah. Kenapa Wajib Pilih Polygon Sepeda MTB Dual Suspensi Collosus T6? Rasakan performa maksimal di setiap trail dengan Polygon Sepeda MTB Dual Suspensi Collosus T6 . F ull-suspension 29 inch Rocks","{""Frame"": ""ALX TRAIL"", ""Suspensi Depan"": ""Rockshox Psylo Gold RC 160mmRedam benturan maksimal, memungkinkan kamu melibas akar dan bebatuan dengan percaya diri."", ""Suspensi Belakang"": ""Rockshox Deluxe Select+Memberikantravelmelimpah untuk kenyamanan dan kontrol superior di setiapdropdan turunan."", ""Drivetrain"": ""Shimano SLX 1x12 SpeedPerpindahan gigi presisi dan rentang rasio luas, menjadikanPolygon Collosus T6handal untuk tanjakan curam."", ""Ban"": ""Maxxis Dissector 29x2.40Cengkeraman luar biasa di berbagai kondisitrail, didukungwheelset Polygon MT6 Tubeless Readyyang tangguh."", ""Dropper Post"": ""Tranz X (150mm S, M / 170mm L, XL Travel)Sesuaikan posisiridinginstan untuk kontrol penuh di setiap segmentrail."", ""Brand"": ""Polygon"", ""What's in the box"": ""1 x Polygon Collosus T6 MTB Dual Suspension Bike"", ""Material"": ""Alloy"", ""Rentang Usia"": ""Dewasa"", ""Fork"": ""ROCKSHOX PSYLO GOLD RC 160mm, ALLOY TAPER 1-1/8\"" TO 1-1/2\"""", ""Rear Shock"": ""ROCKSHOX DELUXE SELECT+, E2E : 210x55mm"", ""Shifter"": ""SHIMANO SLX SL-M7100-R, 12 SPEED TRIGGER"", ""Crank Set"": ""SHIMANO SLX FC-M7120-1 BOOST, 32T, MAX CHAIN RING : SINGLE, 34T, CRANK ARM : 165mm"", ""Cassette"": ""SHIMANO SLX CS-M7100-12,10-51T"", ""Rear Derailleur"": ""SHIMANO SLX RD-M7100-SGS DIRECT ATTACH"", ""Bottom Bracket"": ""SHIMANO 2-PIECE CRANKSET BSA THREADED 73mm"", ""Chain"": ""KMC X12"", ""Pedal"": ""ALLOY FLAT PEDAL W/ REPLACEABLE PIN & REFLECTOR"", ""Saddle"": ""FIZIK TERRA ALPACA X5, ALLOY ø7mm"", ""Seat Post"": ""TRANZ X JD-YSP39KL 150mm (S, M) / 170mm (L, XL) TRAVEL, D x L : 34.9 x 456mm (S, M) / 496mm (L, XL)"", ""Seat Clamp"": ""38.9mm BOLT TYPE"", ""Handlebar"": ""POLYGON XPERT, WIDTH : 780mm, BAR BORE : 35mm, RISE/DROP : 30mm, BEND : 9degree"", ""Handle Stem"": ""POLYGON XPERT, EXTENSION : 35mm, BAR BORE : 35mm, RISE / DROP : 0degree"", ""Head Set"": ""FSA NO.76 ALLOY TOP COVER, THREADLESS, ZS 51/28.6 | ZS 59/40"", ""Wheel Set"": ""POLYGON MT6 TUBELESS READY"", ""Tire"": ""MAXXIS DISSECTOR 29\""x2.40\"""", ""Front Hub"": ""SHIMANO HB-TC500 BOOST 15x110mm 32H CL"", ""Rear Hub"": ""SHIMANO FH-TC500 BOOST 12x148mm 32H CL FOR MICROSPLINE"", ""Spokes & Nipples"": ""F: 14G STAINLESS NDS:292mm DS:294mm W/ 12mm BRASS NIPPLE, R:  14G STAINLESS NDS:292mm DS:290mm W/ 12mm BRASS NIPPLE"", ""Brake Lever"": ""SHIMANO SLX SL-M7100-R, 12 SPEED TRIGGER"", ""Brake"": ""SHIMANO MT420 HYDRAULIC DISC"", ""Brake Rotor"": ""SHIMANO SM-RT64, F:203mm R:180mm CL"", ""Extras"": ""DROPOUT : UDH,  COMPARTMENT BAG, FLIP CHIP"", ""Speed"": ""1x12 Speed"", ""Genre"": ""MTB"", ""Weight"": ""16.5 kg (Size M)"", ""Note"": ""Spesifikasi, warna dan ketersediaan produk dapat berubah sewaktu-waktu tanpa pemberitahuan sebelumnya.""}",https://www.rodalink.com/id/polygon-sepeda-mtb-dual-suspensi-collosus-t6-alloy-pa01883.html
Sepeda,Sepeda Gunung,Polygon Sepeda MTB Dual Suspensi Siskiu T8 with UDH,32000000,,,"Polygon Sepeda MTB Dual Suspensi Siskiu T8 with UDH: Taklukkan Segala Medan dengan Kenyamanan Ekstrem Siap taklukkan off-road tanpa batas? Polygon Sepeda MTB Dual Suspensi Siskiu T8 with UDH adalah mountain bike sejati untuk All-Mountain dan Trail . Rasakan redaman superior, handling presisi, dan traksi maksimal. Kamu akan menaklukkan tanjakan curam dan turunan teknis dengan percaya diri. Ini sepeda gunung impianmu! Kenapa Wajib Pilih Polygon Sepeda MTB Dual Suspensi Siskiu T8 with UDH: Responsi","{""Travel Suspensi Optimal"": ""Fork Fox 34 Float Rhythm & Rear Shock Fox FloatRedaman superior dariforkdanrear shockFox, menyerap benturan. Kontrol maksimal di medan menantang, menjaga rodasepeda gunungkamu tetap menapak."", ""Frame ALX Alloy"": ""Kuat, Ringan, dan Tahan BantingMaterialalloyberkualitas tinggi ini fondasi kokoh, ringan untuk setiap petualangansepeda gunungkamu."", ""Drivetrain 1x"": ""Shimano SLX M7100 1x12 SpeedPerpindahan gigi mulus, presisiShimano SLX M7100. Rentang gigi lebar siap tanjakan terjal dansprintcepat disepeda MTB fullsuskamu."", ""Dropper Post"": ""XFUSION ManicSesuaikan ketinggian sadel instan dengandropper post XFUSION. Kebebasan bergerak, posisi optimal untukdropatau menanjak."", ""Rem Hidrolik Kuat"": ""Shimano M4100 Hydraulic Disc BrakesDaya pengereman andal, konsisten dariShimano M4100. Kontrol penuh, keamanan ekstra di jalur teknis, apapun cuacanya."", ""Universal Derailleur Hanger (UDH)"": ""Kompatibilitas Masa DepanStandarhangeruniversal (UDH) kuat, mudah diganti. Memastikan kompatibilitasdrivetrainmodern danupgradedi masa mendatang."", ""Brand"": ""Polygon"", ""What's in the box"": ""1 x Polygon Siskiu T8 with UDH Dual Suspension Bike"", ""Rentang Usia"": ""Dewasa"", ""Frame"": ""ALX TRAIL 140mm TRAVEL"", ""Fork"": ""FOX 34 FLOAT RHYTHM 140mm TRAVEL, TAPER 1-1/8\"" TO 1-1/2\"""", ""Rear Shock"": ""FOX FLOAT P-S, E2E : 210x55mm"", ""Shifter"": ""SHIMANO SLX SL-M7100, 1x12-SPEED TRIGGER"", ""Crank Set"": ""SHIMANO FC-M6120-1 BOOST, 32T, MAX CHAIN RING : SINGLE, 34T, CRANK ARM : 170mm"", ""Cassette"": ""SHIMANO SLX CS-M7100-12, 10-51T MICROSPLINE"", ""Rear Derailleur"": ""SHIMANO SLX RD-M7100-SGS DIRECT ATTACH"", ""Bottom Bracket"": ""SHIMANO 2-PIECE CRANKSET BSA THREADED"", ""Chain"": ""KMC NEW X-12"", ""Pedal"": ""ALLOY FLAT PEDAL W/ REPLACEABLE PIN & REFLECTOR"", ""Saddle"": ""LINC XTENT, CR-MO ø 7mm"", ""Seat Post"": ""XFUSION MANIC LC 150mm (S, M) / 170mm (L, XL) TRAVEL, D x L : 30.9x429mm (S, M) / 473mm (L, XL)"", ""Seat Clamp"": ""34.9mm BOLT TYPE"", ""Handlebar"": ""POLYGON EXPERT, WIDTH : 780mm, BAR BORE : 35mm, RISE/DROP : 30mm, BEND : 9degree"", ""Handle Stem"": ""POLYGON EXPERT, EXTENSION : 35mm, BAR BORE : 35mm"", ""Head Set"": ""FSA NO.57E FOR TAPER H/T, ZS 44/28.6 | ZS 56/40"", ""Wheel Set"": ""POLYGON MT6"", ""Tire"": ""MAXXIS DISSECTOR 29\""x2.40\"""", ""Front Hub"": ""SHIMANO HB-TC500-15-B THRU AXLE 15x110mm 32H CENTER-LOCK"", ""Rear Hub"": ""SHIMANO FH-TC500-MS-B THRU AXLE 12x148mm 32H CENTER-LOCK FOR MICROSPLINE"", ""Spokes & Nipples"": ""F: STAINLESS J-BEND 29\"" NDS:292 / DS:294, R: STAINLESS J-BEND 29\"" NDS:292 / DS:290"", ""Brake Lever"": ""SHIMANO BL-M4100"", ""Brake"": ""SHIMANO HYDRAULIC DISC"", ""Brake Rotor"": ""SHIMANO SM-RT54, 180mm CENTER-LOCK"", ""Extras"": ""DROPOUT : UDH"", ""Speed"": ""1x12 Speed"", ""Genre"": ""MTB"", ""Wheel size"": ""29\"""", ""Weight"": ""22.3 kg (Size M)"", ""Note"": ""Spesifikasi, warna dan ketersediaan produk dapat berubah sewaktu-waktu tanpa pemberitahuan sebelumnya.""}",https://www.rodalink.com/id/polygon-sepeda-mtb-dual-suspensi-siskiu-t8-with-udh-503427.html
Sepeda,Sepeda Gunung,Polygon Sepeda MTB Dual Suspensi Siskiu T8,31000000,,,"Polygon Sepeda MTB Dual Suspensi Siskiu T8: Taklukkan Segala Medan dengan Kenyamanan Ekstrem Rasakan sensasi trail riding sejati dengan Polygon Siskiu T8 , sepeda MTB dual suspensi yang siap taklukkan segala medan. Dirancang untuk Trail dan All-Mountain , full-suspension ini tawarkan redaman superior, handling presisi, dan traksi tak tertandingi. Dengan geometri trail modern , Mountain Bike ini akan tingkatkan performa dan gaya hidup bersepeda kamu. Beli Sepeda Online sekarang! Kenapa Wajib Pili","{""Travel Suspensi"": ""Fox 34 Rhythm (depan) & Fox Float DPS (belakang)Redaman optimal serap benturan, jaga roda menapak untuk kontrol maksimaloff-road."", ""Frame"": ""ALX TRAIL FRAME 140MM TRAVEL (27.5”) / 135MM TRAVEL (29”), TAPER H/T"", ""Dropper Post"": ""Tranz-X (150mm/170mm travel)Ubah ketinggian sadel instan untuk posisiridingideal di tanjakan, turunan, tikungan."", ""Rem Cakram Hidrolik"": ""Tektro HD-M745 4-PistonDaya pengereman superior, konsisten di segala cuaca, berikan kontrol penuh, keamanan."", ""Drivetrain"": ""Shimano SLX 1x12 KecepatanTransmisi sederhana, efisien, rentang luas taklukkan tanjakan. Ideal untukSepeda MTB Fullsus."", ""Wheelset& Ban"": ""Entity XL2 Disc & Schwalbe Hans DampfKombinasi siaptubeless, traksi dan daya tahan baik di berbagai kondisitrail."", ""KomponenCockpit"": ""Entity XpertKontrol ergonomis dan kenyamanan khusus untuktrail ridingkamu."", ""Brand"": ""Polygon"", ""What's in the box"": ""1 x Polygon Siskiu T8 Dual Suspension Bike"", ""Rentang Usia"": ""Dewasa"", ""Fork"": ""FOX 34 RHYTHM 150mm (27.5\"") / 140mm (29\"") TRAVEL"", ""Rear Shock"": ""FOX FLOAT DPS SPECIAL TUNING E2E:210X55MM, HARDWARE:8MMX25MM"", ""Shifter"": ""SHIMANO SLX SL-M7100-R, 1x12-SPEED TRIGGER"", ""Crank Set"": ""SHIMANO MT-510-1 BOOST 32T"", ""Cassette"": ""12 SPEED 11-51T"", ""Rear Derailleur"": ""SHIMANO SLX RD-M7100-SGS DIRECT ATTACH"", ""Bottom Bracket"": ""SHIMANO 2-PIECE CRANKSET BSA THREADED"", ""Chain"": ""KMC X12 12SPEED"", ""Pedal"": ""ALLOY FLAT PEDAL W / REPLACEABLE PIN & REFLECTOR"", ""Saddle"": ""ENTITY XTENT"", ""Seat Post"": ""TRANZ-X 150MM (S-M) 170 (L-XL) TRAVEL, ZERO OFFSET, 30.9MM"", ""Handlebar"": ""ENTITY XPERT, ALLOY W:780MM R:20MM BB:35MM"", ""Handle Stem"": ""ENTITY XPERT ALLOY, EXT: 35mm, BB: 35mm, R/D: 7 Degree"", ""Head Set"": ""ZERO STACK (ZS) SEALED BEARING FOR TAPER HEAD TUBE, ZS 44/28.6 | ZS 56/40"", ""Wheel Set"": ""ENTITY XL2 DISC 584-35 (27.5”) / 622-35 (29”)"", ""Tire"": ""PERFORMANCE TIRE, 27.5”X2.60”/29”X2.60”"", ""Brake Lever"": ""TEKTRO LEVER"", ""Brake"": ""TEKTRO HD-M745 4-PISTONS HYDRAULIC DISC BRAKES"", ""Brake Rotor"": ""SHIMANO SM-RT54 180mm CENTER-LOCK"", ""Speed"": ""1x12 Speed"", ""Genre"": ""MTB"", ""Weight"": ""15.2 Kg (29 M w/o pedal and packaging)"", ""Note"": ""Spesifikasi, warna dan ketersediaan produk dapat berubah sewaktu-waktu tanpa pemberitahuan sebelumnya.""}",https://www.rodalink.com/id/polygon-sepeda-gunung-mtb-siskiu-t8-dual-suspension-pa01202.html
Sepeda,Sepeda Gunung,Polygon Sepeda MTB Dual Suspensi Collosus T5,27000000,,,"Taklukkan Setiap Trail dengan Polygon Sepeda MTB Dual Suspensi Collosus T5 Siap upgrade pengalaman trail riding -mu? Polygon Sepeda MTB Dual Suspensi Collosus T5 adalah jawaban bagi cyclist yang mendambakan performa maksimal. Dirancang sebagai trail full-suspension 29"" , Collosus T5 akan mengubah cara kamu menaklukkan setiap tanjakan dan turunan. Dapatkan sensasi berkendara tak tertandingi, eksklusif di Rodalink Indonesia , destinasi terpercaya untuk beli sepeda online impianmu. Keunggulan Utama","{""Frame ALX Trail"": ""Kokoh & ResponsifDirancang untuk melibas medan terjal, memberikanhandlingpresisi dan stabil di setiaptrail."", ""Suspensi RockShox"": ""Psylo Silver RC 160mm (depan) & Deluxe Select (belakang)Travelmelimpah menyerap benturan sempurna, siap untukdownhillekstrem dan tanjakan teknis."", ""Features"": ""Drivetrain Shimano CUES 1x11Perpindahan gigi mulus dan efisien, menaklukkan tanjakan curam dansprintcepat. | Rem Hidrolik Shimano MT420Daya pengereman andal di segala kondisi, meningkatkan kepercayaan diri kamu. | Wheelset Polygon MT6 Tubeless Ready 29 inciTraksi superior dan kemampuan melibas rintangan, siap untuk petualanganoff-road."", ""Dropper Post XFusion Manic LC"": ""Travel 150mm (S, M) / 170mm (L, XL)Kebebasan bergerak dan kontrol penuh saat menuruni turunan ekstrem, optimalkan posisi berkendara."", ""Brand"": ""Polygon"", ""What's in the box"": ""1 x Polygon Collosus T5 MTB Dual Suspension Bike"", ""Material"": ""Alloy"", ""Rentang Usia"": ""Dewasa"", ""Frame"": ""ALX TRAIL"", ""Fork"": ""ROCKSHOX PSYLO SILVER RC 160mm, ALLOY TAPER 1-1/8\"" TO 1-1/2\"""", ""Rear Shock"": ""ROCKSHOX DELUXE SELECT, E2E : 210x55mm"", ""Shifter"": ""SHIMANO CUES SL-U6000-11R, 11-SPEED TRIGGER"", ""Crank Set"": ""SAMOX RAC61C CL55, 32T, MAX CHAIN RING : SINGLE, 34T, CRANK ARM : 165mm"", ""Cassette"": ""SHIMANO CUES CS-LG400-11, 11-50T"", ""Rear Derailleur"": ""SHIMANO CUES RD-U6000-GS DIRECT ATTACH"", ""Bottom Bracket"": ""SAMOX EB2401C BSA THREADED 73mm"", ""Chain"": ""KMC XGLIDE"", ""Pedal"": ""ALLOY FLAT PEDAL W/ REPLACEABLE PIN & REFLECTOR"", ""Saddle"": ""FIZIK TERRA ALPACA X5, ALLOY ø7mm"", ""Seat Post"": ""XFUSION MANIC LC 150mm (S, M) / 170mm (L, XL) TRAVEL, D x L : 34.9 x 432mm (S, M) / 474mm (L, XL)"", ""Seat Clamp"": ""38.9mm BOLT TYPE"", ""Handlebar"": ""POLYGON XPERT, WIDTH : 780mm, BAR BORE : 35mm, RISE/DROP : 30mm, BEND : 9degree"", ""Handle Stem"": ""POLYGON XPERT, EXTENSION : 35mm, BAR BORE : 35mm, RISE / DROP : 0degree"", ""Head Set"": ""FSA NO.76 ALLOY TOP COVER, THREADLESS, ZS 51/28.6 | ZS 59/40"", ""Wheel Set"": ""POLYGON MT6 TUBELESS READY"", ""Tire"": ""VEE SNAP WCE 29\""x2.35\"""", ""Front Hub"": ""SHIMANO HB-TC-500 BOOST 15x110mm 32H CL"", ""Rear Hub"": ""SHIMANO FH-TC500 BOOST 12x148mm 32H CL FOR SPROCKET"", ""Spokes & Nipples"": ""F: 14G STAINLESS NDS:292mm DS:294mm W/ 12mm BRASS NIPPLE, R:  14G STAINLESS NDS:292mm DS:290mm W/ 12mm BRASS NIPPLE"", ""Brake Lever"": ""SHIMANO BL-M4100"", ""Brake"": ""SHIMANO MT420 HYDRAULIC DISC"", ""Brake Rotor"": ""SHIMANO SM-RT54, 180mm CL"", ""Extras"": ""DROPOUT : UDH,  COMPARTMENT BAG, FLIP CHIP"", ""Speed"": ""1x11 Speed"", ""Genre"": ""MTB"", ""Weight"": ""16.7 kg (Size M)"", ""Note"": ""Spesifikasi, warna dan ketersediaan produk dapat berubah sewaktu-waktu tanpa pemberitahuan sebelumnya.""}",https://www.rodalink.com/id/polygon-sepeda-mtb-dual-suspensi-collosus-t5-alloy-pa01884.html
Sepeda,Sepeda Gunung,Polygon Sepeda MTB Dual Suspensi Siskiu T7 with UDH,25000000,,,"Polygon Sepeda MTB Dual Suspensi Siskiu T7 with UDH: Taklukkan Segala Medan dengan Kenyamanan Ekstrem Siap taklukkan setiap jalur? Polygon Sepeda MTB Dual Suspensi Siskiu T7 with UDH adalah trail bike sejati, sepeda MTB Full Suspension yang kamu butuhkan. Rasakan performa maksimal, redaman superior, dan handling presisi. Sepeda gunung ini akan mengubah petualangan off-road -mu! Kenapa Wajib Pilih Polygon Sepeda MTB Dual Suspensi Siskiu T7 with UDH: Responsif di Tanjakan, Stabil di Turunan Pilih ","{""Travel Suspensi Optimal"": ""RockShox Recon Silver-RL (140mm) & Deluxe Select Plus (140mm)Redaman sempurna untuk melibas akar, bebatuan,drop, menjaga roda menapak, kontrol maksimal."", ""Frame ALX Alloy Ringan & Kuat"": ""ALX Trail Aluminium FrameKonstruksi kokoh, ringan, durabilitas luar biasa untuk petualangantrailekstrem. Siap tantangan."", ""Dropper Post Terintegrasi"": ""XFUSION Manic LCUbah posisi sadel instan untuk transisi mulus tanjakan ke turunan teknis, tingkatkanflowdan keamanan."", ""Pengereman Presisi"": ""Shimano Hydraulic Disc BrakesDaya henti andal, konsisten di segala kondisi, berikan kamu kepercayaan diri penuh di jalur."", ""Drivetrain 1x Modern dengan UDH"": ""Shimano Deore 1x12 Speed & Universal Derailleur HangerPerpindahan gigi mulus, rentang lebar untuk tanjakan terjal.UDHmemudahkan penggantianderailleur, siapT-Type."", ""Wheelset & Ban"": ""Polygon MT6 & Maxxis DissectorTraksi superior dan daya tahan di berbagai medan."", ""Komponen Kokpit"": ""Polygon Expert Handlebar & Saddle LINC XtentErgonomi dan kontrol presisi untuk pengalaman berkendara nyaman dan responsif."", ""Brand"": ""Polygon"", ""What's in the box"": ""1 x Polygon Siskiu T7 with UDH Dual Suspension Bike"", ""Rentang Usia"": ""Dewasa"", ""Frame"": ""ALX TRAIL 140mm TRAVEL"", ""Fork"": ""ROCKSHOX RECON SILVER-RL 140mm TRAVEL, TAPER 1-1/8\"" TO 1-1/2\"""", ""Rear Shock"": ""ROCKSHOX DELUXE SELECT PLUS, E2E : 210x55mm"", ""Shifter"": ""SHIMANO DEORE SL-M6100, 1x12-SPEED TRIGGER"", ""Crank Set"": ""SHIMANO FC-M6120-1 BOOST, 32T, MAX CHAIN RING : SINGLE, 34T, CRANK ARM : 170mm"", ""Cassette"": ""SHIMANO DEORE CS-M6100-12, 10-51T MICROSPLINE"", ""Rear Derailleur"": ""SHIMANO DEORE RD-M6100-SGS DIRECT ATTACH"", ""Bottom Bracket"": ""SHIMANO 2-PIECE CRANKSET BSA THREADED"", ""Chain"": ""KMC NEW X-12"", ""Pedal"": ""ALLOY FLAT PEDAL W/ REPLACEABLE PIN & REFLECTOR"", ""Saddle"": ""LINC XTENT, CR-MO ø 7mm"", ""Seat Post"": ""XFUSION MANIC LC 150mm (S, M) / 170mm (L, XL) TRAVEL, D x L : 30.9x429mm (S, M) / 473mm (L, XL)"", ""Seat Clamp"": ""34.9mm BOLT TYPE"", ""Handlebar"": ""POLYGON EXPERT, WIDTH : 780mm, BAR BORE : 35mm, RISE/DROP : 30mm, BEND : 9degree"", ""Handle Stem"": ""POLYGON EXPERT, EXTENSION : 35mm, BAR BORE : 35mm"", ""Head Set"": ""FSA NO.57E FOR TAPER H/T, ZS 44/28.6 | ZS 56/40"", ""Wheel Set"": ""POLYGON MT6"", ""Tire"": ""MAXXIS DISSECTOR 29\""x2.40\"""", ""Front Hub"": ""SHIMANO HB-TC500-15-B THRU AXLE 15x110mm 32H CENTER-LOCK"", ""Rear Hub"": ""SHIMANO FH-TC500-MS-B THRU AXLE 12x148mm 32H CENTER-LOCK FOR MICROSPLINE"", ""Spokes & Nipples"": ""F: STAINLESS J-BEND 29\"" NDS:292 / DS:294, R: STAINLESS J-BEND 29\"" NDS:292 / DS:290"", ""Brake Lever"": ""SHIMANO BL-M4100"", ""Brake"": ""SHIMANO HYDRAULIC DISC BRAKES"", ""Brake Rotor"": ""SHIMANO SM-RT54, 180mm CENTER-LOCK"", ""Extras"": ""DROPOUT : UDH"", ""Speed"": ""1x12 Speed"", ""Genre"": ""MTB"", ""Wheel size"": ""29\"""", ""Weight"": ""17.1 kg (Size M)"", ""Note"": ""Spesifikasi, warna dan ketersediaan produk dapat berubah sewaktu-waktu tanpa pemberitahuan sebelumnya.""}",https://www.rodalink.com/id/polygon-sepeda-mtb-dual-suspensi-siskiu-t7-with-udh-503429.html
Sepeda,Sepeda Gunung,Polygon Sepeda MTB Dual Suspensi Siskiu T7,24000000,,,"Polygon Sepeda MTB Dual Suspensi Siskiu T7: Taklukkan Segala Medan dengan Kenyamanan Ekstrem Siap untuk petualangan off-road tanpa batas? Polygon Sepeda MTB Dual Suspensi Siskiu T7 adalah Mountain Bike pilihan tepat untuk trail rider yang mendambakan performa maksimal. Dirancang menaklukkan medan terjal dan teknis, sepeda MTB full-suspension ini menawarkan redaman superior, handling presisi, dan traksi luar biasa. Kenapa Wajib Pilih Polygon Sepeda MTB Dual Suspensi Siskiu T7: Responsif di Tanjak","{""Travel Suspensi Optimal"": ""Fork RockShox Recon Silver RL 140mm & Rear Shock RockShox Deluxe Select+ 135mm (29er)Menyerap benturan besar dan getaran kecil, memberikan kenyamanan dan kontrol superior di medan menantang. (Untuk 27"", ""Sistem Suspensi Faux Bar (Single Pivot with Linkage)"": ""Responsif & EfisienTraksi maksimal saat menanjak, redaman progresif saat menuruni jalur, menjaga roda tetap menapak tanah."", ""Frame ALX Trail 6061 Aluminium"": ""Ringan, Kuat & Boost Thru-AxleMaterial aluminium ringan namun kokoh, siap hadapi kerasnyatraildenganhandlinggesit dan kekakuan optimal."", ""Dropper Post Terintegrasi"": ""Tranz-X JD-YSP23JL (150/170mm travel)Ubah ketinggian sadel instan untukclimbingefisien ataudescendingagresif, tingkatkan kepercayaan diri kamu."", ""Rem Hidrolik Kuat"": ""Tektro HD-M735 (4-piston depan, 2-piston belakang)Pengereman presisi dan andal di segala kondisi cuaca, esensial untuk keamananoff-road."", ""Drivetrain Shimano Deore 1x12-speed"": ""Simpel & EfisienKonfigurasi gigi tunggal dengan rentang luas, perpindahan mulus, dan perawatan mudah."", ""Wheelset Entity XL2 Disc"": ""Kuat & Siap TubelessRoda kokoh dengan lebar internal rim 35mm, siaptubelessdemi traksi dan kenyamanan lebih baik."", ""Brand"": ""Polygon"", ""What's in the box"": ""1 x Polygon Siskiu T7 Dual Suspension Bike"", ""Rentang Usia"": ""Dewasa"", ""Frame"": ""ALX TRAIL 150mm (27.5\"") / 140mm (29\"") TRAVEL"", ""Fork"": ""ROCKSHOX RECON RL BOOST 15X110MM, 150MM (27.5”) / 140MM (29”) TRAVEL"", ""Rear Shock"": ""ROCKSHOX DELUXE PLUS SELECT SPECIAL TUNING E2E:210X55MM, HARDWARE:8MMX25MM"", ""Shifter"": ""SHIMANO SL-M6100-R DEORE"", ""Crank Set"": ""SHIMANO FC-MT510-1 BOOST 32T 170MM (S-M)/175MM (L-XL)"", ""Cassette"": ""12 SPEED, 11-51T"", ""Rear Derailleur"": ""SHIMANO RD-M6100 DEORE"", ""Bottom Bracket"": ""BSA THREADED"", ""Chain"": ""KMC X12 12SPEED"", ""Pedal"": ""ALLOY FLAT PEDAL W/ REPLACEABLE PIN & REFLECTOR"", ""Saddle"": ""ENTITY XTENT"", ""Seat Post"": ""TRANZ-X 150MM (S-M) 170 (L-XL) TRAVEL, ZERO OFFSET, 30.9MM"", ""Handlebar"": ""ENTITY XPERT, ALLOY W:780MM R:20MM BB:35MM"", ""Handle Stem"": ""ENTITY XPERT, ALLOY E:35MM R:7DEG BB:35MM"", ""Head Set"": ""ZS 44/28.6 | ZS 56/40"", ""Tire"": ""PERFORMANCE TIRE, 27.5”X2.60”/29”X2.60”"", ""Brake"": ""TEKTRO HD-M735"", ""Speed"": ""1x12 Speed"", ""Genre"": ""MTB"", ""Weight"": ""15.6 Kg (29 M w/o pedal and packaging)"", ""Note"": ""Spesifikasi, warna dan ketersediaan produk dapat berubah sewaktu-waktu tanpa pemberitahuan sebelumnya.""}",https://www.rodalink.com/id/polygon-sepeda-mtb-siskiu-t7-dual-suspension-pa01201.html
Sepeda,Sepeda Gunung,Polygon Sepeda Gunung Syncline C5,21000000,,,"Polygon Sepeda Gunung Syncline C5: MTB Karbon Hardtail XC Performa Tinggi untuk Petualangan Trail dan Eksplorasi Tanpa Batas Rasakan adrenalin di setiap kayuhan dengan Polygon Sepeda Gunung Syncline C5 , MTB Karbon Hardtail untuk performa cross-country (XC) eksplosif. Kamu mendambakan kecepatan, efisiensi, dan ketangguhan di medan trail ? Sepeda ini siap menaklukkan tanjakan curam dan melesat di turunan dengan kontrol penuh berkat geometri modernnya. Ini adalah sepeda gunung impianmu! Kenapa Waj","{""Frame & Fork"": ""ACX XC Performance Carbon Fibre & Fox 32 Rhythm 120mmFramekarbonringan, responsif, kuat.ForkFox 32 Rhythm 120mmmeredam benturan, kontrol medan teknis."", ""Drivetrain"": ""Shimano SLX 1x12 Speed (11-51T)Perpindahan gigi presisiShimano SLX(11-51T) menaklukkan tanjakan curam dan melaju cepat. Ideal untuksepeda gunungkamu."", ""Rem"": ""Hydraulic Disc Shimano MT400Pengeremanhidrolikkuat, konsisten di segala kondisi, kontrol optimal di turunantrail."", ""Features"": ""Mounting Points & Internal Cable RoutingTampilan rapi, perawatan mudah, siap bawa perlengkapan.Internal cable routingmencegah kabel tersangkut."", ""Roda & Ban"": ""Entity XL2 Disc Tubeless Ready & WTB Trail Boss 2.25”Wheelsetkuattubeless ready, banWTB Trail Bossuntuk traksi superior,rolling resistancerendah di medanXC."", ""Cockpit"": ""Entity XpertKontrol ergonomis, responsif dengan komponencockpitEntity Xpert, siap petualangansepeda gunungkamu."", ""Brand"": ""Polygon"", ""What's in the box"": ""1 x Polygon Syncline C5 Mountain Bike"", ""Technology"": ""ACX Carbon, Press Fit, Internal Routing, Wheel Fit System"", ""Rentang Usia"": ""Dewasa"", ""Frame"": ""ACX XC PERFORMANCE"", ""Fork"": ""FOX 32 RHYTHM, 120mm"", ""Shifter"": ""SHIMANO SLX SL-M7100-R 12-SPEED TRIGGER"", ""Crank Set"": ""SHIMANO SLX FC-M7100-1 32T 2-PIECE-CRANK"", ""Cassette"": ""12 SPEED, 11-51T"", ""Rear Derailleur"": ""SHIMANO SLX RD-M7100-SGS DIRECT ATTACH"", ""Bottom Bracket"": ""SHIMANO BB-MT500-PA"", ""Chain"": ""KMC NEW X-12"", ""Pedal"": ""ALLOY CAGE PEDAL W/ REFLECTOR"", ""Saddle"": ""ENTITY VOID SADDLE STEEL ø 7mm"", ""Seat Post"": ""ENTITY XPERT, 27.2x350mm"", ""Seat Clamp"": ""31.8mm W/ QR"", ""Handlebar"": ""ENTITY XPERT, W: 740mm, BB: 31.8mm, R/D: 12mm, B: 9degree"", ""Handle Stem"": ""ENTITY XPERT, EXT: 60mm, BB: 31.8mm, R/D: 7degree"", ""Head Set"": ""INTEGRATED W/ SEALED BEARING FOR TAPER HEAD TUBE, IS 42/28.6 | IS 52/40"", ""Wheel Set"": ""ALLOY DOUBLE WALL, ENTITY XL2 584/622-30 32H FV W/ TUBELESS TAPE FOR 584/622 54-76 TYRES"", ""Tire"": ""PERFORMANCE TIRE 27.5\""x2.25\"" / 29\""x2.25\"""", ""Brake"": ""SHIMANO BR-MT401 HYDRAULIC DISC BRAKE"", ""Speed"": ""1x12 Speed"", ""Color"": ""Red Black"", ""Genre"": ""MTB"", ""Weight"": ""13.4 kg (size M)"", ""Note"": ""Spesifikasi, warna dan ketersediaan produk dapat berubah sewaktu-waktu tanpa pemberitahuan sebelumnya.""}",https://www.rodalink.com/id/polygon-syncline-c5-mountain-bike-pa00442.html
Sepeda,Sepeda Gunung,Polygon Sepeda Gunung Syncline C5 2020,21000000,,,"Polygon Sepeda Gunung Syncline C5 2020: MTB Hardtail XC Karbon, Teman Setia Petualangan Trail dan Bikepacking Tangguh Siap menjelajahi setiap trail dan petualangan baru? Polygon Sepeda Gunung Syncline C5 2020 adalah sepeda MTB hardtail XC karbon untuk performa maksimal, ketahanan luar biasa di medan cross-country hingga teknis. Pilihan sempurna bagi kamu yang mencari mountain bike serbaguna menaklukkan singletrack lokal atau ekspedisi bikepacking menantang. Kenapa Wajib Pilih Polygon Sepeda Gunu","{""Frame & Fork"": ""ACX XC Performance Carbon & FOX 32 Rhythm 120mmRingan, kaku, performacross-countryterbaik. Nikmati kenyamanan dan responsivitas optimal denganframekarbon tangguh sertaforksuspensi FOX 32 Rhythm 120mm "", ""Drivetrain"": ""Shimano SLX 1x12-speed (10-51T)Perpindahan gigi mulus, rentang luas, siap tanjakan curam atau kecepatan tinggi. Sistem sederhana, efisien, andal untuk segala kondisitrail."", ""Rem"": ""Shimano BR-MT410 Hydraulic Disc BrakeDaya pengereman superior, konsisten di segala cuaca. Kontrol penuh dan keamanan maksimal, berikan kamu kepercayaan diri di setiap perjalanan, terutama jalur teknis"", ""Mounting Points"": ""SerbagunaBanyak titik pemasangan untuk rak,fender, dan tas. Siap untuk petualanganbikepackingatau membawa perlengkapancommutingkamu dengan mudah."", ""Roda & Ban"": ""27.5/29 Inci & WTB Trail Boss 2.25\""Pilihan ukuran roda 27.5 atau 29 inci, kombinasi kelincahan dan stabilitas. Ban WTB Trail Boss 2.25\"" berikan traksi optimal di berbagai permukaantrail."", ""Brand"": ""Polygon"", ""What's in the box"": ""1 x Polygon Syncline C5 Mountain Bike 2020"", ""Rentang Usia"": ""Dewasa"", ""Frame"": ""ACX XC PERFORMANCE"", ""Fork"": ""FOX 32 RHYTHM, 120mm TRAVEL"", ""Rear Shock"": ""-"", ""Shifter"": ""SHIMANO SLX SL-M7100, 1x12-SPEED"", ""Crank Set"": ""SHIMANO FC-M7100 32T"", ""Cassette"": ""SHIMANO CS-M6100 10-51T 12-SPEED MICROSPLINE"", ""Front Derailleur"": ""-"", ""Rear Derailleur"": ""SHIMANO SLX RD-M7100"", ""Bottom Bracket"": ""SHIMANO MT500"", ""Chain"": ""KMC X-12"", ""Pedal"": ""ALLOY CAGE PEDAL W/ REFLECTOR"", ""Saddle"": ""ENTITY VOID SADDLE"", ""Seat Post"": ""ENTITY XPERT, ALLOY"", ""Handlebar"": ""ENTITY XPERT, ALLOY"", ""Handle Stem"": ""ENTITY XPERT, ALLOY"", ""Head Set"": ""THREADLESS INTEGRATED HEADSET"", ""Tire"": ""WTB TRAIL BOSS 27.5\""x2.25\"" / 29\""x2.25\"""", ""Brake"": ""SHIMANO BR-MT410 HYDRAULIC DISC BRAKE"", ""Speed"": ""1x12 Speed"", ""Color"": ""Green"", ""Genre"": ""MTB"", ""Note"": ""Spesifikasi, warna dan ketersediaan produk dapat berubah sewaktu-waktu tanpa pemberitahuan sebelumnya.""}",https://www.rodalink.com/id/polygon-syncline-c5-mountain-bike-pa01171.html
Sepeda,Sepeda Gunung,Polygon Sepeda MTB Dual Suspensi Siskiu T7 2018,20500000,,,,"{""Brand"": ""Polygon"", ""What's in the box"": ""1 x Polygon Siskiu T7 Dual Suspension Bike 2018"", ""Rentang Usia"": ""Dewasa"", ""Frame"": ""ALX TRAIL 150 MM TRAVEL (27.5) / 140 MM TRAVEL (29), TAPER H/T"", ""Fork"": ""ROCKSHOX RECON RL SOLO AIR BOOST 15X110 MM, 150 MM (27.5) / 140 MM (29) TRAVEL"", ""Rear Shock"": ""X-FUSION O2 PRO RL E2E:210X55MM, HARDWARE:8MMX25MM"", ""Shifter"": ""SHIMANO DEORE SL-M6000 I-SPEC II"", ""Crank Set"": ""PROWHEEL CHARM-32T-TT-B 32T BOOST 2-PIECE-CRANK"", ""Cassette"": ""SHIMANO CS-HG500 10-SPEED 11-42T"", ""Rear Derailleur"": ""SHIMANO XT RD-M785 GS"", ""Bottom Bracket"": ""BSA THREADED"", ""Chain"": ""KMC X-10"", ""Pedal"": ""ALLOY STANDARD PEDAL"", ""Saddle"": ""ENTITY ASSAULT"", ""Seat Post"": ""ADJUSTABLE HEIGHT W/ 150MM TRAVEL, ZERO OFFSET, 30.9MM"", ""Handlebar"": ""ENTITY XPERT, ALLOY W:780MM R:12MM BB:31.8MM"", ""Handle Stem"": ""ENTITY XPERT, ALLOY E:45MM R:7DEG BB:31.8MM"", ""Head Set"": ""ZS 44/28.6 | ZS 56/40"", ""Wheel Set"": ""ENTITY XL2 DISC 29-584 (27.5) / 29-622 (29)"", ""Tire"": ""SCHWALBE NOBBY NIC, 27.5X2.60 / 29X2.35"", ""Brake"": ""SHIMANO BR-MT365"", ""Bike Stand"": ""Not Included"", ""Speed"": ""1x10 Speed"", ""Color"": ""Green"", ""Genre"": ""MTB"", ""Weight"": ""14.7 kg"", ""Note"": ""Spesifikasi, warna dan ketersediaan produk dapat berubah sewaktu-waktu tanpa pemberitahuan sebelumnya.""}",https://www.rodalink.com/id/polygon-sepeda-mtb-siskiu-t7.html
Sepeda,Sepeda Gunung,Polygon Sepeda MTB Dual Suspensi Siskiu T6 with UDH,20000000,,,"Polygon Sepeda MTB Dual Suspensi Siskiu T6 with UDH: Taklukkan Segala Medan dengan Kenyamanan Ekstrem Siap taklukkan setiap jalur? Rasakan sensasi trail riding terbaik dengan Polygon Sepeda MTB Dual Suspensi Siskiu T6 with UDH. Ini adalah sepeda gunung all-mountain agresif yang dirancang untuk performa maksimal. Dengan redaman superior, handling presisi, dan traksi tak tertandingi, Siskiu T6 siap membawa petualangan MTB kamu ke level berikutnya. Kenapa Wajib Pilih Polygon Sepeda MTB Dual Suspens","{""Travel Suspensi Optimal"": ""RockShox Recon Silver RL 140mm & X-Fusion O2 Pro R 140mmRedaman superior melibasroot, bebatuan, dandropmulus, menjaga roda menapak dan kontrol di tanganmu."", ""Dropper PostTerintegrasi"": ""X-Fusion Manic LCUbah ketinggian sadel instan untuk posisiclimbingefisien ataudescendingagresif, tingkatkan kepercayaan dirimu di medan teknis."", ""Rem Cakram Hidrolik Kuat"": ""Shimano MT200Daya pengereman andal dan konsisten dari Shimano MT200 dalam segala kondisi, berikan kontrol maksimal saat kamu membutuhkannya."", ""Drivetrain 1xShimano CUES 10-Speed & UDH"": ""Perpindahan PresisiPerpindahan gigi presisi, rentang gigi lebar taklukkan tanjakan. Kompatibilitasderailleurmasa depan mudah berkat UDH."", ""Wheelsetdan Ban Trail Siap Tempur"": ""Polygon MT6 & Maxxis Dissector 29\""x2.40\""DilengkapiwheelsetPolygon MT6 dan ban Maxxis Dissector 29\""x2.40\"" berikan traksi optimal dan daya tahan di berbagai medantrail."", ""Brand"": ""Polygon"", ""What's in the box"": ""1 x Polygon Siskiu T6 with UDH Dual Suspension Bike"", ""Rentang Usia"": ""Dewasa"", ""Frame"": ""ALX TRAIL 140mm TRAVEL"", ""Fork"": ""ROCKSHOX RECON SILVER-RL 140mm TRAVEL, TAPER 1-1/8\"" TO 1-1/2\"""", ""Rear Shock"": ""XFUSION O2 PRO R, E2E : 210x55mm"", ""Shifter"": ""SHIMANO CUES SL-U6000, 1x10-SPEED TRIGGER"", ""Crank Set"": ""SAMOX RAC61C-018S-C55, 32T, MAX CHAIN RING : SINGLE, 34T, CRANK ARM : 170mm"", ""Cassette"": ""SHIMANO CUES CS-LG300-10, 11-48T"", ""Rear Derailleur"": ""SHIMANO CUES RD-U6000-GS DIRECT ATTACH"", ""Bottom Bracket"": ""SAMOX 2-PIECE CRANKSET BSA THREADED"", ""Chain"": ""KMC XGLIDE"", ""Pedal"": ""ALLOY FLAT PEDAL W/ REPLACEABLE PIN & REFLECTOR"", ""Saddle"": ""LINC XTENT, CR-MO ø 7mm"", ""Seat Post"": ""XFUSION MANIC LC 150mm (S, M) / 170mm (L, XL) TRAVEL, D x L : 30.9x429mm (S, M) / 473mm (L, XL)"", ""Seat Clamp"": ""34.9mm BOLT TYPE"", ""Handlebar"": ""POLYGON EXPERT, WIDTH : 780mm, BAR BORE : 35mm, RISE/DROP : 30mm, BEND : 9degree"", ""Handle Stem"": ""POLYGON EXPERT, EXTENSION : 35mm, BAR BORE : 35mm"", ""Head Set"": ""FSA NO.57E FOR TAPER H/T, ZS 44/28.6 | ZS 56/40"", ""Wheel Set"": ""POLYGON MT6"", ""Tire"": ""MAXXIS DISSECTOR 29\""x2.40\"""", ""Front Hub"": ""SHIMANO HB-TC500-15-B THRU AXLE 15x110mm 32H CENTER-LOCK"", ""Rear Hub"": ""SHIMANO FH-MT400-B THRU AXLE 12x148mm 32H CENTER-LOCK FOR SPROCKET"", ""Spokes & Nipples"": ""F: STAINLESS J-BEND 29\"" NDS:292 / DS:294, R: STAINLESS J-BEND 29\"" NDS:292 / DS:290"", ""Brake Lever"": ""SHIMANO BL-MT200"", ""Brake"": ""SHIMANO HYDRAULIC DISC BRAKES"", ""Brake Rotor"": ""SHIMANO SM-RT10, 180mm CENTER-LOCK"", ""Extras"": ""DROPOUT : UDH"", ""Speed"": ""1x10 Speed"", ""Genre"": ""MTB"", ""Wheel size"": ""29\"""", ""Weight"": ""17.3 kg (Size M)"", ""Note"": ""Spesifikasi, warna dan ketersediaan produk dapat berubah sewaktu-waktu tanpa pemberitahuan sebelumnya.""}",https://www.rodalink.com/id/polygon-sepeda-mtb-dual-suspensi-siskiu-t6-with-udh-503430.html
Sepeda,Sepeda Gunung,Marin Sepeda Gunung Pine Mountain 2,39000000,19500000,,"Marin Pine Mountain 2: Hardtail Baja untuk Petualangan dan Bikepacking Tangguh Marin Pine Mountain 2, hardtail baja tangguh untuk petualangan tanpa batas! Sepeda gunung ini padukan ketahanan legendaris dengan efisiensi modern. Ideal untuk bikepacking jarak jauh, trail riding seru, dan commuting harian. Siap beli sepeda online? Ini pilihanmu! Kenapa Wajib Pilih Marin Pine Mountain 2: Efisiensi Maksimal, Perawatan Minimal Marin Sepeda Gunung Pine Mountain 2 unggul dengan frame CrMo Series 3 Double","{""Frame & Fork"": ""Series 3 Double Butted and Heat Treated CrMo, RockShox 35 Gold RL 120mmKombinasiframebajaChromolykuat yang meredam getaran denganforksuspensi RockShox 120mm untuk kenyamanan dan kontrol optimal di ber"", ""Drivetrain"": ""Shimano SLX 7100 12-Speed, FSA Grid Crankset, Cassette 10-51TDrivetrainShimano SLX 1x yang andal dan presisi ini menawarkan rentanggearluas untuk menaklukkan tanjakan curam dan melaju cepat di jalur d"", ""Rem Hydraulic Disc"": ""Shimano MT520 (4-Piston Depan), Shimano MT500 (2-Piston Belakang)Daya pengereman superior dan konsisten dalam segala kondisi cuaca, memberikan keamanan serta kepercayaan diri maksimal saat kamu menjel"", ""Mounting Points"": ""Plentiful Gear Mounts (rak,fender, botol, tasframe)Dilengkapi banyak titik pemasangan untuk rak,fender, botol, dan tasframe, menjadikannyaadventure-readyuntukbikepackingdantouringimpianmu."", ""Roda & Ban"": ""Rims Alloy Double-Wall 29\"", Vee Tire Flow Snap 29x2.6\"" Tubeless ReadyRoda 29 inci dengan ban lebartubeless readymemberikan traksi luar biasa, kenyamanan, dan kemampuan melibas rintangan dengan mudah d"", ""Brand"": ""Marin"", ""What's in the box"": ""1 x Marin Pine Mountain 2 Bike"", ""Technology"": ""Feature internal dropper post routing, straight top bar for cleanly mounting handlebar packs away, head angle makes for confident steering with or without the weight of gear"", ""Rentang Usia"": ""Dewasa"", ""Frame"": ""Series 3 Double Butted & Heat Treated CrMo, 29\"" Wheels, Custom Cast Boost 148x12mm Dropouts, 148x12mm Thru-Axle, 73mm Threaded BB, Plentiful Gear Mounts"", ""Fork"": ""RockShox FS 35, 120mm Travel, DebonAir, Alloy Tapered Steerer, 110x15mm Boost Spacing, Maxle Lite, 44mm Offset"", ""Shifter"": ""Shimano SLX 12-Speed"", ""Crank Set"": ""FSA Grid, Modular 1x, 32T Direct Mount MegaTooth Chainring"", ""Cassette"": ""Shimano SLX M7100 Cassette, 12-Speed, 10-51T"", ""Rear Derailleur"": ""Shimano SLX 12-Speed"", ""Bottom Bracket"": ""FSA Outboard Cartridge Bearings"", ""Chain"": ""Shimano SLX M7100 Cassette, 12-Speed, 10-51T"", ""Saddle"": ""Marin Pine Mountain Trail"", ""Seat Post"": ""TranzX Dropper Post, YSP23 w/ 1x Remote, Size S 125mm Travel, All Other Sizes: 150mm Travel, 30,9mm"", ""Handlebar"": ""Marin Pine Mountain Trail Bar, 50mm Rise, 780 Width, 10 degree Backsweep, 6 degree Upsweep"", ""Handle Grip"": ""Marin BearPaw Locking"", ""Handle Stem"": ""Marin 3D Forged Alloy, 35mm"", ""Head Set"": ""FSA Orbit ITA, Sealed Cartridge Bearings, 1 1/8\"" x 1 1/2\"""", ""Tire"": ""Vee Tire Flow Snap, 29x2.6\"", Folding Bead, Tubeless Ready"", ""Brake"": ""Shimano MT520, 4-Piston, Hydraulic Disc, 180mm Rotor(Front),160mm Rotor(Rear)"", ""Speed"": ""1x12 Speed"", ""Color"": ""Green"", ""Genre"": ""MTB"", ""Wheel size"": ""29\"""", ""Note"": ""Spesifikasi, warna dan ketersediaan produk dapat berubah sewaktu-waktu tanpa pemberitahuan sebelumnya.""}",https://www.rodalink.com/id/marin-pine-mountain-2-bike-730121.html
Sepeda,Sepeda Gunung,Polygon Sepeda MTB Dual Suspensi Siskiu D7,17900000,,,"Polygon Sepeda MTB Dual Suspensi Siskiu D7: Taklukkan Segala Medan dengan Kenyamanan Ekstrem Rasakan sensasi trail riding sejati dengan Polygon Sepeda MTB Dual Suspensi Siskiu D7 , Mountain Bike yang dirancang untuk performa dan kenyamanan maksimal. Sepeda Gunung ini adalah pilihan sempurna bagi kamu yang mendambakan handling responsif, traksi superior, dan redaman optimal di setiap jalur, dari tanjakan teknis hingga turunan cepat. Kenapa Wajib Pilih Polygon Sepeda MTB Dual Suspensi Siskiu D7: R","{""Travel Suspensi 120mm RockShox"": ""Fork RockShox Recon Silver RL 120mm & Boost Thru-Axle 15x110mm, Rear Shock RockShox Deluxe Select Plus 120mmMemberikan redaman optimal untuk menaklukkan akar, bebatuan, dandropkecil, menjaga kenyamana"", ""Frame ALX XC Trail Alloy"": ""Ringan, Kuat, Internal Cable Routing, Tapered Headtube, Boost Thru-Axle 148x12mmMenawarkan durabilitas luar biasa dan responsivitas tinggi, siap menghadapi kerasnyatrailtanpa menambah beban berlebih."", ""Sistem Suspensi Faux Bar dengan One-Piece Linkage"": ""Mengurangi Flex Lateral, Tingkatkan Performa SuspensiMenyediakan performa redaman yangplushnamun efisien saat mengayuh, ideal untukclimbingdandescending."", ""Dropper Post Tranz-X"": ""Travel 150mm (S-M) / 170mm (L-XL)Memungkinkan kamu menyesuaikan ketinggian sadel secara instan untukagilitylebih baik di turunan curam dan kenyamanan saat menanjak."", ""Rem Cakram Hidrolik Shimano MT201"": ""Rotor Depan 180mm, Belakang 160mm Center-LockMenjamin daya henti yang presisi dan konsisten di segala kondisi cuaca, meningkatkan keamanan dan kepercayaan diri kamu."", ""Drivetrain Shimano Deore 1x11 Lengkap"": ""Shifter SL-M5100-R, RD-M5100-SGS, Crankset FC-M5100-1 32T, Cassette 11-50TMenawarkan rentang gigi yang luas untuk setiap tanjakan dan turunan, denganshiftingyang mulus dan perawatan yang sederhana."", ""Brand"": ""Polygon"", ""What's in the box"": ""1 x Polygon Siskiu D7 Dual Suspension Bike"", ""Rentang Usia"": ""Dewasa"", ""Frame"": ""ALX XC TRAIL FRAME"", ""Fork"": ""ROCKSHOX RECON SILVER RL, AIR SPRING, TRAVEL:120mm, LOCKOUT, REBOUND ADJUST, TAPERED 1.5\"" TO 1-1/8"", ""Rear Shock"": ""ROCKSHOX DELUXE SELECT PLUS, AIR SPRING, LOCKOUT, REBOUND ADJUST, E2E : METRIC 190x45mm"", ""Shifter"": ""SHIMANO 1x11-SPEED TRIGGER"", ""Crank Set"": ""170mm, 32T"", ""Cassette"": ""SHIMANO 11-50T"", ""Rear Derailleur"": ""SHIMANO 11-SPEED"", ""Bottom Bracket"": ""THREADED 68/73mm"", ""Chain"": ""KMC CHAIN"", ""Pedal"": ""ALLOY CAGE PEDAL W/ REFLECTOR"", ""Saddle"": ""LINC VOID SADDLE"", ""Seat Post"": ""TRANZ X DROPPER 150mm"", ""Seat Clamp"": ""34.9mm BOLT TYPE"", ""Handlebar"": ""POLYGON EXPERT ALLOY, W: 780mm,  BB: 31.8mm, RISE / DROP: 30MM, BEND : 6degree"", ""Handle Stem"": ""POLYGON EXPERT ALLOY, E: 40mm, BB: 31.8mm, RISE / DROP: 7degree"", ""Head Set"": ""THREADLESS TAPERED ZERO STACK, ZS 44/28.6 | ZS 56/40"", ""Wheel Set"": ""ALLOY DOUBLE WALL 584 / 622-30 32H FOR TYRE 584 / 622-54/76, 27.5\"" / 29\"""", ""Tire"": ""PERFORMANCE TIRE 27.5\""x2.25\"" / 29\""x2.25\"""", ""Front Hub"": ""SHIMANO HB-MT400 THRU AXLE 15x100mm 32H CENTER LOCK"", ""Rear Hub"": ""SHIMANO FH-MT400 THRU AXLE 12X148mm 32H CENTER LOCK"", ""Spokes & Nipples"": ""F: STAINLESS J-BEND NDS:286mm DS:288mm W/ 14Gx12MM BRASS NIPPLE, R: STAINLESS J-BEND NDS:288mm DS:290mm W/ 14Gx12MM BRASS NIPPLE"", ""Brake Lever"": ""SHIMANO LEVER"", ""Brake"": ""SHIMANO HYDRAULIC DISC"", ""Brake Rotor"": ""ROTOR: FRONT:180MM REAR:160MM CENTER-LOCK"", ""Extras"": ""GROMMET 4mm HOLE, GROMMET 4mm & 5mm HOLES, GROMMET 5mm HOLE"", ""Speed"": ""1x11 Speed"", ""Genre"": ""MTB"", ""Note"": ""Spesifikasi, warna dan ketersediaan produk dapat berubah sewaktu-waktu tanpa pemberitahuan sebelumnya.""}",https://www.rodalink.com/id/polygon-siskiu-d7-dual-suspension-bike-pa01279.html
Sepeda,Sepeda Gunung,Polygon Sepeda MTB Dual Suspensi Siskiu D7 2020,17900000,,,"Polygon Sepeda MTB Dual Suspensi Siskiu D7: Taklukkan Segala Medan dengan Kenyamanan Ekstrem Siap untuk petualangan off-road tanpa batas? Polygon Sepeda MTB Dual Suspensi Siskiu D7 adalah trail bike serbaguna yang dirancang untuk kamu, para cyclist , yang mendambakan performa optimal di setiap tanjakan dan turunan. Rasakan redaman superior, handling presisi, dan traksi tak tertandingi di jalur singletrack maupun all-mountain . Ini adalah pilihan tepat untuk beli sepeda gunung online. Kenapa Waji","{""Travel Suspensi Optimal"": ""Fork Rockshox Recon RL 120mm & Rear Shock Rockshox Deluxe Select Plus 120mmMenyediakan redaman yang seimbang dan responsif, ideal untuk melibas akar, bebatuan, dandropkecil dengan percaya diri."", ""Sistem Linkage Efisien"": ""Desain single pivot dengan linkage-driven shockMenawarkan performa suspensi yang andal, efisien saat mengayuh, dan tetap aktif saat pengereman, menjaga traksi maksimal."", ""Frame ALX Alloy Ringan & Kuat"": ""Material ALX XC Trail Frame alloy berkualitas tinggi dengan tapered head tubeMenjamin durabilitas luar biasa dan bobot yang kompetitif, siap menghadapi kerasnya medanmountain biketanpa kompromi."", ""Dropper Post Terintegrasi"": ""Entity Xpert dropper post dengan remote di handlebar (travel 150mm untuk S&M / 170mm untuk L&XL)Memungkinkan penyesuaian ketinggian sadel secara instan, krusial untuk transisi cepat antara tanjakan cu"", ""Pengereman Kuat & Presisi"": ""Shimano MT200 Hydraulic Disc BrakesMemberikan daya henti yang superior dan modulasi yang akurat di segala kondisi cuaca, meningkatkan keamanan dan kontrol kamu."", ""Drivetrain 1x Modern"": ""Shimano Deore 1x11 speed (Shifter SL-M5100, Rear Derailleur RD-M5100, Crankset FC-M5100 32T, Cassette CS-M5100 11-51T)Menyederhanakan perpindahan gigi, mengurangi bobot, dan menawarkan rentang gigi ya"", ""Brand"": ""Polygon"", ""What's in the box"": ""1 x Polygon Siskiu D7 Dual Suspension Bike 2020"", ""Rentang Usia"": ""Dewasa"", ""Frame"": ""ALX XC 120MM TRAVEL (27.5”) / 120MM TRAVEL (29”), TAPER H/T TA BOOST"", ""Fork"": ""ROCKSHOX RECON RL, 15X100MM, 120MM (27.5”) / 120MM (29”) TRAVEL"", ""Rear Shock"": ""ROCKSHOX DELUXE SELECT PLUS E2E: 190X45MM METRIC, HARDWARE: M8X25MM"", ""Shifter"": ""SHIMANO DEORE SL-M5100, 1x11SPEED TRIGGER"", ""Crank Set"": ""SHIMANO DEORE FC-M5100 32T"", ""Cassette"": ""SHIMANO DEORE CS-M5100 11-51T"", ""Rear Derailleur"": ""SHIMANO DEORE RD-M5100"", ""Bottom Bracket"": ""SHIMANO DEORE"", ""Chain"": ""KMC X11-1"", ""Pedal"": ""ALLOY FLAT PEDAL W/ REMOVEABLE PIN & REFLECTOR"", ""Saddle"": ""ENTITY VOID SADDLE"", ""Seat Post"": ""TRANZX DROPPER 150mm (27.5\"") / 170mm (29\"")"", ""Handlebar"": ""ENTITY XPERT, ALLOY"", ""Handle Stem"": ""ENTITY XPERT, ALLOY"", ""Head Set"": ""THREADLESS ZERO STACK HEADSET"", ""Tire"": ""SCHWALBE NOBBY NIC PERFORMANCE 27.5\""x2.25\"" / 29\""x2.25\"""", ""Brake"": ""SHIMANO MT200 HYDRAULIC DISC BRAKE"", ""Speed"": ""1x11 Speed"", ""Color"": ""Black Blue"", ""Genre"": ""MTB"", ""Weight"": ""14.3kg (29 M)"", ""Note"": ""Spesifikasi, warna dan ketersediaan produk dapat berubah sewaktu-waktu tanpa pemberitahuan sebelumnya.""}",https://www.rodalink.com/id/polygon-sepeda-dual-suspension-siskiu-d7-pa01174.html
Sepeda,Sepeda Gunung,Polygon Sepeda Gunung Syncline C3 2020,16500000,,,"Polygon Sepeda Gunung Syncline C3 2020: MTB Hardtail Karbon, Teman Setia Commute dan Bikepacking Tangguh Siap untuk petualangan harian atau ekspedisi jarak jauh? Polygon Sepeda Gunung Syncline C3 2020 adalah sepeda MTB hardtail XC yang dirancang untuk efisiensi maksimal, ketahanan luar biasa, dan performa optimal. Lebih dari sekadar road bike atau MTB full-suspension , rasakan kebebasan menjelajah kota hingga jalur pedesaan dengan satu mountain bike serbaguna ini. Kenapa Wajib Pilih Polygon Sepe","{""Frame & Fork"": ""ACX XC Performance Carbon & RockShox Recon 120mmHandlinggesit, efisiensi kayuhan superior denganframe karbon ACX XC Performanceultra-ringan danfork suspensi RockShox Recon 120mm. Taklukkan jaluroff-ro"", ""Drivetrain"": ""Shimano Deore 1x12-speed (SL-M6100, RD-M6100, FC-MT510 32T, CS-M6100 10-51T)Perpindahan gigi mulus, responsif di segala medan.Drivetrain Shimano Deore 1x12-speedsiap untuk tanjakan ataugravelringan."", ""Rem"": ""Shimano Hydraulic Disc Brake MT200/MT201Kontrol pengereman superior, konsisten di segala cuaca.Rem cakram hidrolik Shimano MT200/MT201berikan keamanan dan kepercayaan diri ekstra."", ""Mounting Points"": ""SerbagunaSiap untukbikepackingatau perlengkapan harianmu. Berbagaimounting pointsuntuk rak danfendermenjadikanPolygon Sepeda Gunung Syncline C3 2020pilihan sempurna."", ""Roda & Ban"": ""Entity XL2 (27.5/29 inci) & WTB Trail Boss 2.25 inciKombinasiroda Entity XL2denganban WTB Trail Boss 2.25 inci. Keseimbangan sempurna kecepatan, traksi, dan kenyamanan di aspal maupunoff-roadringan."", ""Brand"": ""Polygon"", ""What's in the box"": ""1 x Polygon Syncline C3 Mountain Bike 2020"", ""Rentang Usia"": ""Dewasa"", ""Frame"": ""ACX XC PERFORMANCE"", ""Fork"": ""ROCKSHOX RECON, 120mm TRAVEL"", ""Shifter"": ""SHIMANO DEORE SL-M6100, 1x12-SPEED"", ""Crank Set"": ""SHIMANO FC-MT510 32T"", ""Cassette"": ""SHIMANO DEORE CS-M6100 10-51T"", ""Rear Derailleur"": ""SHIMANO DEORE RD-M6100"", ""Bottom Bracket"": ""SHIMANO MT500"", ""Chain"": ""KMC X-12"", ""Pedal"": ""ALLOY CAGE PEDAL W/ REFLECTOR"", ""Saddle"": ""ENTITY VOID SADDLE"", ""Seat Post"": ""ENTITY XPERT, ALLOY"", ""Handlebar"": ""ENTITY XPERT, ALLOY"", ""Handle Stem"": ""ENTITY XPERT, ALLOY"", ""Head Set"": ""THREADLESS INTEGRATED HEADSET"", ""Tire"": ""WTB TRAIL BOSS 27.5\""x2.25\"" / 29\""x2.25\"""", ""Brake"": ""SHIMANO MT200 HYDRAULIC DISC BRAKE"", ""Speed"": ""1x12 Speed"", ""Color"": ""Red"", ""Genre"": ""MTB"", ""Note"": ""Spesifikasi, warna dan ketersediaan produk dapat berubah sewaktu-waktu tanpa pemberitahuan sebelumnya.""}",https://www.rodalink.com/id/polygon-syncline-c3-mountain-bike-pa01176.html
Sepeda,Sepeda Gunung,Polygon Sepeda Gunung Syncline C3,16500000,,,"Polygon Sepeda Gunung Syncline C3: Hardtail XC, Teman Setia Commute dan Bikepacking Tangguh Maksimalkan petualanganmu dengan Polygon Sepeda Gunung Syncline C3 ! Hardtail mountain bike responsif ini adalah pilihan ideal untuk commuting harian, menaklukkan singletrack ringan, hingga ekspedisi bikepacking yang menantang. Rasakan performa dan ketangguhan terbaik di setiap kayuhanmu. Beli sepeda online ini sekarang! Kenapa Wajib Pilih Polygon Sepeda Gunung Syncline C3: Efisiensi Maksimal, Perawatan M","{""Features"": ""Frame Karbon ACX & Fork RockShox Recon Silver RL 120mmFramekarbon ACX ringan, kuat, responsif.ForkRockShox Recon Silver RL 120mm Solo Airdenganlockout, nyaman di medan berat, efisien layaknyasepeda ha | Drivetrain Shimano Deore M6100 1x12-Speed LengkapSistem gigi sederhana, presisi, rentang luas (Shimano Deore M6100). Taklukkan tanjakan, melaju kencang tanpa khawatirshiftingrumit. | Rem Hydraulic Disc Shimano BR-MT201Pengereman kuat, konsisten di segala cuaca. Kontrol penuh, keamanan optimal di perkotaan atauoff-roaddenganrem hydraulic disc. | Mounting Points SerbagunaSiapbikepacking!Mounting points(dua tempat botol minum) untuk aksesori, menjadikanPolygon Sepeda Gunung Syncline C3teman ideal perjalanan jauhmu. | Roda & Ban WTB Trail Boss 29\"" x 2.25\""RodaEntity XL2 Disctubeless readydan ban WTB Trail Boss 29\"" x 2.25\"" tawarkan traksi, stabilitas luar biasa di berbagai permukaan."", ""Brand"": ""Polygon"", ""What's in the box"": ""1 x Polygon Syncline C3 Mountain Bike"", ""Technology"": ""ACX Carbon, Press Fit, Internal Routing, Wheel Fit System"", ""Rentang Usia"": ""Dewasa"", ""Frame"": ""ACX XC PERFORMANCE"", ""Fork"": ""ROCKSHOX RECON SILVER RL, 120mm"", ""Shifter"": ""SHIMANO DEORE SL-M6100-R 12-SPEED TRIGGER"", ""Crank Set"": ""SHIMANO FC-MT510-1 32T 2-PIECE-CRANK, 170mm"", ""Cassette"": ""12 SPEED, 11-51T"", ""Rear Derailleur"": ""SHIMANO DEORE RD-M6100-SGS DIRECT ATTACH"", ""Bottom Bracket"": ""SHIMANO BB-MT500-PA"", ""Chain"": ""KMC NEW X-12"", ""Pedal"": ""ALLOY CAGE PEDAL W/ REFLECTOR"", ""Saddle"": ""ENTITY VOID SADDLE STEEL ø 7mm"", ""Seat Post"": ""ENTITY XPERT, 27.2x350mm"", ""Seat Clamp"": ""31.8mm W/ QR"", ""Handlebar"": ""ENTITY XPERT, W: 740mm, BB: 31.8mm, R/D: 12mm, B: 9degree"", ""Handle Stem"": ""ENTITY XPERT, EXT: 60mm, BB: 31.8mm, R/D: 7degree"", ""Head Set"": ""INTEGRATED W/ SEALED BEARING FOR TAPER HEAD TUBE, IS 42/28.6 | IS 52/40"", ""Wheel Set"": ""ALLOY DOUBLE WALL, ENTITY XL2 584/622-30 32H FV W/ TUBELESS TAPE FOR 584/622 54-76 TYRES"", ""Tire"": ""PERFORMANCE TIRE 27.5\""x2.25\"" / 29\""x2.25\"""", ""Brake"": ""SHIMANO BR-MT201 HYDRAULIC DISC BRAKE"", ""Speed"": ""1x12 Speed"", ""Color"": ""Brown Gray"", ""Genre"": ""MTB"", ""Weight"": ""13.4 kg (size M)"", ""Note"": ""Spesifikasi, warna dan ketersediaan produk dapat berubah sewaktu-waktu tanpa pemberitahuan sebelumnya.""}",https://www.rodalink.com/id/polygon-syncline-c3-mountain-bike-pa00440.html
Sepeda,Sepeda Gunung,Polygon Sepeda MTB Dual Suspensi Siskiu DSE,16500000,,,"Polygon Sepeda MTB Dual Suspensi Siskiu DSE: Taklukkan Segala Medan dengan Kenyamanan Ekstrem Siap taklukkan off-road tanpa batas? Polygon Sepeda MTB Dual Suspensi Siskiu DSE adalah mountain bike full-suspension ideal untuk trail rider dan all-mountain enthusiast . Rasakan redaman superior, handling presisi, dan traksi maksimal di setiap jalur. Ini sepeda gunung yang akan mengubah cara kamu bersepeda, dari tanjakan terjal hingga turunan teknis. Kenapa Wajib Pilih Polygon Sepeda MTB Dual Suspensi","{""Travel Suspensi Optimal"": ""Depan 120mm (Suntour Raidon32 Boost LO-R), Belakang 120mm (RockShox Deluxe Select Plus)Redaman superior, kontrol maksimal di medan ekstrem."", ""Sistem Linkage Efisien"": ""Faux Bar System dengan One-Piece Linkage SystemTransfer tenaga responsif, suspensi aktif."", ""Frame ALX Alloy Ringan & Kuat"": ""ALX XC Trail FrameKuat, ringan, lincah untukMTB full-suspensionkamu."", ""Dropper Post Terintegrasi"": ""Travel 150mm (S-M) atau 170mm (L-XL)Sadel instan untukclimbingataudescending."", ""Rem Hidrolik Bertenaga"": ""Shimano BR-MT201, Rotor Depan 180mm, Belakang 160mm (Center-Lock)Daya henti konsisten, andal, aman."", ""Drivetrain 1x Modern"": ""Shimano Deore 1x11-speed (Shifter SL-M5100-R, Crank FC-M5100-1 32T, Cassette CS-M5100 11-51T, Rear Derailleur RD-M5100-SGS)Rentang gigi luas untuk tanjakan dan kecepatan."", ""Brand"": ""Polygon"", ""What's in the box"": ""1 x Polygon Siskiu DSE Dual Suspension Bike"", ""Technology"": ""SHIFTER ROUTE/BRAKE ROUTE (INTERNAL), REAR SHOCK : AIR SPRING, LOCKOUT, REBOUND ADJUST"", ""Rentang Usia"": ""Dewasa"", ""Frame"": ""ALX XC TRAIL FRAME"", ""Fork"": ""SUNTOUR RAIDON32 BOOST LO-R, AIR SPRING, TRAVEL:120mm, LOCKOUT, REBOUND ADJUST, TAPERED 1.5\"" TO 1-1/8"", ""Rear Shock"": ""ROCKSHOX DELUXE SELECT PLUS, E2E: METRIC 190x45mm, M8x25mm FOR BOTH SIDES"", ""Shifter"": ""SHIMANO DEORE SL-M5100-R 11-SPEED TRIGGER"", ""Crank Set"": ""SHIMANO DEORE FC-M5100-1 32T TWO-PIECE-CRANK, MAX CHAIN RING : SINGLE 38T, DOUBLE 36/22T, 170mm (S-M) / 175mm (L-XL)"", ""Cassette"": ""SHIMANO DEORE CS-M5100 11-51T 11-SPEED"", ""Rear Derailleur"": ""SHIMANO DEORE RD-M5100-SGS DIRECT ATTACH 11-SPEED"", ""Bottom Bracket"": ""SHIMANO BSA THREADED 68/73mm"", ""Chain"": ""KMC X11-1"", ""Pedal"": ""ALLOY W/ ALLOY CAGE"", ""Saddle"": ""ENTITY SADDLE, STEEL: 7mm"", ""Seat Post"": ""TRANZ X DROPPER 150mm / 170mm, 30.9 x 459mm (S-M) / 499mm (L-XL)"", ""Handlebar"": ""ENTITY EXPERT ALLOY, W: 780 mm, B:  31.8 mm, R/D: 30 mm,  BEND:6 degree"", ""Handle Stem"": ""ALLOY, E:40 mm, B:31.8 mm, R/D: 7 degree"", ""Head Set"": ""THREADLESS TAPERED ZERO STACK, ZS 44/28.6 | ZS 56/40"", ""Wheel Set"": ""ALLOY DOUBLE WALL 622-30 32H FOR TYRE 622-54/76, X-15 TUBELESS READY W/ TUBELESS TAPE"", ""Tire"": ""PERFORMANCE TIRE 29\""x2.25 (622-57)"", ""Front Hub"": ""F: ALLOY THRU AXLE 15x110mm 32H CENTER LOCK"", ""Rear Hub"": ""F: ALLOY THRU AXLE 15x110mm 32H CENTER LOCK / R: ALLOY THRU AXLE 12X148mm 32H CENTER LOCK"", ""Spokes & Nipples"": ""STAINLESS J-BEND NDS:294mm DS:296mm W/ 14Gx12MM BRASS NIPPLE"", ""Brake Lever"": ""SHIMANO BL-MT201"", ""Brake"": ""SHIMANO MT201 HYDRAULIC DISC BRAKE"", ""Brake Rotor"": ""SHIMANO SM-RT30 F:180mm R:160mm CENTER-LOCK"", ""Bike Stand"": ""34.9mm BOLT TYPE"", ""Speed"": ""1x11 Speed"", ""Genre"": ""MTB"", ""Note"": ""The specifications, colors, and availability of the products can be subjects to alter without prior notification.""}",https://www.rodalink.com/id/polygon-sepeda-mtb-dual-suspensi-siskiu-dse-502873.html
Sepeda,Sepeda Gunung,Polygon Sepeda MTB Dual Suspensi Siskiu D6,14500000,,,"Polygon Sepeda MTB Dual Suspensi Siskiu D6: Taklukkan Segala Medan dengan Kenyamanan Ekstrem Siap taklukkan setiap trail ? Polygon Sepeda MTB Dual Suspensi Siskiu D6 adalah sepeda gunung impianmu! Dirancang untuk XC Trail hingga all-mountain ringan, sepeda ini menawarkan redaman superior, handling responsif, dan traksi maksimal. Rasakan petualangan tak terlupakan, dari tanjakan teknis hingga turunan cepat. Kenapa Wajib Pilih Polygon Sepeda MTB Dual Suspensi Siskiu D6: Responsif di Tanjakan, Stab","{""Travel Suspensi 120mm"": ""Fork SR Suntour XCM Boost & Rear Shock Raidon LO AirRedaman superior untuk kenyamanan dan kontrol maksimal di medanoff-road."", ""SistemLinkage Faux Bar"": ""Linkage-Driven Single-PivotTingkatkan traksi roda belakang dan stabilitas,handlingpresisi ditrail."", ""Frame ALXHydroformed Aluminum"": ""Ringan & KuatFondasi solid untuk performaMountain Bikeagresif danstylish."", ""Dropper Post TranzX"": ""Travel 150mm (S-M) / 170mm (L-XL)Sesuaikan ketinggian sadel instan untuk posisi optimal menanjak, menurun, rintangan."", ""Rem Cakram Hidrolik Shimano MT201"": ""Rotor Depan 180mm & Belakang 160mmDaya pengereman kuat, konsisten di segala cuaca, keamanan dan kontrol."", ""Drivetrain Shimano Deore 1x10-Speed"": ""Cassette 11-48TPerpindahan gigi mulus, efisien dengansingle chainringtaklukkan tanjakan."", ""Wheelset PolygonTubeless Ready"": ""Ban Deli 27.5\""x2.25\"" / 29\""x2.25\""Wheelsetsiaptubelessdan ban tangguh, traksi optimal di berbagai medan."", ""KomponenCockpitPolygon Sport & Saddle Entity Void"": ""ErgonomisDirancang untuk kenyamanan dan kontrol ergonomis maksimal petualangantrailkamu."", ""Brand"": ""Polygon"", ""What's in the box"": ""1 x Polygon Siskiu D6 Dual Suspension Bike"", ""Technology"": ""BRAKE INTERNAL ROUTE, BSA THREADED, DISC BRAKE, ALLOY DOUBLE WALL, PRELOAD ADJUSTER, LOCKOUT, REBOUND ADJUST"", ""Rentang Usia"": ""Dewasa"", ""Frame"": ""ALX XC TRAIL FRAME"", ""Fork"": ""SUNTOUR XCM 34 BOOST 120mm TRAVEL, TAPERED 1-1/2 TO 1-1/8"", ""Rear Shock"": ""SUNTOUR RAIDON LO AIR, E2E : METRIC 190x45mm"", ""Shifter"": ""SHIMANO 1x10-SPEED TRIGGER"", ""Crank Set"": ""SHIMANO 32T, MAX CHAIN RING : SINGLE 38T, DOUBLE 36/24T, CRANK ARM : 170mm"", ""Cassette"": ""SHIMANO 10 SPEED"", ""Rear Derailleur"": ""SHIMANO DIRECT ATTACH"", ""Bottom Bracket"": ""BSA THREADED 68/73mm"", ""Chain"": ""KMC X GLIDE"", ""Pedal"": ""PP PEDAL"", ""Saddle"": ""VOID SADDLE, ø 7mm"", ""Seat Post"": ""ALLOY DROPPER 150mm / 170mm, 30.9 x 442mm (S-M) / 495mm (L-XL)"", ""Seat Clamp"": ""34.9mm W/ BOLT"", ""Handlebar"": ""SPORT ALLOY, WIDTH : 760mm, BAR BORE : 31.8mm, RISE/DROP : 12mm, BEND : 9degree"", ""Handle Stem"": ""SPORT ALLOY, EXTENSION : 40mm, BAR BORE : 31.8mm"", ""Head Set"": ""THREADLESS ZERO STACK HEADSET, ZS 44/28.6 | ZS 56/30"", ""Wheel Set"": ""POLYGON MT6 TUBELESS READY W/ TUBELESS TAPE"", ""Tire"": ""PERFORMANCE TIRE 27.5\""x2.25\"" / 29\""x2.25\"""", ""Front Hub"": ""SHIMANO HB-TC500 THRU AXLE 15x110mm 32H CENTER LOCK"", ""Rear Hub"": ""SHIMANO FH-TC500 THRU AXLE 12X148mm 32H CENTER LOCK FOR CASSETTE SPROCKET"", ""Spokes & Nipples"": ""F: STAINLESS J-BEND 27.5\"" NDS:272mm DS:274mm - 29\"" NDS:290mm DS:292mm, R: STAINLESS J-BEND 27.5\"" NDS:274mm DS:272mm - 29\"" NDS:294mm DS:292mm"", ""Brake Lever"": ""SHIMANO BL-MT200"", ""Brake"": ""SHIMANO MT200 HYDRAULIC DISC BRAKE"", ""Brake Rotor"": ""SHIMANO SM-RT10 F:180mm R:160mm CENTER-LOCK"", ""Extras"": ""DROPOUT : 725047"", ""Speed"": ""1x10 Speed"", ""Genre"": ""MTB"", ""Note"": ""Spesifikasi, warna dan ketersediaan produk dapat berubah sewaktu-waktu tanpa pemberitahuan sebelumnya.""}",https://www.rodalink.com/id/polygon-sepeda-gunung-mtb-siskiu-d6-dual-suspension-502819.html
Sepeda,Sepeda Gunung,Polygon Sepeda Gunung Syncline C2 2020,13350000,,,"Polygon Sepeda Gunung Syncline C2 2020: Hardtail XC Karbon , Performa Agresif untuk Trail dan Tanjakan Siap taklukkan setiap trail ? Polygon Sepeda Gunung Syncline C2 2020 adalah hardtail XC karbon pilihanmu. Rasakan kecepatan, efisiensi, dan kontrol superior di medan off-road menantang. Dirancang race-ready , sepeda gunung ini siap membawamu menaklukkan tanjakan curam dan turunan cepat. Beli sepeda online terbaik di Rodalink! Kenapa Wajib Pilih Polygon Sepeda Gunung Syncline C2 2020: Kecepatan,","{""Features"": ""FrameACX XC Performance Carbon&Suntour XCR 32 LO-R 120mm Travel ForkRingan, kuat, responsif, denganforkbersuspensi 120mm dan fiturlockoutuntuk kontrol presisi di medanXC. | Wheelset Alloy Double Wall Entity& BanWTB Trail Boss29”x2.25”Traksi luar biasa dan daya tahan di medan berbatu atau berlumpur, menjaga momentum serta stabilitasmu."", ""Drivetrain Shimano Deore 1x11 Speed"": ""ShifterSL-M5100,Rear DerailleurRD-M5100,CranksetFC-M5100 32T,Cassette11-51TPerpindahan gigi mulus, rentang luas. Konfigurasi 1x menyederhanakan operasional, fokus penuh menaklukkantrail."", ""Rem Hydraulic Disc Shimano MT200"": ""Rotor Depan 180mm, Belakang 160mmDaya pengereman kuat, konsisten di segala kondisi. Kontrol superior dan keamanan maksimal saat turunan curam."", ""Geometri Agresif"": ""Slack Head Tube Angle, Short Chainstay, Tapered Head Tube, Boost SpacingAkselerasi eksplosif,handlinglincah. Stabilitas kecepatan tinggi, manuver optimal,steeringpresisi untukMTB karbonkompetitif."", ""KomponenCockpit Entity Xpert"": ""Handlebar, Stem, Seatpost, Saddle Entity VoidKontrol ergonomis dan kenyamanan optimal selama berkendara, mendukung performa maksimalmu."", ""Brand"": ""Polygon"", ""What's in the box"": ""1 x Polygon Syncline C2 Mountain Bike 2020"", ""Rentang Usia"": ""Dewasa"", ""Frame"": ""ACX XC PERFORMANCE"", ""Fork"": ""SUNTOUR XCR 32 LO-R, 120mm TRAVEL"", ""Shifter"": ""SHIMANO DEORE SL-M5100, 1x11 SPEED"", ""Crank Set"": ""SHIMANO DEORE FC-M5100 32T"", ""Cassette"": ""12 SPEED, 11-51T"", ""Rear Derailleur"": ""SHIMANO DEORE RD-M5100"", ""Bottom Bracket"": ""SHIMANO MT500"", ""Chain"": ""KMC X11-1"", ""Pedal"": ""ALLOY CAGE PEDAL W/ REFLECTOR"", ""Saddle"": ""ENTITY VOID SADDLE"", ""Seat Post"": ""ENTITY XPERT, ALLOY"", ""Handlebar"": ""ENTITY XPERT, ALLOY"", ""Handle Stem"": ""ENTITY XPERT, ALLOY"", ""Head Set"": ""THREADLESS INTEGRATED HEADSET"", ""Tire"": ""WTB TRAIL BOSS 27.5\""x2.25\"" / 29\""x2.25\"""", ""Brake"": ""SHIMANO MT200 HYDRAULIC DISC BRAKE"", ""Speed"": ""1x11 Speed"", ""Color"": ""Gray"", ""Genre"": ""MTB"", ""Note"": ""Spesifikasi, warna dan ketersediaan produk dapat berubah sewaktu-waktu tanpa pemberitahuan sebelumnya.""}",https://www.rodalink.com/id/polygon-syncline-c2-mountain-bike-pa01175.html
Sepeda,Sepeda Gunung,Polygon Sepeda MTB Junior Siskiu D24,12800000,,,,"{""Brand"": ""Polygon"", ""What's in the box"": ""1 x Polygon Siskiu D24 Dual Suspension Bike"", ""Rentang Usia"": ""7-11 Tahun, >10 Tahun"", ""Frame"": ""ALX JUNIOR 120MM TRAVEL"", ""Fork"": ""SUNTOUR RAIDON 32 AIR 120MM TRAVEL, ALLOY STRAIGHT 1-1/8\"""", ""Rear Shock"": ""SUNTOUR RAIDON R AIR, AIR SPRING, REBOUND, E2E : 190x45mm"", ""Shifter"": ""MICROSHIFT SL-M7180-R 8-SPEED TRIGGER"", ""Crank Set"": ""PROWHEEL C10Y 30T, MAX CHAIN RING : 30T, CRANK ARM : 140mm"", ""Cassette"": ""MICROSHIFT CS-H083 8-SPEED 12-42T"", ""Rear Derailleur"": ""MICROSHIFT RD-M5185M 8-SPEED"", ""Bottom Bracket"": ""2PCS W/ CARTRIDGE SEALED BEARING & 126,5mm SQUARE AXLE"", ""Chain"": ""KMC X9"", ""Pedal"": ""ONE PIECE PP BODY"", ""Saddle"": ""BLACK,  STEEL 7mm"", ""Seat Post"": ""POLYGON SPORT, D x L : 30.9 x 250mm, OFFSET : 16mm"", ""Seat Clamp"": ""34.9mm QR TYPE"", ""Handlebar"": ""POLYGON SPORT, W: 640mm,  BB: 31.8mm, RISE / DROP: 20MM, BEND : 6degree"", ""Handle Stem"": ""POLYGON SPORT, E: 40mm, BB: 31.8mm, RISE / DROP: 7degree"", ""Head Set"": ""ZERO STACK W/ SEALED BEARING, ZS 44/28.6 | ZS 56/30"", ""Wheel Set"": ""ALLOY WHEELS"", ""Tire"": ""VEE TIRE FLOW SNAP 24\""x2.4 507-62, MAXIMUM SIZE : 24x2.4"", ""Front Hub"": ""SOLON DH909TF 15x100mm 32H 6B"", ""Rear Hub"": ""SOLON DH909TR 12x142mm 32H 6B FOR CASSETTE SPROCKET"", ""Spokes & Nipples"": ""F:14G STAINLESS NDS:232mm DS:232mm W/ 12mm BRASS NIPPLE, R:14G STAINLESS NDS:232mm DS:230mm W/ 12mm BRASS NIPPLE"", ""Brake Lever"": ""TEKTRO HD-J285"", ""Brake"": ""TEKTRO HYDRAULIC DISC BRAKE"", ""Brake Rotor"": ""TEKTRO TR160 6B"", ""Extras"": ""DROPOUT"", ""Speed"": ""1x8 Speed"", ""Genre"": ""MTB, Kids"", ""Wheel size"": ""24\"""", ""Note"": ""Spesifikasi, warna dan ketersediaan produk dapat berubah sewaktu-waktu tanpa pemberitahuan sebelumnya.""}",https://www.rodalink.com/id/polygon-sepeda-mtb-junior-siskiu-d24-503195.html
Sepeda,Sepeda Gunung,Polygon Sepeda Gunung Xtrada 7,11800000,,,"Polygon Sepeda Gunung Xtrada 7: Taklukkan Trail dengan Performa Hardtail Terbaik Siap upgrade pengalaman trail riding -mu? Polygon Sepeda Gunung Xtrada 7 adalah hardtail XC MTB lincah dan responsif, siap menaklukkan berbagai medan. Dirancang untuk cyclist penjelajah hingga kamu yang ingin tingkatkan skill di jalur teknis, Xtrada 7 adalah partner sempurna untuk setiap petualangan. Beli Sepeda Online terbaik di Rodalink! Kenapa Wajib Pilih Polygon Sepeda Gunung Xtrada 7? Polygon Sepeda Gunung Xtra","{""Frame ALX XC 29\"" Alloy"": ""Ringan & KokohMemberikan keseimbangan sempurna untuk efisiensi kayuhan dan stabilitas di medan berat."", ""Fork X-Fusion Migo RC Damper 32 120mm"": ""Air Spring&Boost Thru AxleRedam benturan optimal denganlockoutdanadjusted rebounduntuk kontrol superior di setiaptrail."", ""Features"": ""Drivetrain SRAM Eagle 1x12 T-TypeRasakan perpindahan gigi mulus dan performa menanjak luar biasa dengancranksetSRAM Eagle 70 T-Type 32T. | Ban Maxxis Rekon 29\""x2.25\"" TLR & Rem Shimano MT200Jaminan cengkeraman kuat dan pengereman responsif di segala kondisi."", ""Dropper PostX-Fusion Manic LC 150mm"": ""Kontrol Turunan MaksimalUbah cara kamu menaklukkan turunan teknis dan tikungan tajam dengan mudah."", ""Wheelset Alloy Double Walldengan Hub Novatec"": ""Kuat & StabilMendukung performaoff-road-mu denganBoost Thru Axledepan 15x110mm dan belakang 12x148mm."", ""Brand"": ""Polygon"", ""Rentang Usia"": ""Dewasa"", ""Frame"": ""ALX XC 29\"""", ""Fork"": ""X-FUSION MIGO RC DAMPER 32 120mm TRAVEL BOOST THRU AXLE"", ""Shifter"": ""SRAM SL-70-A1 1x12-SPEED TRIGGER"", ""Crank Set"": ""SRAM EAGLE 70 T-TYPE 32T, MAX CHAIN RING : SINGLE 32T, CRANK ARM : 165mm"", ""Cassette"": ""SRAM CS-XS-1270-A1 12-SPEED 10-52T"", ""Rear Derailleur"": ""SRAM RD-70-A1 T-TYPE"", ""Bottom Bracket"": ""DUB BSA 73mm"", ""Chain"": ""EAGLE 70 T-TYPE"", ""Pedal"": ""ONE PIECE PP BODY"", ""Saddle"": ""LINC VOID SADDLE, STEEL 7mm"", ""Seat Post"": ""DROPPER POST 150mm TRAVEL, DXL: 30.9 x 429mm, SEAT CLAMP: 34.9mm BOLT TYPE"", ""Seat Clamp"": ""34.9mm BOLT TYPE"", ""Handlebar"": ""POLYGON SPORT ALLOY, WIDTH : 760mm, BAR BORE : 31.8mm, RISE/DROP : 20mm, BEND : 9degree"", ""Handle Stem"": ""POLYGON SPORT ALLOY, EXTENSION : 40mm, BAR BORE : 31.8mm, RISE / DROP : 7degree"", ""Head Set"": ""ZERO STACK W/ CAGED BEARING, ZS 44/28.6 | ZS 56/40"", ""Wheel Set"": ""ALLOY WHEELS"", ""Tire"": ""MAXXIS REKON 29\""X2.25\"" TLR"", ""Front Hub"": ""NOVATEC D041SB THRU AXLE 15x110mm 32H CENTERLOCK"", ""Rear Hub"": ""NOVATEC D442SB THRU AXLE 12x148mm 32H CENTERLOCK"", ""Spokes & Nipples"": ""F: 14G STAINLESS NDS: 288mm DS: 290mm 12mm NIPPLE BRASS, R:  14G STAINLESS NDS: 288mm DS: 286mm 12mm NIPPLE BRASS"", ""Brake Lever"": ""SHIMANO BL-MT200"", ""Brake"": ""SHIMANO MT200 HYDRAULIC DISC BRAKE"", ""Brake Rotor"": ""SHIMANO SM-RT10 F: 180mm R: 160mm CENTERLOCK"", ""Extras"": ""DROPOUT : UDH"", ""Speed"": ""1x12 Speed"", ""Genre"": ""MTB"", ""Weight"": ""13.6 kg (Size M)"", ""Note"": ""Spesifikasi, warna dan ketersediaan produk dapat berubah sewaktu-waktu tanpa pemberitahuan sebelumnya.""}",https://www.rodalink.com/id/polygon-sepeda-gunung-xtrada-7-503537.html
Sepeda,Sepeda Gunung,Polygon Sepeda Gunung Xtrada 7 2022,10600000,,,"Polygon Sepeda Gunung Xtrada 7: Hardtail XC, Teman Setia Commute dan Bikepacking Tangguh Siap taklukkan setiap medan? Polygon Sepeda Gunung Xtrada 7 adalah hardtail mountain bike serbaguna yang dirancang untuk kamu, para cyclist yang mencari efisiensi, ketahanan, dan performa maksimal. Dari urban commuting hingga bikepacking jarak jauh, sepeda gunung ini pilihan tepat untuk eksplorasi tanpa batas. Beli sepeda online sekarang! Kenapa Wajib Pilih Polygon Sepeda Gunung Xtrada 7: Efisiensi Maksimal,","{""Frame ALX XC Sport Alloy & Fork Suspensi Udara 120mm"": ""Ringan & KuatFrame ALX XC Sport Alloyringan, kuat, dipadukanfork suspensi udara SR Suntour XCR32 Air LOR120mm. Memberimuhandlingtajam, peredaman guncangan, efisiensi kayuhan untukcommuteatautrailringa"", ""Drivetrain Shimano Deore 1x12 Speed"": ""Perpindahan Gigi MulusNikmati perpindahan gigi mulus, rentang rasio luas dengandrivetrain Shimano Deore 1x12 speed. DilengkapishifterSL-M6100-R,rear derailleurRD-M6100-SGS, dancassette11-51T, ideal un"", ""Rem Hydraulic Disc Shimano BL-MT201"": ""Pengereman SuperiorKontrol pengereman superior, konsisten di segala kondisi cuaca berkatrem hydraulic disc Shimano BL-MT201dengan rotor 160mm, memberimu keamanan dan kepercayaan diri maksimal."", ""Multiple Mounting Points"": ""Siap BikepackingDilengkapi berbagaimounting pointsuntukfender, rak, dan botol air, menjadikanPolygon Sepeda Gunung Xtrada 7ideal untukbikepackingdan membawa perlengkapan esensialmu."", ""Roda 27.5”/29” dengan Wheel Fit Size System & Ban Lebar"": ""Traksi OptimalPilihan ukuran roda 27.5” atau 29” denganWheel Fit Size SystemPolygon, dipadukanrim Entity XL2 alloy30mm dan ban lebar. Traksi optimal, kenyamanan ekstra, siap hadapi berbagai permukaan."", ""Brand"": ""Polygon"", ""What's in the box"": ""1 x Polygon Xtrada 7 Mountain Bike"", ""Technology"": ""AL6Alloy, Internal Routing, Tapered Headtube"", ""Rentang Usia"": ""Dewasa"", ""Frame"": ""ALX XC 27.5'' & 29\"""", ""Fork"": ""SR SUNTOUR XCR32 AIR LOR 120mm (27.5\"" & 29\"") TRAVEL, ALLOY TAPERED 1-1/2\"" - 1-1/8"", ""Shifter"": ""SHIMANO DEORE SL-M6100-R"", ""Crank Set"": ""SHIMANO DEORE M6120 170mm, MAX CHAIN RING : 32T,  CRANK ARM : 170mm"", ""Cassette"": ""SHIMANO CS-M6100-12 10-51"", ""Rear Derailleur"": ""SHIMANO DEORE RD-M6100"", ""Bottom Bracket"": ""SHIMANO BSA BB"", ""Chain"": ""KMC X-12"", ""Pedal"": ""ONE PIECE PP BODY"", ""Saddle"": ""BLACK, STEEL ø7mm"", ""Seat Post"": ""POLYGON SPORT, D x L : 27.2 x 350mm, OFFSET : 0"", ""Seat Clamp"": ""31.8mm QR TYPE"", ""Handlebar"": ""POLYGON SPORT ALLOY, W: 760mm, BAR BORE: 31.8mm, RISE/DROP: 12mm, BEND: 6degree"", ""Handle Stem"": ""POLYGON SPORT ALLOY, EXT: 45mm, BAR BORE: 31.8mm, RISE/DROP: 3degree"", ""Head Set"": ""ZERO STACK W/ SEALED BEARING, ZS 44/28.6 | ZS 56/40"", ""Wheel Set"": ""ALLOY WHEELS"", ""Tire"": ""PERFORMANCE TIRE 27.5\""x2.25\"" / 29\""x2.25\"""", ""Front Hub"": ""SHIMANO TC500 15X100mm 32H CENTERLOCK"", ""Rear Hub"": ""SHIMANO TC500 12X148mm MICROSPLINE"", ""Spokes & Nipples"": ""27,5(14G STAINLESS NDS:270mm DS:270mm) 29(14G STAINLESS NDS:288mm DS:290mm) 12MM NIPPLE BRASS, 27,5(14G STAINLESS NDS:268mm DS:270mm) 29(14G STAINLESS NDS:286mm DS:288) 12MM NIPPLE BRASS (REAR)"", ""Brake Lever"": ""SHIMANO MT201"", ""Brake"": ""SHIMANO MT201 HYDRAULIC DISC BRAKE"", ""Brake Rotor"": ""SHIMANO SM-RT10"", ""Speed"": ""1x12 Speed"", ""Genre"": ""MTB"", ""Weight"": ""13.2 (Size: S 27.5”)"", ""Note"": ""Spesifikasi, warna dan ketersediaan produk dapat berubah sewaktu-waktu tanpa pemberitahuan sebelumnya.""}",https://www.rodalink.com/id/polygon-sepeda-gunung-xtrada-7-pa01293.html
Sepeda,Sepeda Gunung,Polygon Sepeda Gunung Xtrada 7 2020,10600000,,,"Polygon Sepeda Gunung Xtrada 7 2020: MTB Hardtail, Teman Setia Commute dan Bikepacking Tangguh Siap untuk petualangan? Polygon Sepeda Gunung Xtrada 7 2020 adalah MTB hardtail serbaguna yang kamu butuhkan. Sempurna untuk cross-country ringan, commuting harian, hingga bikepacking tangguh. Rasakan performa andal di setiap jalur, dari aspal kota hingga singletrack menantang. Kenapa Wajib Pilih Polygon Sepeda Gunung Xtrada 7 2020: Efisiensi Maksimal, Perawatan Minimal Pilih Polygon Sepeda Gunung Xtra","{""Frame ALX XC 6061 Alloy & Suntour XCR32 Air LO-R 120mm Fork"": ""Rangka Ringan & Suspensi ResponsifRangka aluminiumhydroformedkokoh,tapered headtubeuntukhandlingpresisi.Forkudara SR Suntour XCR32 Air LO-R 120mm denganlockoutdanreboundmeredam guncangan, efisien mena"", ""Shimano Deore M6100 1x12 Speed Drivetrain"": ""Perpindahan Gigi Mulus & Rentang LuasSistemdrivetrain1x12 kecepatan Shimano Deore M6100 dengan kaset 10-51T menaklukkan tanjakan curam dan melaju cepat. Perpindahan gigi mulus, presisi."", ""Shimano BR-M201 Hydraulic Disc Brakes"": ""Pengereman Kuat & KonsistenRem cakram hidrolik Shimano BR-M201 memberikan daya pengereman kuat dan konsisten di segala kondisi. Kontrol superior dan keamanan maksimal."", ""Multiple Mounting Points & Dropper Post Ready"": ""Fleksibilitas PetualanganDilengkapimounting pointsuntuk dua botol air dan kompatibilitasinternal routinguntukdropper post. Fleksibilitas membawa perlengkapan ekstra atauupgrade."", ""Entity XL2 Tubeless Ready Rims & WTB Trail Boss Tires dengan Boost Hub Spacing"": ""Traksi Optimal & StabilitasRoda Entity XL2tubeless readydenganhub thru-axleBoost 12x148mm belakang, dipadukan ban WTB Trail Boss 2.25 inci (tersedia 27.5\"" atau 29\""). Traksi optimal, stabilitas, siapup"", ""Brand"": ""Polygon"", ""What's in the box"": ""1 x Polygon Xtrada 7 Mountain Bike 2020"", ""Rentang Usia"": ""Dewasa"", ""Frame"": ""ALX XC 27.5” & 29”"", ""Fork"": ""SUNTOUR XCR32 AIR LO-R, 120MM (27.5”) / 120MM (29”) TRAVEL, 15QLC32 THRU AXLE, W/ LOCKOUT & REBOUND"", ""Shifter"": ""SHIMANO DEORE SL-M6100 12-SPEED"", ""Crank Set"": ""SHIMANOS FC-MT510-1 1X12 SPEED"", ""Cassette"": ""SHIMANO, DEORE CS-M6100 10-51T 12-SPEED"", ""Rear Derailleur"": ""SHIMANO, DEORE RD-M6100 12-SPEED"", ""Bottom Bracket"": ""BSA THREADED"", ""Chain"": ""KMC X-12 12-SPEED"", ""Pedal"": ""PP FLAT PEDAL W/ REFLECTOR"", ""Saddle"": ""ENTITY VOID"", ""Seat Post"": ""ENTITY XPERT, 15MM OFFSET, 27.2MMX350MM"", ""Seat Clamp"": ""31.8mm W/ QR"", ""Handlebar"": ""ENTITY XPERT, ALLOY W:760MM R:12MM BB:31.8MM"", ""Handle Stem"": ""ENTITY XPERT, ALLOY E:40MM (27.5” & 29”), BB:31.8MM"", ""Head Set"": ""ZS 44/28.6 | ZS 56/40"", ""Tire"": ""PERFORMANCE TIRE 27.5\""X2.25\"" / 29\""X2.25\"""", ""Brake"": ""SHIMANO BR-M201 HYDRAULIC DISC BRAKE"", ""Speed"": ""1x12 Speed"", ""Color"": ""Yellow Blue"", ""Genre"": ""MTB"", ""Weight"": ""13kg"", ""Note"": ""Spesifikasi, warna dan ketersediaan produk dapat berubah sewaktu-waktu tanpa pemberitahuan sebelumnya.""}",https://www.rodalink.com/id/polygon-xtrada-7-mountain-bike-pa01180.html
Sepeda,Sepeda Gunung,Polygon Sepeda Gunung Trid 2018,10100000,,,,"{""Brand"": ""Polygon"", ""What's in the box"": ""1 x Polygon Trid Mountain Bike 2018"", ""Rentang Usia"": "">10 Tahun, Dewasa"", ""Frame"": ""AL6 ALLOY DIRT JUMP FRAME"", ""Fork"": ""X-FUSION SLANT, 100MM, TA 15MM, TAPPERED"", ""Crank Set"": ""SAMOX TAF15-D32A 32T, 170MM"", ""Cassette"": ""COG 16T"", ""Bottom Bracket"": ""SAMOX INTERGRATED BB BSA"", ""Chain"": ""KMC HL-710"", ""Pedal"": ""FLAT PEDAL NYLON COMPOSITE"", ""Saddle"": ""POLYGON PIVOTAL SADDLE"", ""Seat Post"": ""ALLOY PIVOTAL SEATPOST, 30.9X200MM"", ""Handlebar"": ""ENTITY ALLOY , 750MM"", ""Handle Stem"": ""ENTITY ALLOY , 40MM"", ""Head Set"": ""POLYGON INTERNAL SEALED BEARING ID:44/56MM"", ""Wheel Set"": ""JALCO HD570 RIMS WITH ALLOY HUB"", ""Tire"": ""PERFORMANCE TIRE"", ""Brake"": ""SHIMANO BRM365KIT, HYDRAULIC DISC BRAKE"", ""Bike Stand"": ""Not Included"", ""Speed"": ""Single Speed"", ""Color"": ""Blue"", ""Genre"": ""MTB"", ""Wheel size"": ""26\"""", ""Weight"": ""12.8 Kg"", ""Note"": ""Spesifikasi, warna dan ketersediaan produk dapat berubah sewaktu-waktu tanpa pemberitahuan sebelumnya.""}",https://www.rodalink.com/id/polygon-trid-mountain-bike-2018-502390001.html
Sepeda,Sepeda Gunung,Polygon Sepeda MTB Dual Suspensi Siskiu D5 2020,9950000,,,"Polygon Sepeda MTB Dual Suspensi Siskiu D5: Taklukkan Segala Medan dengan Kenyamanan Ekstrem Siap taklukkan setiap trail ? Polygon Sepeda MTB Dual Suspensi Siskiu D5 adalah sepeda gunung all-rounder tangguh untukmu. Rasakan sensasi trail riding sejati, melibas jalur cross-country hingga singletrack menantang. Dapatkan handling presisi dan traksi maksimal. Beli sepeda online ini sekarang! Kenapa Wajib Pilih Polygon Sepeda MTB Dual Suspensi Siskiu D5 2020: Responsif di Tanjakan, Stabil di Turunan ","{""Travel Suspensi 120mm Depan & Belakang"": ""Fork SR Suntour XCM HLO 120mm & Rear Shock SR Suntour Raidon LO Air 120mmMenyerap benturan efektif, memberimu kenyamanan ekstrem dan kontrol superior di medan paling kasar."", ""Frame ALX Alloy denganOne-Piece Linkage"": ""Material aluminium ALX ringan & kuatMenawarkan durabilitas tinggi, platform suspensi responsif, dan siap untukupgrade dropper postdenganinternal routing."", ""Drivetrain Shimano 2x9 Speed"": ""Shifter SL-M3100, Derailleur RD-M3100, Crankset FC-MT2102, Cassette CS-HG200Menyediakan rentang gigi luas dan perpindahan mulus, ideal untuk menaklukkan tanjakan curam maupun melaju di jalur datar."", ""Rem Cakram Hidrolik Shimano BR-M201"": ""Sistem pengereman hidrolik andalMemberikan daya henti kuat dan konsisten di segala kondisi cuaca, meningkatkan keamanan dan kontrolmu saattrail riding."", ""Brand"": ""Polygon"", ""What's in the box"": ""1 x Polygon Siskiu D5 Dual Suspension Bike 2020"", ""Rentang Usia"": ""Dewasa"", ""Frame"": ""ALX XC 120MM TRAVEL (27.5”) TAPER H/T QR BOOST"", ""Fork"": ""SR SUNTOUR XCM HLO , QR 100MM, 120MM (27.5”) TRAVEL"", ""Rear Shock"": ""SR SUNTOUR RAIDON LO AIR E2E:190X51MM HARDWARE:M8X22MM"", ""Shifter"": ""SHIMANO SL-M3100, 2x9 SPEED TRIGGER"", ""Crank Set"": ""SHIMANO ALTUS FC-MT2102 36T"", ""Cassette"": ""SHIMANO CS-HG200 11-36T"", ""Front Derailleur"": ""SHIMANO ALIVIO FD-M3120"", ""Rear Derailleur"": ""SHIMANO RD-M3100"", ""Bottom Bracket"": ""INCLUDE CRANKSET"", ""Chain"": ""KMC X9"", ""Pedal"": ""-"", ""Saddle"": ""ENTITY VOID SADDLE"", ""Seat Post"": ""ENTITY SPORT, ALLOY"", ""Handlebar"": ""ENTITY SPORT, ALLOY"", ""Handle Stem"": ""ENTITY SPORT, ALLOY"", ""Head Set"": ""THREADLESS ZERO STACK HEADSET"", ""Tire"": ""SPIDERBAIT TIRE 27.5\""x2.25\"""", ""Brake"": ""SHIMANO HYDRAULIC DISC BRAKE"", ""Speed"": ""2x9 Speed"", ""Color"": ""Red Gray"", ""Genre"": ""MTB"", ""Wheel size"": ""27.5\"""", ""Weight"": ""14.8kg (27.5 M)"", ""Note"": ""Spesifikasi, warna dan ketersediaan produk dapat berubah sewaktu-waktu tanpa pemberitahuan sebelumnya.""}",https://www.rodalink.com/id/polygon-sepeda-dual-suspension-siskiu-d5-502629.html
Sepeda,Sepeda Gunung,Polygon Sepeda MTB Dual Suspensi Siskiu D5,9950000,,,"Polygon Sepeda MTB Dual Suspensi Siskiu D5: Taklukkan Segala Medan dengan Kenyamanan Ekstrem Siap taklukkan setiap trail ? Polygon Siskiu D5 adalah Mountain Bike serbaguna impianmu! Dirancang untuk petualangan off-road tanpa batas, sepeda gunung full-suspension ini menawarkan redaman superior, handling presisi, dan traksi maksimal. Rasakan performa sesungguhnya! Kenapa Wajib Pilih Polygon Siskiu D5: Responsif di Tanjakan, Stabil di Turunan Sistem dual suspension Polygon Siskiu D5 memberimu kontr","{""Travel Suspensi 120mm"": ""Fork SR Suntour XCM HLO & Rear Shock SR Suntour Raidon LO AirRedaman optimal untuk kenyamanan dan kontrol superior ditrailmenantang."", ""Sistem Suspensi Faux Bar System"": ""Linkage-Driven Single PivotDesain responsif, efisien mengayuh, aktif di segala kondisi untuk traksi maksimal sepeda MTB-mu."", ""Frame ALX XC Trail Alloy"": ""Ringan & KuatMaterial aluminium berkualitas tinggi untuk kekuatan, daya tahan, dan bobot seimbang, performaMountain Bikeandal."", ""Dropper Post Ready"": ""Jalur Kabel TersediaSesuaikan ketinggian sadel instan untuk manuver lincah disingletrackteknis."", ""Rem Cakram Hidrolik"": ""Shimano MT200Daya pengereman konsisten dan andal di segala cuaca, memberimu kepercayaan diri di turunan curam."", ""Drivetrain Shimano 1x9 Speed"": ""Shifter Shimano 9-Speed Trigger, Crank 32T, Cassette 11-46TKonfigurasi gigi tunggal sederhana dengan rentang lebar untuk tanjakan dan kecepatan."", ""Brand"": ""Polygon"", ""What's in the box"": ""1 x Polygon Siskiu D5 Dual Suspension Bike"", ""Rentang Usia"": ""Dewasa"", ""Frame"": ""ALX XC TRAIL FRAME"", ""Fork"": ""SUNTOUR XCM 32 120mm TRAVEL, TAPERED 1-1/2 TO 1-1/8"", ""Rear Shock"": ""SUNTOUR RAIDON LO AIR, E2E : METRIC 190x51mm"", ""Shifter"": ""SHIMANO 1x9-SPEED TRIGGER"", ""Crank Set"": ""STEEL TWO PIECE CRANK, 32T, MAX CHAIN RING : SINGLE 36T, DOUBLE 36/24T, CRANK ARM : 170mm"", ""Cassette"": ""SHIMANO 9-SPEED"", ""Rear Derailleur"": ""SHIMANO DIRECT ATTACH"", ""Bottom Bracket"": ""BSA THREADED 68/73mm"", ""Chain"": ""KMC X GLIDE"", ""Pedal"": ""PP PEDAL"", ""Saddle"": ""VOID SADDLE, ø 7mm"", ""Seat Post"": ""SPORT ALLOY, D x L : 30.9 x 350mm"", ""Seat Clamp"": ""34.9mm W/ QR"", ""Handlebar"": ""SPORT ALLOY, WIDTH : 760mm, BAR BORE : 31.8mm, RISE/DROP : 20mm, BEND : 9degree"", ""Handle Stem"": ""SPORT ALLOY, EXTENSION : 40mm, BAR BORE : 31.8mm"", ""Head Set"": ""THREADLESS ZERO STACK HEADSET, ZS 44/28.6 | ZS 56/30"", ""Wheel Set"": ""POLYGON MT6 TUBELESS READY W/ TUBELESS TAPE"", ""Tire"": ""PERFORMANCE TIRE 27.5\""x2.25\"""", ""Front Hub"": ""JOYTECH D761DSE QRx100mm 32H CENTERLOCK"", ""Rear Hub"": ""JOYTECH D142TSE QRx141mm32H CENTER LOCK FOR CASSETTE SPROCKET"", ""Spokes & Nipples"": ""F: Stainless J-Bend 27.5\"" Nds:272mm Ds:274mm, R: Stainless J-Bend 27.5\"" Nds:274mm Ds:272mm"", ""Brake Lever"": ""SHIMANO BL-MT200"", ""Brake"": ""SHIMANO MT200 HYDRAULIC DISC BRAKE"", ""Brake Rotor"": ""SHIMANO SM-RT10 F:180mm R:160mm CENTER-LOCK"", ""Extras"": ""DROPOUT : 725047"", ""Speed"": ""1x9 Speed"", ""Color"": ""Red"", ""Genre"": ""MTB"", ""Note"": ""Spesifikasi, warna dan ketersediaan produk dapat berubah sewaktu-waktu tanpa pemberitahuan sebelumnya.""}",https://www.rodalink.com/id/polygon-siskiu-d5-dual-suspension-bike-pa01280.html
Sepeda,Sepeda Gunung,Polygon Sepeda Gunung Xtrada 6,9100000,,,"Polygon Sepeda Gunung Xtrada 6: Hardtail XC 29"" Performa Tinggi untuk Setiap Petualangan Siap upgrade petualanganmu? Polygon Sepeda Gunung Xtrada 6 , hardtail XC 29"" , adalah pilihan tepat untukmu. Dirancang bagi cyclist yang mencari performa dan daya tahan, sepeda ini siap menaklukkan tanjakan serta turunan trail menantang. Dapatkan sepeda gunung Xtrada 6 di Rodalink Indonesia, toko sepeda terpercaya untuk beli sepeda online. Kenapa Wajib Pilih Polygon Sepeda Gunung Xtrada 6? Dibangun dengan fr","{""Features"": ""Drivetrain Shimano Deore 1x12-speed M6100Rasakan rentang gigi super luas untuk menaklukkan tanjakan terjal dan melaju kencang di trek datar. Performa andal untuk setiap petualanganMTB hardtailkamu. | Wheelset Alloy Double Wall 29 incidenganHub Shimano HB-TC500& Ban WTBTrail Boss2.25\""Traksi maksimal danrolling efficiencyimpresif. Harga Polygon Sepeda Gunung Xtrada 6 yang kompetitif menjadikannya in"", ""Sistem PengeremanHydraulic DiscShimano MT200"": ""Daya Henti Kuat & KonsistenKeamanan maksimal di segala kondisi cuaca. Memberikan kontrol presisi saat melibas turunan curam."", ""Ban WTB Trail Boss 29\""x2.25\"""": ""Traksi OptimalCengkeraman sempurna di berbagai permukaantrail. Kamu akan lebih percaya diri melewati medan menantang."", ""Dropper PostX-Fusion Manic LC 150mmTravel"": ""Penyesuaian Sadel InstanManuver lebih lincah di medan teknis. Tingkatkan kontrol dan kenyamanan bersepeda gunungmu."", ""Desain Rapi & SiapUpgrade"": ""Internal Routing& UDHInvestasi jangka panjang untuk gaya hidup bersepedamu. Kemudahanupgradedan tampilan yang bersih."", ""Brand"": ""Polygon"", ""Rentang Usia"": ""Dewasa"", ""Frame"": ""ALX XC 29\"""", ""Fork"": ""X-FUSION MIGO LO DAMPER 32 120mm TRAVEL BOOST THRU AXLE, STEEL TAPERED 1-1/2\"" - 1-1/8\"""", ""Shifter"": ""SHIMANO DEORE SL-M6100 1x12-SPEED TRIGGER"", ""Crank Set"": ""SAMOX RAC61C-018S-C55 32T, MAX CHAIN RING : SINGLE 32T, CRANK ARM : 165mm"", ""Cassette"": ""SHIMANO CS-M6100 12-SPEED 10-51T"", ""Rear Derailleur"": ""SHIMANO DEORE RD-M6100 DIRECT ATTACH"", ""Bottom Bracket"": ""SAMOX 2-PIECE CRANKSET BSA THREADED"", ""Chain"": ""KMC X-12"", ""Pedal"": ""ONE PIECE PP BODY"", ""Saddle"": ""LINC VOID SADDLE, STEEL 7mm"", ""Seat Post"": ""DROPPER POST 150mm TRAVEL, DXL: 30.9 x 429mm, SEAT CLAMP: 34.9mm BOLT TYPE"", ""Seat Clamp"": ""34.9mm BOLT TYPE"", ""Handlebar"": ""POLYGON SPORT ALLOY, WIDTH : 760mm, BAR BORE : 31.8mm, RISE/DROP : 20mm, BEND : 9degree"", ""Handle Stem"": ""POLYGON SPORT ALLOY, EXTENSION : 40mm, BAR BORE : 31.8mm, RISE / DROP : 7degree"", ""Head Set"": ""ZERO STACK W/ CAGED BEARING, ZS 44/28.6 | ZS 56/40"", ""Wheel Set"": ""ALLOY WHEELS"", ""Tire"": ""WTB TRAIL BOSS, 29\""X2.25\"""", ""Front Hub"": ""SHIMANO HB-TC500 THRU AXLE 15x110mm 32H CENTERLOCK"", ""Rear Hub"": ""SHIMANO HB-TC500 THRU AXLE 12x148mm 32H CENTERLOCK FOR MICROSPLINE"", ""Spokes & Nipples"": ""F: 14G STAINLESS NDS: 294mm DS: 292mm 12MM NIPPLE BRASS, R: 14G STAINLESS NDS: 292mm DS: 290 12MM NIPPLE BRASS"", ""Brake Lever"": ""SHIMANO BL-MT200"", ""Brake"": ""SHIMANO MT200 HYDRAULIC DISC BRAKE"", ""Brake Rotor"": ""SHIMANO SM-RT10 F: 180mm R: 160mm CENTERLOCK"", ""Extras"": ""DROPOUT : UDH"", ""Speed"": ""1x12 Speed"", ""Genre"": ""MTB"", ""Weight"": ""15.4 kg (Size M)"", ""Note"": ""Spesifikasi, warna dan ketersediaan produk dapat berubah sewaktu-waktu tanpa pemberitahuan sebelumnya.""}",https://www.rodalink.com/id/polygon-sepeda-gunung-xtrada-6-503536.html
Sepeda,Sepeda Gunung,Polygon Sepeda Gunung Trid CR 2015,8250000,,,,"{""Brand"": ""Polygon"", ""What's in the box"": ""1 x Polygon Trid CR Mountain Bike 2015"", ""Rentang Usia"": "">10 Tahun, Dewasa"", ""Frame"": ""CrMo Dirt Jump Cromoly Frame"", ""Fork"": ""MARZOCCHI DJ3, 100mm travel"", ""Crank Set"": ""Alloy crank 25T, 170mm"", ""Cassette"": ""Integrated with alloy hub 14 T"", ""Chain"": ""KMC HL-710"", ""Pedal"": ""KORE RIVERA THERMO"", ""Saddle"": ""POLYGON"", ""Seat Post"": ""Alloy, 30.9X200mm"", ""Handlebar"": ""KORE RIVERA, Alloy, 720mm"", ""Handle Stem"": ""KORE RIVERA, Alloy, 42.5mm"", ""Head Set"": ""POLYGON Internal Sealed Bearing"", ""Wheel Set"": ""SUNRINGLE INFERNO 31, double wall with alloy hub and stainless spoke"", ""Tire"": ""SCHWALBE TABLE TOP, 26X2.25"", ""Brake"": ""TEKTRO disc brake with TEKTRO lever"", ""Bike Stand"": ""Not Included"", ""Speed"": ""Single Speed"", ""Genre"": ""MTB"", ""Wheel size"": ""26\"""", ""Weight"": ""12.3 kg"", ""Note"": ""Spesifikasi, warna dan ketersediaan produk dapat berubah sewaktu-waktu tanpa pemberitahuan sebelumnya.""}",https://www.rodalink.com/id/polygon-sepeda-gunung-trid-cr-2015-pa00182.html
Sepeda,Sepeda Gunung,Polygon Sepeda Gunung Trid CR,8250000,,,,"{""Brand"": ""Polygon"", ""What's in the box"": ""1 x Polygon Trid CR Mountain Bike"", ""Rentang Usia"": "">10 Tahun, Dewasa"", ""Frame"": ""REYNOLDS 525 CROMOLY DIRT JUMP"", ""Fork"": ""MARZOCCHI DJ3, TRAVEL 100MM, STRANDART STEERER"", ""Crank Set"": ""SAMOX CW1329M 25T, 170MM"", ""Cassette"": ""KMC HL-710"", ""Bottom Bracket"": ""SAMOX SEALED BEARING SPLINE"", ""Chain"": ""KMC HL-710"", ""Pedal"": ""KORE RIVERA THERMO"", ""Saddle"": ""PIVOTAL SADDLE"", ""Seat Post"": ""ALLOY, PIVOTAL, 27.2X200MM"", ""Handlebar"": ""KORE RIVERA, ALLOY, 720MM"", ""Handle Stem"": ""KORE RIVERA, ALLOY, 42.5MM"", ""Head Set"": ""INTERGRATED SEALED BEARING ID 42MM"", ""Tire"": ""SCHWALBE TABLE TOP 26\""X2.25\"""", ""Brake"": ""TEKTRO HDC-290, HYDRAULIC"", ""Bike Stand"": ""Not Included"", ""Speed"": ""Single Speed"", ""Color"": ""Black"", ""Genre"": ""MTB"", ""Wheel size"": ""26\"""", ""Weight"": ""16.2 kg"", ""Note"": ""Spesifikasi, warna dan ketersediaan produk dapat berubah sewaktu-waktu tanpa pemberitahuan sebelumnya.""}",https://www.rodalink.com/id/polygon-trid-cr-bike-502389001.html
Sepeda,Sepeda Gunung,Polygon Sepeda MTB Junior Xtrada 24,8100000,,,"Saatnya untuk memperkenalkan anak-anak Anda ke alam pegunungan yang menarik. Dengan DNA Xtrada, Polygon Xtrada 24 hadir dengan frame alloy yang lebih ringan, handlebar 640mm untuk handling yang lebih baik, dan desain geometri khusus anak. Pada tahap ini, kenyamanan adalah suatu keharusan; sepeda dengan desain tapered headtube dan 140mm crank arm. Tunggu apalagi, mari menghabiskan waktu di jalan dengan anak-anak Anda. Fitur: Frame Alloy Ringan Meskipun frame alloy ringan, namun frame ini dibuat a","{""Features"": ""Frame Alloy RinganMeskipun frame alloy ringan, namun frame ini dibuat agar sesuai dengan kegembiraan anak-anak Anda; dengan segala medan yang akan dilaluinya. | Kepercayaan diri dengan stabilitasMenghadirkan Xtrada 24 dengan desain tapered headtube, handlebar 640 mm untuk handling yang mantap. | Suspensi yang mudah diaturSuspensi yang ringan dan mudah diatur, dapat disesuaikan dengan berat badan anak-anak. | Bersepeda dengan amanDengan geometri untuk riding yang cepat serta pengereman yang powerfull dengan hydrulic disc brake, kini anak-anak dapat bersepeda dengan aman."", ""Brand"": ""Polygon"", ""What's in the box"": ""1 x Polygon Xtrada 24 Mountain Bike Junior"", ""Rentang Usia"": ""7-11 Tahun, >10 Tahun"", ""Frame"": ""ALX JUNIOR HARDTAIL, QR/NUTx135mm, 44/56mm"", ""Fork"": ""SUNTOUR XCR AIR 80mm TRAVEL, AIR SPRING, LOCKOUT & REBOUND ADJUST, ALLOY STRAIGHT 1-1/8\"""", ""Shifter"": ""MICROSHIFT SL-M9505 10-SPEED TRIGGER"", ""Crank Set"": ""PROWHEEL CHARM 30T, MAX 32T, 140mm"", ""Cassette"": ""SUNRACE CSMS3 10-SPEED 11-42T"", ""Rear Derailleur"": ""MICROSHIFT RD-M6205GM 10-SPEED"", ""Bottom Bracket"": ""PROWHEEL 2 PIECE"", ""Chain"": ""KMC X10 10-SPEED"", ""Pedal"": ""ALLOY FLAT"", ""Saddle"": ""BLACK, STEEL ø7mm"", ""Seat Post"": ""ENTITY EXPERT, 27.2x350mm, OFFSET 16mm"", ""Seat Clamp"": ""31.8mm QR"", ""Handlebar"": ""ENTITY EXPERT, W: 640MM, B: 31.8MM, R/D: 20mm, BEND: 6 degree"", ""Handle Stem"": ""ENTITY EXPERT, E: 45MM, B: 31.8MM, R/D: 3 degree"", ""Head Set"": ""ZERO STACK  W/ CAGED BEARING, ZS 44/28.6 | ZS 56/30"", ""Wheel Set"": ""ALLOY DOUBLE WALL AV H:23mm 507x30 32H FOR TIRE 507-54/76"", ""Tire"": ""VEE TIRE CROWN GEM 24\""x2.25\"" 507x57"", ""Front Hub"": ""FORMULA DC-20 QRx100mm 32H 6B"", ""Rear Hub"": ""FORMULA DC-1422 QRx135mm 32H 6B FOR CASSETE SPROCKET"", ""Spokes & Nipples"": ""STAINLESS 14G NDS:232mm DS:230mm (rear)/ 234mm (front) W/ 12mm LOW LEAD BRASS NIPPLE"", ""Brake Lever"": ""CLARKS M2 JR"", ""Brake"": ""CLARKS M2 JR HYDRAULIC DISC"", ""Brake Rotor"": ""CLARKS 160mm 6B"", ""Extras"": ""DROPOUT: 733072"", ""Speed"": ""1x10 Speed"", ""Genre"": ""MTB, Kids"", ""Wheel size"": ""24\"""", ""Weight"": ""13.2 kg"", ""Note"": ""Spesifikasi, warna dan ketersediaan produk dapat berubah sewaktu-waktu tanpa pemberitahuan sebelumnya.""}",https://www.rodalink.com/id/polygon-sepeda-mtb-junior-xtrada-24-502930.html
Sepeda,Sepeda Gunung,Polygon Sepeda Gunung Xtrada 6 1x11 Speed 2020,7800000,,,"Polygon Sepeda Gunung Xtrada 6 1x11 Speed 2020: Hardtail MTB , Teman Setia Commute dan Bikepacking Tangguh Siap taklukkan setiap petualangan? Polygon Sepeda Gunung Xtrada 6 1x11 Speed 2020 adalah sepeda MTB hardtail serbaguna yang kamu butuhkan. Ideal untuk commute harian, bikepacking jarak jauh, atau mountain bike di jalur ringan. Rasakan ketangguhan dan performa responsif di setiap kayuhanmu dengan sepeda gunung ini! Kenapa Wajib Pilih Polygon Sepeda Gunung Xtrada 6 1x11 Speed 2020: Efisiensi ","{""Frame & Fork"": ""ALXAlloy&SR Suntour XCR32 LO-R 120mmRingan, kuat, responsif. Efisien untukclimbingdan akselerasi, meredam benturanoff-road. Ideal untukcommutedanbikepackingnyaman."", ""Drivetrain"": ""Shimano Deore 1x11Speed(11-51T)Perpindahan gigi mulus, presisi, rentang lebar. Taklukkan tanjakan curam atau melaju kencang di jalan datar dengansepeda gunungini."", ""Rem"": ""Hydraulic DiscShimano BR-M201Daya pengereman superior di segala cuaca. Memberikan kontrol penuh dan keamanan optimal di setiap perjalananmu."", ""MountingPoints"": ""SerbagunaSiap untuk petualanganbikepackingkamu. Pasangrackataufendermudah, menjadikansepeda MTB hardtailini teman setia eksplorasi."", ""Roda & Ban"": ""27.5\"" atau 29\"" &All-TerrainSpyderbait SA-290Kombinasi kelincahan (27.5\"") atau kecepatan (29\"") dan traksi.Wheel Fit Size Systemmenyesuaikan ukuran roda denganframeuntuk kenyamanan dan cengkeraman di be"", ""Brand"": ""Polygon"", ""What's in the box"": ""1 x Polygon Xtrada 6 1x11 Speed Mountain Bike 2020"", ""Rentang Usia"": ""Dewasa"", ""Frame"": ""ALX XC"", ""Fork"": ""SUNTOUR XCR32 LO-R, 120MM (27.5”) / 120MM (29”) TRAVEL, W/ LOCKOUT & REBOUND"", ""Shifter"": ""SHIMANO DEORE SL-M1100-R, 1x11-SPEED TRIGGER"", ""Crank Set"": ""SHIMANO FC-M5100-1 BOOST 32T"", ""Cassette"": ""SHIMANO DEORE CS-M5100 11-51T"", ""Rear Derailleur"": ""SHIMANO DEORE RD-M5100-SGS DIRECT ATTACH"", ""Bottom Bracket"": ""SHIMANO 2-PIECE CRANKSET BSA THREADED"", ""Chain"": ""KMC X-11-1"", ""Pedal"": ""PP FLAT PEDAL W/ REFLECTOR"", ""Saddle"": ""ENTITY VOID"", ""Seat Post"": ""ENTITY XPERT ALLOY"", ""Seat Clamp"": ""31.8mm W/ QR"", ""Handlebar"": ""ENTITY SPORT ALLOY"", ""Handle Stem"": ""ENTITY SPORT ALLOY"", ""Head Set"": ""ZERO STACK (ZS) SEALED BEARING FOR TAPER HEAD TUBE"", ""Tire"": ""PERFORMANCE TIRE 27.5\""X2.25\"" / 29\""X2.25\"""", ""Brake"": ""SHIMANO MT-201 HYDRAULIC DISC BRAKES"", ""Speed"": ""1x11 Speed"", ""Color"": ""Cream"", ""Genre"": ""MTB"", ""Note"": ""Spesifikasi, warna dan ketersediaan produk dapat berubah sewaktu-waktu tanpa pemberitahuan sebelumnya.""}",https://www.rodalink.com/id/polygon-xtrada-6-1x11-speed-sepeda-gunung-pa01178.html
Sepeda,Sepeda Gunung,Polygon Sepeda Gunung Xtrada 6 2x11 Speed 2020,7800000,,,"Polygon Sepeda Gunung Xtrada 6 2x11 Speed 2020: MTB Hardtail Serbaguna, Teman Setia Commute dan Petualangan Off-road Siap taklukkan setiap jalur? Polygon Sepeda Gunung Xtrada 6 2x11 Speed 2020 adalah MTB hardtail tangguh untuk commute harian dan petualangan off-road kamu. Rasakan kombinasi ketahanan, efisiensi, dan performa suspensi yang andal. Temukan pengalaman bersepeda terbaikmu sekarang! Kenapa Wajib Pilih Polygon Sepeda Gunung Xtrada 6 2x11 Speed 2020: Efisiensi Maksimal, Performa Andal Pi","{""Frame ALXAlloy& Fork Suspensi"": ""SR Suntour XCR32 LO-R 120mmFrameALXAlloyringan, kuat, dipadukanfork suspensi120mm denganlockout. Nikmati kenyamananoff-roaddan efisiensi di jalan datar."", ""Drivetrain Shimano Deore 2x11 Speed"": ""SL-M5100, FC-M5100, CS-M5100Perpindahan gigi mulus, presisi denganShimano Deore 2x11 Speed. Rentang gigi luas (36-26T & 11-42T) taklukkan tanjakan, melaju cepat."", ""RemHydraulic Disc Brake"": ""ShimanoKontrol pengereman superior, bertenaga di segala cuaca berkatrem cakram hidrolik Shimano. Keamanan dan kepercayaan diri di setiap tur."", ""Desain Serbaguna"": ""UntukCommute& PetualanganDirancang untuk berbagai medan, cocok untukcommuteharian,touring, hinggabikepacking. Dukungan aksesori."", ""Roda & BanAll-Terrain"": ""Spyderbait SA-290 2.25 inci &Wheel Fit Size SystemRodadouble wall alloykokoh dengan banall-terrain(27.5”/29”) berikan traksi optimal.Wheel Fit Size Systempastikan ukuran roda sesuaiframe."", ""Brand"": ""Polygon"", ""What's in the box"": ""1 x Polygon Xtrada 6 2x11 Speed Mountain Bike 2020"", ""Rentang Usia"": ""Dewasa"", ""Frame"": ""ALX XC 27.5” & 29”"", ""Fork"": ""SUNTOUR XCR32 LO-R, 120MM (27.5”) / 120MM (29”) TRAVEL, W/ LOCKOUT & REBOUND"", ""Shifter"": ""SHIMANO DEORE SL-M5100 2X11-SPEED"", ""Crank Set"": ""SHIMANO, DEORE FC-M5100 36-26T 11-SPEED"", ""Cassette"": ""SHIMANO, DEORE CS-M5100 11-42T 11-SPEED"", ""Front Derailleur"": ""SHIMANO DEORE FD-M5100 FOR DOUBLE"", ""Rear Derailleur"": ""SHIMANO, DEORE RD-M5120 11-SPEED"", ""Bottom Bracket"": ""BSA THREADED"", ""Chain"": ""KMC X-11 11-SPEED"", ""Pedal"": ""PP FLAT PEDAL W/ REFLECTOR"", ""Saddle"": ""ENTITY VOID"", ""Seat Post"": ""ENTITY SPORT, 15MM OFFSET, 27.2MMX350MM"", ""Handlebar"": ""ENTITY SPORT, ALLOY W:760MM R:12MM BB:31.8MM"", ""Handle Stem"": ""ENTITY SPORT, ALLOY E:45MM BB:31.8MM"", ""Head Set"": ""ZS 44/28.6 | ZS 56/40"", ""Tire"": ""PERFORMANCE TIRE 27.5\""X2.25\"" / 29\""X2.25\"""", ""Brake"": ""HYDRAULIC DISC BRAKE"", ""Speed"": ""2x11 Speed"", ""Color"": ""Black"", ""Genre"": ""MTB"", ""Weight"": ""14.3kg"", ""Note"": ""Spesifikasi, warna dan ketersediaan produk dapat berubah sewaktu-waktu tanpa pemberitahuan sebelumnya.""}",https://www.rodalink.com/id/polygon-xtrada-6-2x11-speed-sepeda-gunung-pa01179.html
Sepeda,Sepeda Gunung,Polygon Sepeda Gunung Xtrada 6 2022,7800000,,,"Polygon Sepeda Gunung Xtrada 6: Hardtail MTB Serbaguna, Teman Setia Petualangan XC dan Commute Tangguh Rasakan kebebasan di setiap perjalanan dengan Polygon Sepeda Gunung Xtrada 6 ! Ini adalah hardtail mountain bike serbaguna yang dirancang untuk efisiensi dan ketahanan luar biasa. Pilihan ideal untuk commuting harian, petualangan bikepacking ringan, atau eksplorasi jalur cross-country (XC) dan singletrack . Siap beli sepeda online ? Kenapa Wajib Pilih Polygon Sepeda Gunung Xtrada 6: Efisiensi M","{""Frame & Fork"": ""ALX XC Sport 6061 Aluminium Frame&Suntour X1 32 LO-R Suspension Fork dengan Travel 120mmRingan, kuat, responsif, efisien untukcommutingdanbikepacking. Meredam guncanganoff-road,forkini dilengkapihydra"", ""Drivetrain"": ""Shimano 1x11 Speed Drivetrainyang AndalPerpindahan gigi mulus, presisi1x11 speed. Denganrear derailleur Shimano CUES RD-U6000dancassette 11-50T, performa terbaik di segala kondisi."", ""Rem"": ""Shimano MT201 Hydraulic Disc BrakesDaya pengereman superior, konsisten segala cuaca, kontrol penuh dan keamanan maksimal."", ""Mounting Points"": ""FleksibilitasMounting PointsDilengkapi titik pemasangan dua botol air, siap dipasangi rak dan tas. Sempurna untukbikepackingatau membawa perlengkapan harianmu."", ""Roda & Ban"": ""Roda denganWheel Fit Size System& Ban SerbagunaSistemWheel Fit Size System(frame S/M roda 27.5\"", M/L/XL roda 29\""). BanEntity Spyderbaitserbaguna (27.5\""x2.25\"" atau 29\""x2.25\""), siap melibas aspal maupun"", ""Brand"": ""Polygon"", ""What's in the box"": ""1 x Polygon Xtrada 6 Mountain Bike"", ""Technology"": ""AL6Alloy, Internal Routing, Tapered Headtube"", ""Rentang Usia"": ""Dewasa"", ""Frame"": ""ALX XC 27.5'' & 29\"""", ""Fork"": ""SUNTOUR X1 32 120MM TRAVEL, ALLOY TAPERED 1-1/2\"" - 1-1/8\"""", ""Shifter"": ""SHIMANO 11-SPEED TRIGGER"", ""Crank Set"": ""32T 170mm"", ""Cassette"": ""SHIMANO 11 SPEED"", ""Rear Derailleur"": ""SHIMANO 11 SPEED, DIRECT ATTACH"", ""Bottom Bracket"": ""PROWHEEL 2 PIECE"", ""Chain"": ""KMC CHAIN"", ""Pedal"": ""ONE PIECE PP BODY"", ""Saddle"": ""BLACK, STEEL ø7mm"", ""Seat Post"": ""POLYGON SPORT, D x L : 27.2 x 350mm, OFFSET : 0"", ""Seat Clamp"": ""31.8mm QR TYPE"", ""Handlebar"": ""POLYGON SPORT ALLOY, W: 760mm, BAR BORE: 31.8mm, RISE/DROP: 20mm, BEND: 9degree"", ""Handle Stem"": ""POLYGON SPORT ALLOY, EXT: 45mm, BAR BORE: 31.8mm, RISE/DROP: 3degree"", ""Head Set"": ""ZERO STACK W/ SEALED BEARING, ZS 44/28.6 | ZS 56/40"", ""Wheel Set"": ""ALLOY WHEELS"", ""Tire"": ""PERFORMANCE TIRE 27.5\""x2.25\"" / 29\""x2.25\"""", ""Front Hub"": ""JOYTECH D761DSE M9x100mm 32H QR centerlock type"", ""Rear Hub"": ""JOYTECH D762TSE M10x141mm 32H QR"", ""Spokes & Nipples"": ""27,5(14G STAINLESS NDS:272mm DS:274mm) 29(14G STAINLESS NDS:292mm DS:294mm) 12MM NIPPLE BRASS (FRONT), 27,5(14G STAINLESS NDS:274mm DS:272mm) 29(14G STAINLESS NDS:294mm DS:292) 12MM NIPPLE BRASS (REAR)"", ""Brake Lever"": ""SHIMANO MT201"", ""Brake"": ""SHIMANO MT201 HYDRAULIC DISC BRAKE"", ""Brake Rotor"": ""SHIMANO SM-RT10"", ""Speed"": ""1x11 Speed"", ""Genre"": ""MTB"", ""Weight"": ""13.4 (Size: S 27.5”)"", ""Note"": ""Spesifikasi, warna dan ketersediaan produk dapat berubah sewaktu-waktu tanpa pemberitahuan sebelumnya.""}",https://www.rodalink.com/id/polygon-xtrada-6-mountain-bike-pa01295.html
Sepeda,Sepeda Gunung,Polygon Sepeda Gunung Xtrada 5,7300000,,,"Polygon Sepeda Gunung Xtrada 5: Hardtail XC Tangguh untuk Setiap Trail Siap upgrade petualanganmu? Polygon Sepeda Gunung Xtrada 5 adalah pilihan cerdas untuk kamu yang mencari performa, daya tahan, dan nilai terbaik. Sebagai MTB hardtail XC 29"" yang gesit, Xtrada 5 siap menemanimu menaklukkan singletrack favorit, menjelajahi rute baru, atau tampil stylish saat commuting harian. Dapatkan sekarang di Rodalink.com! Kenapa Wajib Pilih Polygon Sepeda Gunung Xtrada 5? Dengan frame ALX XC 29"" yang ring","{""Drivetrain Shimano CUES"": ""1x10-speed RD-U6000Perpindahan gigi mulus dengan rentang rasio lebar (cassetteSHIMANO CS-LG300 11-48T), cocok untuk segala kondisitrail."", ""Crankset Prowheel"": ""RMZ-MD25S-TT 32TMemberikan efisiensi kayuhan optimal untuk performa terbaik di setiap medan."", ""Rem Hidrolik Shimano"": ""MT200 Hydraulic Disc BrakeDaya henti kuat dan konsisten, menjamin pengereman presisi di segala situasi."", ""Wheelset Alloy 29er"": ""Boost Thru AxleKokoh dan stabil, siap melibas akar serta bebatuan dengan ban WTB Trail Boss 2.25\"""", ""Brand"": ""Polygon"", ""Rentang Usia"": ""Dewasa"", ""Frame"": ""ALX XC 29\"""", ""Fork"": ""SUNTOUR XCM 32 120MM TRAVEL BOOST THRU AXLE, STEEL TAPERED 1-1/2\"" - 1-1/8\"""", ""Shifter"": ""SHIMANO CUES SL-U6000 1x10-SPEED TRIGGER"", ""Crank Set"": ""PROWHEEL RMZ-MD25S-TT 32T, MAX CHAIN RING : SINGLE 32T, CRANK ARM : 170mm"", ""Cassette"": ""SHIMANO CS-LG300 10-SPEED 11-48T"", ""Rear Derailleur"": ""SHIMANO CUES RD-U6000 DIRECT ATTACH"", ""Bottom Bracket"": ""PROWHEEL 2 PIECE CRANKSET BSA THREADED"", ""Chain"": ""KMC X-GLIDE"", ""Pedal"": ""ONE PIECE PP BODY"", ""Saddle"": ""LINC VOID SADDLE, STEEL 7mm"", ""Seat Post"": ""POLYGON SPORT SEATPOST, D x L : 30.9x350mm"", ""Seat Clamp"": ""34.9mm QR TYPE"", ""Handlebar"": ""POLYGON SPORT, WIDTH : 760mm, BAR BORE : 31.8mm, RISE/DROP : 20mm, BEND : 9degree"", ""Handle Stem"": ""POLYGON SPORT, EXTENSION : 40mm, BAR BORE : 31.8mm, RISE / DROP : 7degree"", ""Head Set"": ""ZERO STACK W/ SEALED BEARING, ZS 44/28.6 | ZS 56/40"", ""Wheel Set"": ""ALLOY WHEELS"", ""Tire"": ""WTB TRAIL BOSS, 29\""X2.25\"""", ""Front Hub"": ""ALLOY HUB THRU AXLE 15x110mm 32H CENTERLOCK"", ""Rear Hub"": ""ALLOY HUB THRU AXLE 12x148mm 32H CENTERLOCK"", ""Spokes & Nipples"": ""F: 14G STAINLESS NDS: 294mm DS: 292mm 12MM NIPPLE BRASS, R: 14G STAINLESS NDS: 292mm DS: 290 12MM NIPPLE BRASS"", ""Brake Lever"": ""SHIMANO BL-MT200"", ""Brake"": ""SHIMANO MT200 HYDRAULIC DISC BRAKE"", ""Brake Rotor"": ""SHIMANO SM-RT10 F: 180mm R: 160mm CENTERLOCK"", ""Extras"": ""DROPOUT : UDH"", ""Speed"": ""1x10 Speed"", ""Genre"": ""MTB"", ""Weight"": ""14.7 kg (Size M)"", ""Note"": ""Spesifikasi, warna dan ketersediaan produk dapat berubah sewaktu-waktu tanpa pemberitahuan sebelumnya.""}",https://www.rodalink.com/id/polygon-sepeda-gunung-xtrada-5-503535.html
Sepeda,Sepeda Gunung,Polygon Sepeda MTB Junior Xtrada 20,7100000,,,"Apa yang lebih indah dari kenangan bersepeda saat masa kecil? Eits! Mungkin yang terlintas di benak Anda saat ini adalah bekas luka pertama yang Anda dapatkan saat mengendarai sepeda! Tapi, hal itu juga waktu keluarga yang menyenangkan, rasa keberanian pertama untuk belajar bagaimana bangkit kembali setelah jatuh, dan berpetualang dengan teman-teman baru. Jadi, dapatkan sepeda untuk anak-anak Anda, dan lihat hal-hal indah itu juga terjadi pada mereka. Ini adalah waktu yang tepat untuk memperkena","{""Brand"": ""Polygon"", ""What's in the box"": ""1 x Polygon Xtrada 20 Mountain Bike Junior"", ""Rentang Usia"": ""6-8 Tahun"", ""Frame"": ""ALX JUNIOR"", ""Fork"": ""SUNTOUR XCM Jr AIR 80mm TRAVEL"", ""Shifter"": ""MICROSHIFT SL-M6195 9-SPEED TRIGGER"", ""Crank Set"": ""PROWHEEL C10Y-NW 30T"", ""Cassette"": ""MICROSHIFT CS-H093 9-SPEED 11-38T"", ""Rear Derailleur"": ""MICROSHIFT RD-M6195 9-SPEED"", ""Bottom Bracket"": ""2PCS W/ CARTRIDGE SEALED BEARING & 122,5mm SQUARE AXLE"", ""Chain"": ""KMC X9 9-SPEED"", ""Pedal"": ""ALLOY FLAT"", ""Saddle"": ""BLACK W/ CLAMP"", ""Seat Post"": ""ENTITY EXPERT"", ""Seat Clamp"": ""31.8mm QR"", ""Handlebar"": ""ENTITY EXPERT, W: 580mm, BB: 31.8mm, R/D: 20mm, B: 6 degree"", ""Handle Stem"": ""ENTITY EXPERT, EXT: 45mm, BB: 31.8mm, R/D: 3 degree"", ""Head Set"": ""ZERO STACK W/ CAGED BEARING, ZS 44/28.6mm / ZS 44/28.6mm"", ""Wheel Set"": ""ALLOY DOUBLE WALL"", ""Tire"": ""VEE TIRE CROWN GEM 20\""x2.25\"" 507x57"", ""Front Hub"": ""FORMULA DC-20 QRx100mm 32H 6B"", ""Rear Hub"": ""FORMULA DC-1422 QRx135mm 32H 6B"", ""Spokes & Nipples"": ""STAINLESS 14G"", ""Brake Lever"": ""TEKTRO HD-J285"", ""Brake"": ""TEKTRO HD-J285 HYDRAULIC DISC"", ""Brake Rotor"": ""TEKTRO 160mm 6B"", ""Extras"": ""DROPOUT"", ""Speed"": ""1x9 Speed"", ""Color"": ""Charcoal"", ""Genre"": ""MTB, Kids"", ""Wheel size"": ""20\"""", ""Note"": ""Spesifikasi, warna dan ketersediaan produk dapat berubah sewaktu-waktu tanpa pemberitahuan sebelumnya.""}",https://www.rodalink.com/id/polygon-sepeda-mtb-junior-xtrada-20-502929.html
Sepeda,Sepeda Gunung,Marin Sepeda Gunung Bobcat Trail 3 2020,7000000,,,"What’s New As one of the most popular mountain bikes, Marin Bobcat Trail 3 is designed for recreational mountain bikers who like to experience trail riding. It offers an outstanding design which is optimized for technical trails. Seize the opportunity to step deeper into mountain biking without spending too much cash. Frame and Suspension As Trail bike, Marin Bobcat Trail 3 is constructed from a lightweight Series 2 6061 butted and hydroformed aluminum frame with a modern trail geometry. The fas","{""Brand"": ""Marin"", ""What's in the box"": ""1 x Marin Bobcat Trail 3 Mountain Bike"", ""Technology"": ""Hydroformed aluminum frame, a growing wheel size strategy for the best fit and performance,models feature Marin Trail geometry"", ""Rentang Usia"": ""Dewasa"", ""Frame"": ""Series 2 6061 Aluminum, 27.5\"" or 29\"" Wheels, Low Standover, 68mm BB shell, 135mm Forged Dropouts, IS Chainstay Disc Mount, Internal Housing & Dropper Post Routing"", ""Fork"": ""SR Suntour XCM HLO, 120mm Travel, Hydraulic Lockout, 46mm Offset"", ""Shifter"": ""Shimano SL-M315 2x8-Speed"", ""Crank Set"": ""Shimano FC-M315-2 Double, 36/22T"", ""Cassette"": ""SunRace 8-Speed, 11-34T"", ""Front Derailleur"": ""Altus Double"", ""Rear Derailleur"": ""Shimano Altus, 8-Speed"", ""Bottom Bracket"": ""Sealed Cartridge Bearings, Square Taper"", ""Chain"": ""KMC Z51"", ""Pedal"": ""Nylon Platform"", ""Saddle"": ""Marin MTB"", ""Seat Post"": ""Marin Alloy, 30.9"", ""Handlebar"": ""Marin 31.8 Riser, 12mm Rise, 780mm Width"", ""Handle Grip"": ""Marin MTB, Closed End"", ""Handle Stem"": ""Marin Alloy, 31.8 Bar Bore, 45mm"", ""Head Set"": ""FSA No.10-P"", ""Wheel Set"": ""Marin Aluminum Double Wall, 25mm Inner, Pinned Joint, Disc Specific"", ""Tire"": ""MTB, 27.5/29x2.25\"""", ""Brake"": ""Tektro M275 Hydraulic Disc, 180mm Rotor(Front), 160mm Rotor(Rear)"", ""Speed"": ""2x8 Speed"", ""Genre"": ""MTB"", ""Note"": ""Spesifikasi, warna dan ketersediaan produk dapat berubah sewaktu-waktu tanpa pemberitahuan sebelumnya.""}",https://www.rodalink.com/id/marin-bobcat-trail-3-mountain-bike-pa01107.html
Sepeda,Sepeda Gunung,Polygon Sepeda Gunung Xtrada 5 2022,6600000,,,"Polygon Sepeda Gunung Xtrada 5: MTB Hardtail , Teman Setia Commute dan Bikepacking Tangguh Mencari MTB hardtail serbaguna? Polygon Sepeda Gunung Xtrada 5 adalah pilihan ideal untuk kamu! Dirancang tangguh dan efisien, sepeda ini siap menemani petualangan bikepacking atau menjadi partner commute harianmu. Dapatkan pengalaman bersepeda terbaik, beli sepeda online di Rodalink.com sekarang! Kenapa Wajib Pilih Polygon Sepeda Gunung Xtrada 5: Efisiensi Maksimal, Performa Suspensi Optimal Rasakan perfo","{""Frame ALXAlloy&Suspension Fork"": ""ALX XC Sport 6061 Aluminium & SR Suntour XCM-HLO 120mmFrameringan, kuat, tahan lama.Fork suspensi120mm denganhydraulic lockoutmenjamin kenyamanan, kontrol, dan efisiensipedalingdi medanMountain Bike."", ""ShimanoDrivetrain2x10Speed"": ""Shimano Deore 2x10 speedPerpindahan gigi halus, presisi. Rentang rasio luas siap menaklukkan tanjakan curam hingga kecepatan di jalan datar, ideal untuksepeda gunung."", ""RemHydraulic Disc"": ""Tektro HD-M275Daya pengereman kuat, konsisten di segala cuaca. Tingkatkan keamanan dan kontrolmu saat mengendaraisepeda MTB hardtailini di berbagai medan."", ""Multiple Mounting Points"": ""Rak &FenderReadySiap untukbikepackingataucommuting. Titik pemasangan ganda menambah fungsionalitas, memungkinkan kamu membawa perlengkapan lebih banyak."", ""Roda 27.5 Inci atau 29 Inci & Ban Serbaguna"": ""Wheel Fit SizePolygonPilih ukuran roda sesuaiframe(27.5\"" S; 27.5\""/29\"" M, L, XL). Kelincahan dan traksi sempurna, siap melibas aspal kota atau jalurgravelringan."", ""Brand"": ""Polygon"", ""What's in the box"": ""1 x Polygon Xtrada 5 Mountain Bike"", ""Technology"": ""AL6Alloy, Internal Routing, Tapered Headtube"", ""Rentang Usia"": ""Dewasa"", ""Frame"": ""ALX XC 27.5'' & 29\"""", ""Fork"": ""SUNTOUR XCM 32 120MM TRAVEL, ALLOY TAPERED 1-1/2\"" - 1-1/8\"""", ""Shifter"": ""SHIMANO 10 SPEED TRIGGER"", ""Crank Set"": ""PROWHEEL 32T 170mm"", ""Cassette"": ""SHIMANO 10 SPEED"", ""Rear Derailleur"": ""SHIMANO 10 SPEED, DIRECT ATTACH"", ""Bottom Bracket"": ""PROWHEEL 2 PIECE"", ""Chain"": ""KMC CHAIN"", ""Pedal"": ""ONE PIECE PP BODY"", ""Saddle"": ""BLACK, STEEL ø7mm"", ""Seat Post"": ""POLYGON SPORT, D x L : 27.2 x 350mm, OFFSET : 0"", ""Seat Clamp"": ""31.8mm QR TYPE"", ""Handlebar"": ""POLYGON SPORT ALLOY, W: 760mm, BAR BORE: 31.8mm, RISE/DROP: 12mm, BEND: 6degree"", ""Handle Stem"": ""POLYGON SPORT ALLOY, EXT: 45mm, BAR BORE: 31.8mm, RISE/DROP: 3degree"", ""Head Set"": ""ZERO STACK W/ SEALED BEARING, ZS 44/28.6 | ZS 56/40"", ""Wheel Set"": ""ALLOY WHEELS"", ""Tire"": ""PERFORMANCE TIRE 27.5\""x2.25\"" / 29\""x2.25\"""", ""Front Hub"": ""JOYTECH D761DSE M9x100mm 32H QR"", ""Rear Hub"": ""JOYTECH D762TSE M10x141mm 32H QR"", ""Spokes & Nipples"": ""27,5(14G STAINLESS NDS:270mm DS:272mm) 29(14G STAINLESS NDS:290mm DS:292) 12MM NIPPLE BRASS (FRONT), 27,5(14G STAINLESS NDS:272mm DS:270mm) 29(14G STAINLESS NDS:292mm DS:290) 12MM NIPPLE BRASS (REAR)"", ""Brake Lever"": ""SHIMANO MT201"", ""Brake"": ""SHIMANO MT201 HYDRAULIC DISC BRAKE"", ""Brake Rotor"": ""SHIMANO SM-RT26"", ""Speed"": ""10 Speed"", ""Genre"": ""MTB"", ""Weight"": ""14.3 (Size: S 27.5”)"", ""Note"": ""Spesifikasi, warna dan ketersediaan produk dapat berubah sewaktu-waktu tanpa pemberitahuan sebelumnya.""}",https://www.rodalink.com/id/polygon-xtrada-5-mountain-bike-pa01294.html
Sepeda,Sepeda Gunung,Polygon Sepeda Gunung Cascade 5,5700000,,,"Polygon Sepeda Gunung Cascade 5: MTB Hardtail, Teman Setia Commute dan Bikepacking Tangguh Siap menaklukkan setiap jalur? Polygon Sepeda Gunung Cascade 5 adalah sepeda MTB hardtail tangguh, ideal untuk commuting harian hingga bikepacking ringan. Rasakan efisiensi dan performa andal di berbagai medan. Ini pilihan tepat untuk kamu yang ingin beli sepeda online berkualitas atau mencari toko sepeda terpercaya. Kenapa Wajib Pilih Polygon Sepeda Gunung Cascade 5: Efisiensi Maksimal, Performa Andal Pol","{""Frame ALX XC Sport & Fork Suntour XCM 32"": ""Aluminium Ringan & Suspensi 100mmFrameALX XC Sportringan, kokoh, dipadufork suspensiSuntour XCM 32100mm. Redam benturan,handlingpresisi di jalursepeda gunung."", ""Drivetrain Shimano CUES 1x10 Speed"": ""Perpindahan Halus & Rentang LuasGigi super halusShimano CUES 1x10 speed. Taklukkan tanjakan, melaju cepat.Sepeda MTBini sangat serbaguna."", ""Rem Hydraulic Disc Brake Shimano MT200/MT201"": ""Kontrol Pengereman SuperiorPengereman responsif, aman segala cuaca denganhydraulic disc brakeShimano MT200/MT201. Lebih percaya diri mengendalikansepeda MTB hardtail-mu."", ""Mounting Points Serbaguna"": ""Siap untuk Bikepacking & HarianTitik pemasangan rak danfendermembuatsepeda gunungini ideal untukbikepackingatau perlengkapan harianmu."", ""Roda 27.5\"" / 29\"" & Ban All-Terrain Deli 2.25\"""": ""Lincah & Traksi OptimalRoda27.5 inciatau29 inci(sesuaiframe) dengan banall-terrainDeli 2.25\"". Keseimbangan kecepatan aspal dan traksi kuat jalur non-aspal."", ""Brand"": ""Polygon"", ""What's in the box"": ""1 x Polygon Cascade 5 Mountain Bike"", ""Rentang Usia"": "">10 Tahun, Dewasa"", ""Frame"": ""ALX XC SPOR"", ""Fork"": ""SUNTOUR XCM 32 100MM TRAVEL, ALLOY STRAIGHT 1-1/8\"" – 1-1/8\"""", ""Shifter"": ""SHIMANO CUES SL-U6000, 1x10-RAPID FIRE"", ""Crank Set"": ""PROWHEEL CHARM, 36T, CRANK ARM : 170mm"", ""Cassette"": ""SHIMANO CUES CS-LG300, 11-48T"", ""Rear Derailleur"": ""SHIMANO CUES RD-U6000GS"", ""Chain"": ""KMC X-GLIDE"", ""Pedal"": ""ONE PIECE PP BODY"", ""Saddle"": ""BLACK, STEEL ø7mm"", ""Seat Post"": ""POLYGON SPORT, D x L : 27.2 x 350mm"", ""Seat Clamp"": ""31.8mm QR TYPE"", ""Handlebar"": ""POLYGON SPORT, W:700mm, BB:31.8mm, R/D: 20mm, BEND: 6degree"", ""Handle Stem"": ""POLYGON SPORT, EXT:40mm BB: 31.8mm, R/D: 7degree"", ""Head Set"": ""ZERO STACK W/ SEALED BEARING, ZS 44/28.6 | ZS 44/30"", ""Wheel Set"": ""ALLOY WHEELS"", ""Tire"": ""Performance Tire 27.5x2.25\"""", ""Front Hub"": ""ALLOY, 100mm 32H QR"", ""Rear Hub"": ""ALLOY, 135mm 32H QR"", ""Spokes & Nipples"": ""F: 27,5\"" : 14G STAINLESS NDS:270mm DS:272mm, 12mm NIPPLE BRASS, R:27,5\"" : 14G STAINLESS NDS:270mm DS:272mm, 12mm NIPPLE BRASS"", ""Brake Lever"": ""SHIMANO MT200"", ""Brake"": ""SHIMANO MT200 HYDRAULIC DISC"", ""Brake Rotor"": ""SHIMANO SM-RT10, 160mm"", ""Extras"": ""KICKSTAND"", ""Speed"": ""1x10 Speed"", ""Genre"": ""MTB"", ""Weight"": ""15.5 kg (Size M/27.5\"")"", ""Note"": ""Spesifikasi, warna dan ketersediaan produk dapat berubah sewaktu-waktu tanpa pemberitahuan sebelumnya.""}",https://www.rodalink.com/id/polygon-sepeda-gunung-cascade-5-503443.html
Sepeda,Sepeda Gunung,Polygon Cascade 5 Mountain Bike,5700000,,,"Our all-time sorcerer -- Cascade, born for you who are planning to go for recreational riding on the weekends and feel mountains. The Cascade is built with a lightweight and durable ALX frame with modern geometry for a more comfortable ride. The component spec includes: 27.5”/29"" wheels for less rolling resistance, a 100mm travel suspension fork to smooth out the bumps while riding down fire roads, and disc brakes to keep riders in control. Be ready to be enchanted with our sorcerer and start lo","{""Features"": ""Upright geometry design for a comfort ride | Light yet durable alloy frame | Improved chain control, resulting fast and responsive indexed shifting | Excellent brake performance with Hydraulic Disc Brake"", ""Brand"": ""Polygon"", ""What's in the box"": ""1 x Polygon Cascade 5 Mountain Bike"", ""Rentang Usia"": "">10 Tahun, Dewasa"", ""Frame"": ""ALX XC SPOR"", ""Fork"": ""SUNTOUR XCM 32 100MM TRAVEL, ALLOY STRAIGHT 1-1/8\"" – 1-1/8\"""", ""Shifter"": ""SHIMANO CUES SL-U6000, 1x10-RAPID FIRE"", ""Crank Set"": ""PROWHEEL CHARM, 36T, CRANK ARM : 170mm"", ""Cassette"": ""SHIMANO CUES CS-LG300, 11-48T"", ""Rear Derailleur"": ""SHIMANO CUES RD-U6000GS"", ""Bottom Bracket"": ""PROWHEEL TWO PIECE BB"", ""Chain"": ""KMC X-GLIDE"", ""Pedal"": ""ONE PIECE PP BODY"", ""Saddle"": ""BLACK, STEEL ø7mm"", ""Seat Post"": ""POLYGON SPORT, D x L : 27.2 x 350mm"", ""Seat Clamp"": ""31.8mm QR TYPE"", ""Handlebar"": ""POLYGON SPORT, W:700mm, BB:31.8mm, R/D: 20mm, BEND: 6degree"", ""Handle Stem"": ""POLYGON SPORT, EXT:40mm BB: 31.8mm, R/D: 7degree"", ""Head Set"": ""ZERO STACK W/ SEALED BEARING, ZS 44/28.6 | ZS 44/30"", ""Wheel Set"": ""ALLOY WHEELS"", ""Tire"": ""DELI 27.5\""/ 29\""x2.25\"""", ""Front Hub"": ""ALLOY, 100mm 32H QR"", ""Rear Hub"": ""ALLOY, 135mm 32H QR"", ""Spokes & Nipples"": ""F: 27,5\"" : 14G STAINLESS NDS:270mm DS:272mm, 29\"" : 14G STAINLESS NDS:290mm DS:292, 12mm NIPPLE BRASS, R:27,5\"" : 14G STAINLESS NDS:270mm DS:272mm, 29\"" : 14G STAINLESS NDS:290mm DS:292, 12mm NIPPLE BRASS"", ""Brake Lever"": ""SHIMANO MT200"", ""Brake"": ""SHIMANO MT200 HYDRAULIC DISC"", ""Brake Rotor"": ""SHIMANO SM-RT10, 160mm"", ""Extras"": ""KICKSTAND"", ""Speed"": ""1x10 Speed"", ""Genre"": ""MTB"", ""Weight"": ""15.5 kg, 15.6 kg (Size M/27.5\""/29\"")"", ""Note"": ""The specifications, colors, and availability of the products can be subjects to alter without prior notification.""}",https://www.rodalink.com/id/polygon-cascade-5-mountain-bike-503444-adm.html
Sepeda,Sepeda Gunung,Polygon Sepeda Gunung Edisi Merdeka,5500000,,,"Didorong oleh momen bersejarah kemerdekaan Indonesia pada tahun 1945, Polygon mendesain kembali bendera merah putih klasik: Polygon Sepeda Gunung Edisi Merdeka . Dibuat untuk kamu yang mencari versatility dalam DNA sepeda gunung. Dengan frame AL6 yang kokoh dan geometri modern untuk pengalaman bersepeda yang santai dan nyaman, Polygon Sepeda Gunung Edisi Merdeka akan membuat kamu semakin jatuh cinta dengan bersepeda untuk bertahun-tahun yang akan datang. Seri Polygon Sepeda Gunung Edisi Merdeka ","{""Brand"": ""Polygon"", ""What's in the box"": ""1 x Polygon Merdeka Edition Mountain Bike"", ""Rentang Usia"": ""Dewasa"", ""Frame"": ""ALUTECH XC SPORT FRAME"", ""Fork"": ""XCM32 120mm TRAVEL, STRAIGHT 1-1/8\"""", ""Shifter"": ""SHIMANO M2010 2x9SP"", ""Crank Set"": ""SHIMANO MT210 2 PIECES CRANK, 36-22T, 170MM"", ""Cassette"": ""SHIMANO CSHG200 11-34T"", ""Front Derailleur"": ""SHIMANO FDM2020 DUAL"", ""Rear Derailleur"": ""SHIMANO RDM3100 9SP"", ""Bottom Bracket"": ""HOLLOWTECH BOTTOM BRACKET"", ""Chain"": ""KMC X9"", ""Pedal"": ""CAGE PEDAL W/ REFLECTOR"", ""Saddle"": ""BLACK, CR-MO ø7mm"", ""Seat Post"": ""ALLOY SEATPOST, 27.2x350mm"", ""Seat Clamp"": ""31.8mm"", ""Handlebar"": ""POLYGON SPORT ALLOY, W:760mm, B:31.8mm, R/D:20mm, BEND : 9degree"", ""Handle Stem"": ""POLYGON SPORT ALLOY, E:45mm, B:31.8mm, R/D:3degree"", ""Head Set"": ""ZERO STACK (ZS) THREADLESS, ZS 44/28.6 | 44/30"", ""Wheel Set"": ""ALLOY DOUBLE WALL, 584 32H"", ""Tire"": ""WTB TRAIL BOSS 27\""x2.25\"""", ""Front Hub"": ""ALLOY QRx100mm 32H 6-BOLTS"", ""Rear Hub"": ""ALLOY QRx135mm 32H 6-BOLTS FOR CASSETTE SPROCKET"", ""Brake Lever"": ""SHIMANO MT-201"", ""Brake"": ""HYDRAULIC DISC BRAKE"", ""Brake Rotor"": ""SHIMANO SMRT-26 160mm 6-BOLT"", ""Speed"": ""2x9 Speed"", ""Color"": ""Red"", ""Ukuran Frame"": ""M"", ""Genre"": ""MTB"", ""Wheel size"": ""27.5\"""", ""Note"": ""The specifications, colors, and availability of the products can be subjects to alter without prior notification.""}",https://www.rodalink.com/id/polygon-sepeda-gunung-edisi-merdeka-503257001.html
Sepeda,Sepeda Gunung,Polygon Sepeda MTB Dual Suspensi Rayz 2,4900000,,,,"{""Brand"": ""Polygon"", ""What's in the box"": ""1 x Polygon Rayz 2 Dual Suspension Bike"", ""Rentang Usia"": ""Dewasa"", ""Frame"": ""AL6 DUAL SUSPENSION FRAME"", ""Fork"": ""SUSPENSION FORK 100mm TRAVEL, STRAIGHT 1-1/8\"""", ""Rear Shock"": ""EXA FORM 582RL, E2E : 190 x 50mm"", ""Shifter"": ""SHIMANO ST-EF41 3L 7R, 3x7 SPEED TRIGGER"", ""Crank Set"": ""42/34/24T 7-SPEED, MAX CHAIN RING : 42T, CRANK ARM : 170mm"", ""Cassette"": ""SHIMANO TZ500-7 14-28T"", ""Front Derailleur"": ""SHIMANO TY-300"", ""Rear Derailleur"": ""SHIMANO RD-TZ31 DIRECT ATTACH"", ""Bottom Bracket"": ""CARTIDGE BEARING 68x118mm"", ""Chain"": ""HV-500"", ""Pedal"": ""PP PEDAL W/ REFLECTOR"", ""Saddle"": ""BLACK SADDLE, STEEL ø 7mm"", ""Seat Post"": ""STEEL SEATPOST, 27.2 x 300mm"", ""Seat Clamp"": ""31.8mm W/ QR"", ""Handlebar"": ""STEEL HANDLEBAR, W: 680mm, B: 31.8mm, R/D:40mm, BEND: 8degree"", ""Handle Stem"": ""ALLOY HANDLE STEM, E: 45mm, B: 31.8mm, R/D: 7degree"", ""Head Set"": ""ZS 44/28.6 | 44/30"", ""Wheel Set"": ""ALLOY DOUBLE WALL, 32H"", ""Tire"": ""DELI SA-281 27.5\"""", ""Front Hub"": ""GET SUNNY GS-908FQR ALLOY QRx100mm 32H 6-BOLTS"", ""Rear Hub"": ""GET SUNNY GS-908RQR ALLOY QRx135mm 32H 6-BOLTS"", ""Spokes & Nipples"": ""14G STEEL NDS:270mm DS:272mm W/ 12mm BRASS NIPPLE (front),  14G STEEL NDS:272mm DS:270mm W/ 12mm BRASS NIPPLE (rear)"", ""Brake Lever"": ""SHIMANO BRAKE LEVER"", ""Brake"": ""ALLOY MECHANICAL DISC BRAKES"", ""Brake Rotor"": ""160mm 6-BOLTS"", ""Speed"": ""3x7 Speed"", ""Color"": ""Gray"", ""Genre"": ""MTB"", ""Wheel size"": ""27.5\"""", ""Note"": ""Spesifikasi, warna dan ketersediaan produk dapat berubah sewaktu-waktu tanpa pemberitahuan sebelumnya.""}",https://www.rodalink.com/id/polygon-sepeda-mtb-dual-suspensi-rayz-2-503274001.html
Sepeda,Sepeda Gunung,Polygon Sepeda Gunung Cascade 4,4800000,,,"Polygon Sepeda Gunung Cascade 4: MTB Hardtail, Teman Setia Commute dan Bikepacking Tangguh Siap taklukkan setiap petualanganmu? Polygon Sepeda Gunung Cascade 4 adalah hardtail mountain bike serbaguna yang sempurna untuk commute harian, eksplorasi jalur ringan, hingga bikepacking tangguh. Rasakan kebebasan dan performa andal dengan kombinasi ketahanan, efisiensi, serta perawatan minimal. Ini pilihan terbaikmu! Kenapa Wajib Pilih Polygon Sepeda Gunung Cascade 4: Efisiensi Maksimal, Perawatan Minim","{""Frame & Fork"": ""ALX XC Sport Aluminium & Suntour XCM 32 100mm TravelFramealuminium ringan dan kokoh dipadukansuspension fork100mm untuk kenyamanan optimal di berbagai medan."", ""Drivetrain"": ""Shimano CUES 1x9-SpeedPerpindahan gigi mulus dan presisi (shifterShimano CUES SL-U4010,cranksetProwheel C10Y-NW 36T,cassetteShimano CUES CS-LG300 11-46T,RDShimano CUES RD-U4000GS) siap taklukkan tanja"", ""Rem"": ""Hydraulic DiscShimano MT200Daya pengereman kuat, konsisten di segala cuaca, memberikan kontrol penuh dan keamanan maksimal saat kamu bersepeda gunung."", ""Mounting Points"": ""SerbagunaDilengkapi dudukan rak,mudguard, dan duabottle cage, ideal untukbikepackingatau membawa perlengkapan harianmu."", ""Roda & Ban"": ""27.5\""/29\"" & Deli 2.25\""Pilihan roda 27.5 atau 29 inci dengandouble-wall alloy rimsdan ban Deli 2.25 inci untuk traksi superior, stabilitas, danrollingyang baik."", ""Brand"": ""Polygon"", ""What's in the box"": ""1 x Polygon Cascade 4 Mountain Bike"", ""Rentang Usia"": "">10 Tahun, Dewasa"", ""Frame"": ""ALX XC SPORT"", ""Fork"": ""SUNTOUR XCM 32 100MM TRAVEL, ALLOY STRAIGHT 1-1/8\"" - 1-1/8\"""", ""Shifter"": ""SHIMANO CUES SL-U4010, 1x9-RAPID FIRE"", ""Crank Set"": ""PROWHEEL C10Y-NW, 36T, CRANK ARM : 170mm"", ""Cassette"": ""SHIMANO CUES CS-LG300, 11-46T"", ""Rear Derailleur"": ""SHIMANO CUES RD-U4000GS"", ""Bottom Bracket"": ""SQUARE BB, 68mm"", ""Chain"": ""KMC X-GLIDE"", ""Pedal"": ""ONE PIECE PP BODY"", ""Saddle"": ""BLACK, STEEL ø7mm"", ""Seat Post"": ""POLYGON SPORT, DxL: 7.2 x 350mm"", ""Seat Clamp"": ""31.8mm QR TYPE"", ""Handlebar"": ""POLYGON SPORT W: 700MM, B: 31.8MM, R/D: 20MM"", ""Handle Stem"": ""POLYGON SPORT E: 40MM, B: 31.8MM, R/D: 7"", ""Head Set"": ""ZERO STACK W/ SEALED BEARING, ZS 44/28.6 | ZS 44/30"", ""Wheel Set"": ""ALLOY DOUBLE WALL"", ""Tire"": ""DELI 27.5\""x2.25\"""", ""Front Hub"": ""ALLOY, 100mm 32H QR"", ""Rear Hub"": ""ALLOY, 135mm 32H QR"", ""Spokes & Nipples"": ""F: 14G STAINLESS NDS:270mm / DS:272mm, R: 14G STAINLESS NDS:270mm / DS:272mm"", ""Brake Lever"": ""CLARKS M2"", ""Brake"": ""CLARKS HYDRAULIC DISC BRAKE"", ""Brake Rotor"": ""CLARKS M2, 160mm"", ""Extras"": ""KICKSTAND"", ""Speed"": ""1x9 Speed"", ""Genre"": ""MTB"", ""Weight"": ""15.6 kg (Size M)"", ""Note"": ""Spesifikasi, warna dan ketersediaan produk dapat berubah sewaktu-waktu tanpa pemberitahuan sebelumnya.""}",https://www.rodalink.com/id/polygon-sepeda-gunung-cascade-4-503647.html
Sepeda,Sepeda Gunung,Polygon Sepeda Gunung Cascade 4,4800000,,,"Our all-time sorcerer -- Cascade, born for you who are planning to go for recreational riding on the weekends and feel mountains. The Cascade is built with a lightweight and durable ALX XC SPORT frame with modern geometry for a more comfortable ride. The component spec includes: 27.5” wheels for less rolling resistance, a 100mm travel suspension fork to smooth out the bumps while riding down fire roads, and disc brakes to keep riders in control. Be ready to be enchanted with our sorcerer and sta","{""Features"": ""Upright geometry design for a comfort ride | Light yet durable alloy frame | Improved chain control, resulting fast and responsive indexed shifting | Excellent brake performance with Hydraulic Disc Brake"", ""Brand"": ""Polygon"", ""What's in the box"": ""1 x Polygon Cascade 4 Mountain Bike"", ""Rentang Usia"": "">10 Tahun, Dewasa"", ""Frame"": ""ALX XC SPORT"", ""Fork"": ""SUNTOUR XCM 32 100MM TRAVEL, ALLOY STRAIGHT 1-1/8\"" - 1-1/8\"""", ""Shifter"": ""SHIMANO CUES SL-U4010, 1x9-RAPID FIRE"", ""Crank Set"": ""PROWHEEL C10Y-NW, 36T, CRANK ARM : 170mm"", ""Cassette"": ""SHIMANO CUES CS-LG300, 11-46T"", ""Rear Derailleur"": ""SHIMANO CUES RD-U4000GS"", ""Bottom Bracket"": ""SQUARE BB, 68mm"", ""Chain"": ""KMC X-GLIDE"", ""Pedal"": ""ONE PIECE PP BODY"", ""Saddle"": ""BLACK, STEEL ø7mm"", ""Seat Post"": ""POLYGON SPORT, DxL: 7.2 x 350mm"", ""Seat Clamp"": ""31.8mm QR TYPE"", ""Handlebar"": ""POLYGON SPORT W: 700MM, B: 31.8MM, R/D: 20MM"", ""Handle Stem"": ""POLYGON SPORT E: 40MM, B: 31.8MM, R/D: 7"", ""Head Set"": ""ZERO STACK W/ SEALED BEARING, ZS 44/28.6 | ZS 44/30"", ""Wheel Set"": ""ALLOY DOUBLE WALL"", ""Tire"": ""DELI 27.5\"" / 29\""x2.25\"""", ""Front Hub"": ""ALLOY, 100mm 32H QR"", ""Rear Hub"": ""ALLOY, 135mm 32H QR"", ""Spokes & Nipples"": ""F: 27,5\"" : 14G STAINLESS NDS:270mm / DS:272mm, 29\"" : 14G STAINLESS NDS:290mm / DS:292, 12mm NIPPLE BRASS, R: 27,5\"" : 14G STAINLESS NDS:270mm / DS:272mm, 29\"" : 14G STAINLESS NDS:290mm / DS:292, 12mm NIPPLE BRASS"", ""Brake Lever"": ""SHIMANO MT200"", ""Brake"": ""SHIMANO MT200 HYDRAULIC DISC"", ""Brake Rotor"": ""SHIMANO SM-RT10, 160mm"", ""Extras"": ""KICKSTAND"", ""Speed"": ""1x9 Speed"", ""Genre"": ""MTB"", ""Weight"": ""15.6 kg (Size M)"", ""Note"": ""The specifications, colors, and availability of the products can be subjects to alter without prior notification.""}",https://www.rodalink.com/id/polygon-sepeda-gunung-cascade-4-pa01793.html
Sepeda,Sepeda Gunung,Polygon Sepeda Gunung Cascade 3,3800000,,,"Polygon Sepeda Gunung Cascade 3: MTB Hardtail , Teman Setia Commute dan Bikepacking Tangguh Siap untuk petualangan harian atau eksplorasi akhir pekan? Polygon Sepeda Gunung Cascade 3 adalah sepeda MTB hardtail serbaguna, dirancang untuk efisiensi maksimal dan perawatan minimal. Kombinasi sempurna ketahanan mountain bike dan kenyamanan urban, menjadikannya pilihan ideal bagi kamu yang mencari performa andal. Temukan sepeda gunung ini di Rodalink.com! Kenapa Wajib Pilih Polygon Sepeda Gunung Casca","{""Frame & Fork"": ""AL6 XC Sport Aluminium & SR Suntour XCE28 100mmKonstruksiframe AL6 XC Sport Aluminiumkuat dansuspension fork SR Suntour XCE28 100mmmeredam guncangan. Ringan, responsif, sempurna untukcommuteataubikepa"", ""Drivetrain"": ""Shimano Tourney 3x7-SpeedDilengkapidrivetrain Shimano Tourney 3x7-Speedteruji, menawarkan perpindahan gigi halus dan presisi. Performa konsisten di berbagai medan, dari tanjakan kota hingga pedesaan."", ""Rem"": ""Mechanical Disc Tektro MD-M280Sistem remmechanical disc Tektro MD-M280memberikan daya pengereman superior di segala kondisi. Kontrol penuh dan keamanan maksimal di turunan atau lalu lintas padat."", ""Mounting Points"": ""SerbagunaTersediamounting pointsuntuk rak danfender, mengubahsepeda MTB hardtailini jadiworkhorseuntuktouringatau membawa perlengkapan. Siap untuk petualangan jarak jauh atau belanja."", ""Roda & Ban"": ""27.5” & Deli All-Terrain 27.5\""x2.1\""Roda 27.5 inci lincah dipadukan banall-terrain Deli 27.5\""x2.1\""memberikan traksi optimal dan kenyamanan. Jelajahi aspal, kerikil, atau jalur tanah ringan dengan perca"", ""Brand"": ""Polygon"", ""What's in the box"": ""1 x Polygon Cascade 3 Mountain Bike"", ""Rentang Usia"": "">10 Tahun, Dewasa"", ""Frame"": ""ALX XC SPORT"", ""Fork"": ""SUNTOUR XCE 28 100MM TRAVEL, ALLOY STRAIGHT 1-1/8\"" - 1-1/8\"""", ""Shifter"": ""SHIMANO ALTUS SL-M315, 1x8-SPEED TRIGGER"", ""Crank Set"": ""PROWHEEL C10Y-NW, 36T, CRANK ARM : 170mm"", ""Cassette"": ""SHIMANO CS-HG31, 11-34T"", ""Rear Derailleur"": ""SHIMANO ALTUS RD-M310-L"", ""Bottom Bracket"": ""SQUARE BB, 68mm"", ""Chain"": ""KMC Z-8.3"", ""Pedal"": ""ONE PIECE PP BODY"", ""Saddle"": ""BLACK, STEEL ø7mm"", ""Seat Post"": ""POLYGON SPORT, DxL: 7.2 x 350mm"", ""Seat Clamp"": ""31.8mm QR TYPE"", ""Handlebar"": ""POLYGON SPORT W: 700MM, B: 31.8MM, R/D: 20MM"", ""Handle Stem"": ""POLYGON SPORT E: 40MM, B: 31.8MM, R/D: 7"", ""Head Set"": ""ZERO STACK W/ SEALED BEARING, ZS 44/28.6 | ZS 44/30"", ""Wheel Set"": ""ALLOY DOUBLE WALL"", ""Tire"": ""DELI 27.5\""x2.25\"""", ""Front Hub"": ""ALLOY, 100mm 32H QR"", ""Rear Hub"": ""ALLOY, 135mm 32H QR"", ""Spokes & Nipples"": ""F: 14G STAINLESS NDS:270mm / DS:272mm, R: 14G STAINLESS NDS:270mm / DS:272mm"", ""Brake Lever"": ""CLARKS CLOUT"", ""Brake"": ""CLARKS HYDRAULIC DISC BRAKE"", ""Brake Rotor"": ""CLARKS CLOUT, 160 mm"", ""Extras"": ""KICKSTAND"", ""Speed"": ""1x8 Speed"", ""Genre"": ""MTB"", ""Weight"": ""15.6 kg (Size M)"", ""Note"": ""Spesifikasi, warna dan ketersediaan produk dapat berubah sewaktu-waktu tanpa pemberitahuan sebelumnya.""}",https://www.rodalink.com/id/polygon-sepeda-gunung-cascade-3-503557.html
Sepeda,Sepeda Gunung,Polygon Sepeda MTB Junior Relic 24,3150000,,,,"{""Brand"": ""Polygon"", ""What's in the box"": ""1 x Polygon Relic 24 Mountain Bike Junior"", ""Rentang Usia"": ""7-11 Tahun, >10 Tahun"", ""Frame"": ""AL6 RIGID FRAME"", ""Fork"": ""SUSPENSION FORK 60mm TRAVEL, STRAIGHT 1-1/8\"""", ""Shifter"": ""SHIMANO SL-RS45, 1x8 SPEED TRIGGER"", ""Crank Set"": ""ALLOY 32T W/ SINGLE CHAIN GUARD, CRANKSET - MAX CHAIN RING : 34T, CRANKSET - CRANK ARM : 152mm"", ""Cassette"": ""SHIMANO CS-HG200 12-32T"", ""Rear Derailleur"": ""SHIMANO RD-TX800-SGS DIRECT ATTACH"", ""Bottom Bracket"": ""CARTIDGE BEARING 68x119mm"", ""Chain"": ""KMC Z-8.3"", ""Pedal"": ""PP PEDAL W/ REFLECTOR"", ""Saddle"": ""POLYGON SADDLE, STEEL ø7mm"", ""Seat Post"": ""ALLOY SEATPOST, 27.2 x 350mm"", ""Seat Clamp"": ""31.8mm W/ QR"", ""Handlebar"": ""STEEL, W: 640mm, B: 25.4mm, R/D: 20mm, Bend: 6degree"", ""Handle Stem"": ""ALLOY, E: 40mm, B: 25.4mm, R/D: 7degree"", ""Head Set"": ""ZERO STACK (ZS) CARTRIDGE BEARING FOR NORMAL HEAD TUBE, ZS 44/28.6 | ZS 44/30"", ""Wheel Set"": ""ALLOY DOUBLE WALL, 32H"", ""Tire"": ""KENDA K1047 SMALLBLOCK EIGHT 24\""x2.10\"""", ""Front Hub"": ""SOLON DH802F ALLOY QRx100mm 32H 6-BOLTS"", ""Rear Hub"": ""SOLON DH802R ALLOY QRx135mm 32H 6-BOLTS"", ""Spokes & Nipples"": ""14G STEEL NDS:232mm DS:234mm W/ 12mm BRASS NIPPLE (front), 14G STEEL NDS:234mm DS:232mm W/ 12mm BRASS NIPPLE (rear)"", ""Brake Lever"": ""TEKTRO TS-325A"", ""Brake"": ""ALLOY MECHANICAL DISC BRAKES"", ""Brake Rotor"": ""160mm 6-BOLTS"", ""Speed"": ""1x8 Speed"", ""Genre"": ""MTB, Kids"", ""Wheel size"": ""24\"""", ""Note"": ""Spesifikasi, warna dan ketersediaan produk dapat berubah sewaktu-waktu tanpa pemberitahuan sebelumnya.""}",https://www.rodalink.com/id/polygon-sepeda-mtb-junior-relic-24-503256.html
Sepeda,Sepeda Gunung,Polygon Sepeda Gunung Cascade 2,3000000,,,"Polygon Sepeda Gunung Cascade 2: MTB Hardtail dengan Suspensi Depan, Teman Setia Commute dan Bikepacking Tangguh Siap menjelajahi kota atau memulai petualangan ringan? Polygon Sepeda Gunung Cascade 2 adalah MTB hardtail dengan suspensi depan, dirancang untuk efisiensi dan keserbagunaan maksimal. Ideal untuk commuter harian dan bikepacker pemula yang mencari ketahanan serta kenyamanan, pilihan tepat untuk meningkatkan gaya hidup bersepeda kamu. Kenapa Wajib Pilih Polygon Sepeda Gunung Cascade 2: ","{""Features"": ""Frame AL6 Alloy & Fork Suspensi SR Suntour XCE28 dengan Travel 100mmKonstruksiframealuminium AL6 XC Sport ringan, kokoh, dipadukanfork suspensi SR Suntour XCE28 100mm. Redam benturan,handlingnyaman di | Mounting Points SerbagunaTitik pemasangan rak danfendertersedia.Sepeda gunungini sempurna untukbikepackingatau perlengkapan harianmu."", ""Drivetrain Shimano 3x7 Speed"": ""Shifter ST-EF41, RD Tourney TY300, Crankset WHEELTOP, Cassette MF-TZ500Gigi luas denganshifter Shimano ST-EF41,rear derailleurShimano Tourney RD-TY300,cranksetWHEELTOP,cassetteShimano MF-TZ500. Siap t"", ""Rem Mechanical Disc Brakes"": ""Tektro MD-M280Pengereman andal, konsisten di segala cuaca berkatrem cakram mekanik Tektro MD-M280. Tingkatkan keamanan dan kepercayaan diri berkendara."", ""Roda 27.5 Inci & Ban All-Terrain"": ""Deli 27.5\""x2.1\""Roda27.5 incilincah dengan banDeli 27.5\""x2.1\""mencengkeram kuat. Tawarkan kenyamanan dan traksi optimal di aspal maupun jalur tanah ringan."", ""Brand"": ""Polygon"", ""What's in the box"": ""1 x Polygon Cascade 2 Mountain Bike"", ""Rentang Usia"": "">10 Tahun, Dewasa"", ""Frame"": ""ALX XC SPORT"", ""Fork"": ""SUNTOUR XCE 28 100MM TRAVEL, ALLOY STRAIGHT 1-1/8\"" - 1-1/8\"""", ""Shifter"": ""SHIMANO TOURNEY ST-EF41, 3x7-SPEED TRIGGER"", ""Crank Set"": ""WHEELTOP TCSH4-CFPG(G4SH), 42X34X24T, CRANK ARM : 170mm"", ""Cassette"": ""14-28T"", ""Front Derailleur"": ""SHIMANO ALTUS FD-M313"", ""Rear Derailleur"": ""SHIMANO TOURNEY RD-TY300"", ""Bottom Bracket"": ""SQUARE BB, 68mm"", ""Chain"": ""MEILE M70"", ""Pedal"": ""ONE PIECE PP BODY"", ""Saddle"": ""BLACK, STEEL ø7mm"", ""Seat Post"": ""STEEL, DxL: 27.2x300mm"", ""Seat Clamp"": ""31.8mm QR TYPE"", ""Handlebar"": ""POLYGON SPORT W: 680MM, B: 31.8MM, R/D: 40MM"", ""Handle Stem"": ""POLYGON SPORT E: 45MM, B: 31.8MM, R/D: 3"", ""Head Set"": ""ZERO STACK W/ SEALED BEARING, ZS 44/28.6 | ZS 44/30"", ""Wheel Set"": ""ALLOY DOUBLE WALL"", ""Tire"": ""DELI 27.5\""x2.25\"""", ""Front Hub"": ""ALLOY, M9x100mm 32H QR"", ""Rear Hub"": ""ALLOY, M10x145mm 32H QR"", ""Spokes & Nipples"": ""F: 14G STAINLESS NDS:270mm / DS:272mm, 12mm NIPPLE BRASS, R: 14G STAINLESS NDS:272mm / DS:270mm, 12mm NIPPLE BRASS"", ""Brake Lever"": ""SHIMANO TOURNEY"", ""Brake"": ""TEKTRO MECHANICAL DISC BRAKE"", ""Brake Rotor"": ""160 mm"", ""Extras"": ""KICKSTAND"", ""Speed"": ""3x7 Speed"", ""Genre"": ""MTB"", ""Weight"": ""16.5 kg (Size M)"", ""Note"": ""Spesifikasi, warna dan ketersediaan produk dapat berubah sewaktu-waktu tanpa pemberitahuan sebelumnya.""}",https://www.rodalink.com/id/polygon-sepeda-gunung-cascade-2-503438.html
Sepeda,Sepeda Gunung,Polygon Sepeda MTB Junior Cascade 24,2900000,,,,"{""Brand"": ""Polygon"", ""What's in the box"": ""1 x Polygon Cascade 24 Mountain Bike Junior"", ""Material"": ""Alloy"", ""Rentang Usia"": ""7-11 Tahun, >10 Tahun"", ""Frame"": ""AL6 RIGID FRAME"", ""Fork"": ""SUSPENSION FORK 50mm TRAVEL, STRAIGHT 1-1/8\"" THREADLESS"", ""Shifter"": ""SHIMANO TOURNEY 1X7 SPEED REVO SHIFTER"", ""Crank Set"": ""ALLOY CRANK, 32T, - MAX CHAIN RING : 32T, CRANK ARM : 127mm"", ""Cassette"": ""7-SPEED 14-28T"", ""Rear Derailleur"": ""SHIMANO TOURNEY TY200"", ""Bottom Bracket"": ""ALLOY SQUARE BB, 68mm"", ""Chain"": ""MEILE M70"", ""Pedal"": ""ONE PIECE PP BODY"", ""Saddle"": ""BLACK, STEEL ø7mm"", ""Seat Post"": ""STEEL SEATPOST, D x L : 27.2x300mm, OFFSET : 0mm"", ""Seat Clamp"": ""31.8mm QR TYPE"", ""Handlebar"": ""STEEL HANDLEBAR, WIDTH : 640mm, BAR BORE : 25.4, RISE/DROP : 7degree, BEND : 6degree"", ""Handle Stem"": ""ALLOY HANDLE STEM, EXTENSION : 40mm, BAR BORE : 25.4mm, RISE / DROP : 7degree"", ""Head Set"": ""ZERO STACK W/ CAGED BEARING, ZS 44/28.6 | ZS 44/30"", ""Wheel Set"": ""ALLOY DOUBLE WALL WHEELS"", ""Tire"": ""KENDA K1047 24\""x2.1\"""", ""Front Hub"": ""ALLOY M9x100mm 32H QR"", ""Rear Hub"": ""ALLOY M10x135mm 32H QR"", ""Spokes & Nipples"": ""F:14G STAINLESS NDS: 182mm DS: 184mm W/ 12mm NIPPLE BRASS, R:  14G STAINLESS NDS: 184mm DS: 182mm W/ 12mm NIPPLE BRASS"", ""Brake Lever"": ""TEKTRO TS-325A 3 FINGERS"", ""Brake"": ""TEKTRO MECHANICAL DISC BRAKE"", ""Brake Rotor"": ""TEKTRO TR160-52 160mm 6B"", ""Speed"": ""1x7 Speed"", ""Genre"": ""MTB, Kids"", ""Wheel size"": ""24\"""", ""Weight"": ""12.8 kg"", ""Note"": ""Spesifikasi, warna dan ketersediaan produk dapat berubah sewaktu-waktu tanpa pemberitahuan sebelumnya.""}",https://www.rodalink.com/id/polygon-sepeda-mtb-junior-cascade-24-pa01881.html
Sepeda,Sepeda Gunung,Polygon Sepeda MTB Junior Cascade 20,2800000,,,,"{""Brand"": ""Polygon"", ""What's in the box"": ""1 x Polygon Cascade 20 Mountain Bike Junior"", ""Material"": ""Alloy"", ""Rentang Usia"": ""6-8 Tahun"", ""Frame"": ""AL6 RIGID FRAME"", ""Fork"": ""SUSPENSION FORK 40mm TRAVEL, STRAIGHT 1-1/8\"" THREADLESS"", ""Shifter"": ""SHIMANO TOURNEY 1X7 SPEED REVO SHIFTER"", ""Crank Set"": ""ALLOY CRANK, 30T, MAX CHAIN RING : 30T, CRANK ARM : 110mm"", ""Cassette"": ""7-SPEED 14-28T"", ""Rear Derailleur"": ""SHIMANO TOURNEY TY200"", ""Bottom Bracket"": ""ALLOY SQUARE BB, 68mm"", ""Chain"": ""MEILE M70"", ""Pedal"": ""ONE PIECE PP BODY"", ""Saddle"": ""BLACK, STEEL ø7mm"", ""Seat Post"": ""STEEL SEATPOST, D x L : 27.2x300mm, OFFSET : 0mm"", ""Seat Clamp"": ""31.8mm QR TYPE"", ""Handlebar"": ""STEEL HANDLEBAR, WIDTH : 560mm, BAR BORE : 25.4, RISE/DROP : 7degree, BEND : 6degree"", ""Handle Stem"": ""ALLOY HANDLE STEM, EXTENSION : 40mm, BAR BORE : 25.4mm, RISE / DROP : 7degree"", ""Head Set"": ""ZERO STACK W/ CAGED BEARING, ZS 44/28.6 | ZS 44/30"", ""Wheel Set"": ""ALLOY DOUBLE WALL WHEELS"", ""Tire"": ""KENDA K1047 20\""x1.95\"""", ""Front Hub"": ""ALLOY M9x100mm 32H QR"", ""Rear Hub"": ""ALLOY M10x135mm 32H QR"", ""Spokes & Nipples"": ""F:14G STAINLESS NDS: 182mm DS: 184mm W/ 12mm NIPPLE BRASS, R:  14G STAINLESS NDS: 184mm DS: 182mm W/ 12mm NIPPLE BRASS"", ""Brake Lever"": ""TEKTRO TS-325A 3 FINGERS"", ""Brake"": ""TEKTRO MECHANICAL DISC BRAKE"", ""Brake Rotor"": ""TEKTRO TR160-52 160mm 6B"", ""Speed"": ""1x7 Speed"", ""Genre"": ""MTB, Kids"", ""Wheel size"": ""24\"""", ""Weight"": ""11.3 kg"", ""Note"": ""Spesifikasi, warna dan ketersediaan produk dapat berubah sewaktu-waktu tanpa pemberitahuan sebelumnya.""}",https://www.rodalink.com/id/polygon-sepeda-mtb-junior-cascade-20-pa01880.html
Sepeda,Sepeda Gunung,Polygon Sepeda MTB Junior Relic 20,2750000,,,"Dalam membangun budaya sehat dengan bersepeda, Polygon selalu fokus pada menghasilkan sepeda dengan kualitas terbaik yang ringan, aman, dan nyaman. Dengan desain geometri dan spesifikasi yang pas untuk anak-anak, Polygon Sepeda MTB Junior Relic 20 didedikasikan untuk menemani setiap momen bahagia dan petualangan setiap anak. Polygon Sepeda MTB Junior Relic 20 ini akan membawa rider muda untuk menjadi yang terhebat. Fitur Polygon Sepeda MTB Junior Relic 20: Frame & Fork Frame yang digunakan Polyg","{""Brand"": ""Polygon"", ""What's in the box"": ""1 x Polygon Relic 20 Mountain Bike Junior"", ""Rentang Usia"": ""6-8 Tahun"", ""Frame"": ""AL6 RIGID FRAME"", ""Fork"": ""SUSPENSION FORK 40mm TRAVEL, STRAIGHT 1-1/8\"""", ""Shifter"": ""SHIMANO TOURNEY, 1x7 SPEED REVOSHIFT"", ""Crank Set"": ""ALLOY 32T W/ DOUBLE CHAIN GUARD, CRANKSET - MAX CHAIN RING : 32/34T, CRANKSET - CRANK ARM : 140mm"", ""Cassette"": ""SHIMANO MF-TZ500 14-28T"", ""Rear Derailleur"": ""SHIMANO TOURNEY RD-TY300 DIRECT ATTACH"", ""Bottom Bracket"": ""5-PIECE 68x124mm"", ""Chain"": ""KMC HV500"", ""Pedal"": ""PP PEDAL W/ REFLECTOR"", ""Saddle"": ""POLYGON SADDLE, STEEL ø7mm"", ""Seat Post"": ""ALLOY SEATPOST,  27.2 x 300mm"", ""Seat Clamp"": ""31.8mm W/ QR"", ""Handlebar"": ""STEEL, W: 560mm, B: 25.4mm, R/D: 20mm, Bend: 6degree"", ""Handle Stem"": ""ALLOY, E: 45mm, B: 25.4mm, R/D: 7degree"", ""Head Set"": ""EXTERNAL CUP (EC) CARTRIDGE BEARING FOR NORMAL HEAD TUBE, EC 34/28.6 | EC 34/30"", ""Wheel Set"": ""ALLOY DOUBLE WALL, 32H"", ""Tire"": ""DELI 20\""x2.00\"""", ""Front Hub"": ""JOYTECH D761DSE ALLOY QRx100mm 32H 6-BOLTS"", ""Rear Hub"": ""JOYTECH D242DSE ALLOY QRx135mm 32H 6-BOLTS"", ""Spokes & Nipples"": ""14G STEEL NDS:182mm DS:184mm W/ 12mm BRASS NIPPLE (front), 14G STEEL NDS:184mm DS:182mm W/ 12mm BRASS NIPPLE (rear)"", ""Brake Lever"": ""TEKTRO TS-325A"", ""Brake"": ""ALLOY MECHANICAL DISC BRAKES"", ""Brake Rotor"": ""160mm 6-BOLTS"", ""Speed"": ""1x7 Speed"", ""Genre"": ""Kids"", ""Wheel size"": ""20\"""", ""Note"": ""Spesifikasi, warna dan ketersediaan produk dapat berubah sewaktu-waktu tanpa pemberitahuan sebelumnya.""}",https://www.rodalink.com/id/polygon-sepeda-mtb-junior-relic-20-503255.html
Sepeda,Sepeda Gunung,Polygon Sepeda Gunung Monarch M5,2600000,,,"Polygon Sepeda Gunung Monarch M5: MTB Hardtail, Teman Setia Commute dan Bikepacking Tangguh Siap taklukkan kota dan jalur petualangan? Polygon Sepeda Gunung Monarch M5 adalah MTB hardtail tangguh dengan suspensi depan , dirancang untuk efisiensi maksimal dan perawatan minimal. Rasakan kenyamanan di berbagai medan, pilihan ideal untuk commute harian dan ekspedisi bikepacking -mu. Temukan di Rodalink.com ! Kenapa Wajib Pilih Polygon Sepeda Gunung Monarch M5: Efisiensi Maksimal, Perawatan Minimal D","{""Frame & Fork"": ""AL6 Alloy & SR Suntour XCE28 80mmFrameAL6 Alloyringan, kuat.Fork suspensiSR Suntour XCE28 80mmberikan kenyamanan, kontrol di medan sulit."", ""Drivetrain"": ""Shimano Tourney 3x7 SpeedDrivetrainShimano Tourney 3x7 speed(ST-EF41,FD-TZ500,RD-TZ31) tawarkan perpindahan gigi mulus, rentanggearluas untuk tanjakan atau datar."", ""Rem"": ""Mechanical Disc BrakesRemmechanical disc brakepakem, daya henti kuat, konsisten. Tingkatkan keamanan dan kepercayaan dirimu di segala cuaca."", ""Mounting Points"": ""Fleksibel untuk AksesoriBanyak titik pemasangan untuk rak,fender, botol minum.Monarch M5adaptif untukbikepacking,commute."", ""Roda & Ban"": ""Alloy Double Wall & Kenda 26 x 1.95 inciRoda kokohrimsAlloy Double Walldan banKenda 26 x 1.95 incijamin traksi, daya tahan di berbagai permukaan."", ""Brand"": ""Polygon"", ""What's in the box"": ""1 x Polygon Monarch M5 Mountain Bike"", ""Rentang Usia"": "">10 Tahun, Dewasa"", ""Frame"": ""AL6 MTB LEISURE"", ""Fork"": ""SUNTOUR XCE28, 80mm TRAVEL COIL SPRING, STEEL 1-1/8\"" THREADLESS"", ""Shifter"": ""SHIMANO ST-EF41, 3x7 SPEED TRIGGER"", ""Crank Set"": ""STEEL 42x34x24T 7-SPEED W/ CHAIN GUARD FOR SQUARE BB, 170MM"", ""Cassette"": ""SHIMANO MF-TZ500 7-SPEED 14-28T FREEWHEEL"", ""Front Derailleur"": ""SHIMANO TOURNEY FD-TZ500 6/7-SPEED DOWN-SWING DOWN-PUL"", ""Rear Derailleur"": ""SHIMANO RD-TZ31 6/7-SPEED"", ""Bottom Bracket"": ""5PCS W/ CAGED BEARING & 125mm SQUARE AXLE"", ""Chain"": ""KMC HV-500"", ""Pedal"": ""PP CAGE W/ REFLECTOR"", ""Saddle"": ""BLACK W/ CLAMP, STEEL ø7mm"", ""Seat Post"": ""STEEL CANDLE, 27.2 x 300mm"", ""Seat Clamp"": ""31.8mm QR"", ""Handlebar"": ""STEEL RISE, W: 680MM, B: 31.8MM, R/D: 40MM, BEND: 8degree"", ""Handle Stem"": ""ALLOY, E: 75MM, B: 31.8MM, R/D: 6degree"", ""Head Set"": ""EXTERNAL CUP W/ CAGED BEARING, EC 34/28.6 | EC 34/30"", ""Wheel Set"": ""ALLOY DOUBLE WALL AV H:20mm 559x21 32H FOR TYRE 599-35/62"", ""Tire"": ""DELI SA-254 26\""x1.95\"" 559x50"", ""Front Hub"": ""ALLOY NUTx100mm 32H 6B"", ""Rear Hub"": ""ALLOY NUTx135mm 32H 6B FOR FREEWHEEL"", ""Spokes & Nipples"": ""STEEL 14G NDS:258mm (front), 260mm (rear) DS:258mm (front), 260mm (rear) W/ 12mm UCP NIPPLE"", ""Brake Lever"": ""SHIMANO ST-EF41"", ""Brake"": ""MECHANICAL DISC"", ""Brake Rotor"": ""160mm 6B"", ""Bike Stand"": ""BOLT ON CHAIN STAY"", ""Speed"": ""3x7 Speed"", ""Ukuran Frame"": ""M"", ""Genre"": ""MTB"", ""Wheel size"": ""26\"""", ""Weight"": ""15.2 kg"", ""Note"": ""Spesifikasi, warna dan ketersediaan produk dapat berubah sewaktu-waktu tanpa pemberitahuan sebelumnya.""}",https://www.rodalink.com/id/polygon-sepeda-gunung-monarch-m5-502857.html
Sepeda,Sepeda Gunung,Polygon Sepeda MTB Junior Relic 20 2021,2525000,,,"Dalam membangun budaya sehat dengan bersepeda, Polygon selalu fokus pada menghasilkan sepeda dengan kualitas terbaik yang ringan, aman, dan nyaman. Dengan desain geometri dan spesifikasi yang pas untuk anak-anak, Polygon MTB Junior Relic 20 didedikasikan untuk menemani setiap momen bahagia dan petualangan setiap anak. Sepeda Polygon Relic 20 ini akan membawa rider muda untuk menjadi yang terhebat. Frame & Fork Frame yang digunakan Polygon Junior Relic 20 adalah AL6 Rigid Frame. Frame AL6 ini men","{""Brand"": ""Polygon"", ""What's in the box"": ""1 x Polygon Relic 20 Mountain Bike Junior"", ""Rentang Usia"": ""6-8 Tahun"", ""Frame"": ""AL6 RIGID FRAME"", ""Fork"": ""SUSPENSION FORK 40mm TRAVEL"", ""Shifter"": ""SHIMANO TOURNEY, 1x6 SPEED TRIGGER"", ""Crank Set"": ""ALLOY 32T W/ DOUBLE CHAIN GUARD, 140mm"", ""Cassette"": ""SHIMANO MF-TZ500 14-28T"", ""Rear Derailleur"": ""SHIMANO TOURNEY RD-TY21 DIRECT ATTACH"", ""Bottom Bracket"": ""BSA THREADED 5-PIECE 68x124mm"", ""Chain"": ""KMC C30"", ""Pedal"": ""PP PEDAL W/ REFLECTOR"", ""Saddle"": ""POLYGON SADDLE 7 mm"", ""Seat Post"": ""ALLOY SEATPOST 27.2x300 mm"", ""Seat Clamp"": ""31.8mm W/ QR"", ""Handlebar"": ""STEEL HANDLEBAR, W: 560mm, BB: 25.4mm, R/D: 20mm, B: 6degree"", ""Handle Stem"": ""ALLOY HANDLE STEM, EXT: 40mm, BB: 25.4mm, R/D: 7degree"", ""Head Set"": ""EXTERNAL CUP (EC) CARTRIDGE BEARING FOR NORMAL HEAD TUBE, EC 34/28.6 | EC 34/30"", ""Wheel Set"": ""ALLOY DOUBLE WALL, 32H"", ""Tire"": ""PERFORMANCE TIRE 20\""x2.00\"""", ""Front Hub"": ""ALLOY QRx100mm 32H 6-BOLTS"", ""Rear Hub"": ""ALLOY QRx135mm 32H 6-BOLTS"", ""Brake"": ""TEKTRO TS-325A"", ""Brake Rotor"": ""160mm 6-BOLTS"", ""Speed"": ""1x6 Speed"", ""Genre"": ""MTB, Kids"", ""Wheel size"": ""20\"""", ""Weight"": ""12.8kg"", ""Note"": ""Spesifikasi, warna dan ketersediaan produk dapat berubah sewaktu-waktu tanpa pemberitahuan sebelumnya.""}",https://www.rodalink.com/id/polygon-relic-20-mountain-bike-junior-502660.html
Sepeda,Sepeda Gunung,Polygon Sepeda Gunung Monarch M3,2300000,,,"Polygon Sepeda Gunung Monarch M3: MTB Hardtail dengan Suspensi, Teman Setia Commute dan Bikepacking Tangguh Rasakan kebebasan di setiap perjalanan dengan Polygon Sepeda Gunung Monarch M3. Dirancang sebagai sepeda gunung hardtail tangguh dengan suspensi depan, sepeda ini pilihan ideal untuk commuting harian, eksplorasi ringan, hingga petualangan bikepacking . Siap menemani kamu menaklukkan berbagai medan dengan percaya diri. Kenapa Wajib Pilih Polygon Sepeda Gunung Monarch M3: Efisiensi Maksimal,","{""Frame AL6 Alloy & Suspension Fork"": ""Ringan & NyamanKonstruksiframe AL6 alloykokoh dengansuspension fork60mm. Rasakan kenyamanan dan efisiensi kayuhan optimal di berbagai medan."", ""Drivetrain Shimano 3x7 Kecepatan"": ""Fleksibilitas GigiSistemdrivetrainShimano Tourney 3x7 kecepatan (ST-EF41, FD-TZ500, RD-TZ31 GS, MF-TZ500 7sp) memberikan pilihan gigi luas. Perpindahan halus dan presisi untuk setiap medan."", ""Rem Mechanical Disc Brake"": ""Pengereman AndalRemmechanical disc brakememberikan daya henti kuat dan konsisten di segala kondisi. Tingkatkan keamanan dan kepercayaan diri kamu."", ""Mounting Points Serbaguna"": ""Fleksibilitas EkstraDilengkapimounting pointsuntuk rak,fender, dan botol air. Monarch M3 siap untukcommutingharian atau petualangan jarak jauh."", ""Roda 26 Inci & Ban All-Terrain"": ""Lincah & TraksiRoda 26 inci lincah dengan banall-terrainPerformance 26\""x1.95\"". Dapatkan traksi optimal dan kenyamanan di berbagai permukaan."", ""Brand"": ""Polygon"", ""What's in the box"": ""1 x Polygon Monarch M3 Mountain Bike"", ""Rentang Usia"": "">10 Tahun, Dewasa"", ""Frame"": ""AL6 ALLOY FRAME"", ""Fork"": ""SUSPENSION FORK, 60mm"", ""Shifter"": ""SHIMANO ST-EF41"", ""Crank Set"": ""STEEL CRANKSET, 42/34/24T 170mm"", ""Cassette"": ""SHIMANO MF-TZ500, 7sp 14-28T"", ""Front Derailleur"": ""SHIMANO FD-TZ500"", ""Rear Derailleur"": ""SHIMANO RD-TZ31 GS,  6/7-SPEED, DA"", ""Bottom Bracket"": ""STEEL BB"", ""Chain"": ""KMC HV-500"", ""Pedal"": ""PP PEDALS"", ""Saddle"": ""POLYGON SADDLE W/STEEL RAIL"", ""Seat Post"": ""STEEL, 27.2X300mm"", ""Seat Clamp"": ""31.8mm QR"", ""Handlebar"": ""STEEL RISEBAR, 680mm B: 31.8mm"", ""Handle Stem"": ""ALLOY STEM, B: 31.8mm, E: 75mm, R: 6deg"", ""Head Set"": ""STEEL HEADSET, 22.7mm"", ""Wheel Set"": ""ALLOY RIMS W/STEEL SPOKES"", ""Tire"": ""PERFORMANCE 26\""x1.95"", ""Front Hub"": ""ALLOY NUTx100mm 32H 6B"", ""Rear Hub"": ""ALLOY NUTx135mm 32H 6B FOR FREEWHEEL"", ""Spokes & Nipples"": ""STEEL 14G NDS:258mm (front)/ 260mm (rear), DS:260mm (front)/ 258mm (rear) W/ 12mm UCP NIPPLE"", ""Brake Lever"": ""SHIMANO ST-EF41"", ""Brake"": ""MECHANICAL DISC BRAKE"", ""Brake Rotor"": ""160mm 6B"", ""Bike Stand"": ""KICKSTAND MOUNT: BOLT ON CHAIN STAY"", ""Extras"": ""KICKSTAND, DROPOUT: 200049"", ""Speed"": ""3x7 Speed"", ""Ukuran Frame"": ""M"", ""Genre"": ""MTB"", ""Wheel size"": ""26\"""", ""Note"": ""The specifications, colors, and availability of the products can be subjects to alter without prior notification.""}",https://www.rodalink.com/id/polygon-sepeda-gunung-monarch-m3-502856.html
Sepeda,Sepeda Gunung,Polygon Sepeda Gunung Monarch MYT,2300000,,,"Polygon Sepeda Gunung Monarch MYT: MTB dengan Suspensi, Teman Setia Commute dan Bikepacking Tangguh Siap jelajahi kota atau petualangan ringan? Polygon Sepeda Gunung Monarch MYT adalah pilihan ideal untukmu yang cari Mountain Bike tangguh, efisien, dan minim perawatan. Dirancang untuk performa andal di berbagai medan, dari aspal perkotaan hingga jalur off-road ringan. Temukan di Toko Sepeda Rodalink! Kenapa Wajib Pilih Polygon Sepeda Gunung Monarch MYT: Efisiensi Maksimal, Perawatan Minimal Rasa","{""Frame"": ""AL6 MTB YOUTH, THREADED BSA 68mm, QR/NUTx135mm"", ""Drivetrain"": ""Shimano Tourney3x7SpeedAndalSistem perpindahan gigiShimano Tourney3x7speedpresisi (shifter Shimano ST-EF41,FD-TZ500,RD-TZ31,cassette MF-TZ500 14-28T) memastikan kamu siap hadapi tanjakan atau turunan "", ""Rem"": ""Mechanical Disc BrakesResponsifDaya pengereman cakram mekanik kuat dan konsisten di segala kondisi cuaca, meningkatkan keamanan dan kontrolmu di jalanan maupun jaluroff-road."", ""Mounting Points"": ""SerbagunaDilengkapi titik pemasangan rak danfender, menjadikanPolygon Sepeda Gunung Monarch MYTsempurna untukbikepackingatau membawa perlengkapan harianmu."", ""Roda & Ban"": ""26 Inci &Deli SA-254TangguhKombinasiwheelset alloy double wall 26 incidan banDeli SA-25426\""x1.95\"" dirancang untuk daya cengkeram optimal dan ketahanan tusukan, siap menemani eksplorasi di berbagai per"", ""Brand"": ""Polygon"", ""What's in the box"": ""1 x Polygon Monarch MYT Mountain Bike"", ""Rentang Usia"": "">10 Tahun, Dewasa"", ""Fork"": ""HL-386A, 60mm TRAVEL COIL SPRING, STEEL 1-1/8\"" THREADLESS"", ""Shifter"": ""SHIMANO ST-EF41, 3x7 SPEED TRIGGER"", ""Crank Set"": ""STEEL 42x34x24T 7-SPEED W/ CHAIN GUARD FOR SQUARE BB, MAX 42x34x24T, 170mm"", ""Cassette"": ""SHIMANO MF-TZ500 7-SPEED 14-28T FREEWHEEL"", ""Front Derailleur"": ""SHIMANO TOURNEY FD-TZ500 6/7-SPEED DOWN-SWING DOWN-PULL"", ""Rear Derailleur"": ""SHIMANO RD-TZ31 6/7-SPEED"", ""Bottom Bracket"": ""5PCS W/ CAGED BEARING & 125mm SQUARE AXLE"", ""Chain"": ""KMC HV-500"", ""Pedal"": ""PP CAGE W/ REFLECTOR"", ""Saddle"": ""BLACK W/ CLAMP, STEEL ø7mm"", ""Seat Post"": ""STEEL CANDLE, 27.2 x 300mm"", ""Seat Clamp"": ""31.8mm QR"", ""Handlebar"": ""STEEL RISE, W: 680mm, B: 31.8MM, R/D:40mm, BEND:8degree"", ""Handle Stem"": ""ALLOY, B: 31.8MM, E: 75mm, R: 6degree"", ""Head Set"": ""EXTERNAL CUP W/ CAGED BEARING, EC 34/28.6 | EC 34/30"", ""Wheel Set"": ""ALLOY DOUBLE WALL AV H:20mm 559x21 32H FOR TYRE 599-35/62"", ""Tire"": ""DELI SA-254 26\""x1.95\"" 559x50"", ""Front Hub"": ""ALLOY NUTx100mm 32H 6B"", ""Rear Hub"": ""ALLOY NUTx135mm 32H 6B FOR FREEWHEEL"", ""Spokes & Nipples"": ""STEEL 14G NDS:258mm (front)/ 260mm (rear) DS:260mm (front)/ 258mm (rear) W/ 12mm UCP NIPPLE"", ""Brake Lever"": ""SHIMANO ST-EF41"", ""Brake"": ""MECHANICAL DISC"", ""Brake Rotor"": ""160mm 6B"", ""Bike Stand"": ""BOLT ON CHAIN STAY"", ""Speed"": ""3x7 Speed"", ""Genre"": ""MTB"", ""Wheel size"": ""26\"""", ""Note"": ""Spesifikasi, warna dan ketersediaan produk dapat berubah sewaktu-waktu tanpa pemberitahuan sebelumnya.""}",https://www.rodalink.com/id/polygon-sepeda-gunung-monarch-myt-502858.html
Sepeda,Sepeda Gunung,Wimcycle Sepeda MTB Road Tech Canning 26,2235000,,,"Nikmati sensasi berkendara yang nyaman dan penuh percaya diri bersama MTB Roadtech 26″. Sepeda gunung ini dirancang untuk remaja hingga dewasa yang aktif menjelajahi jalan perkotaan maupun medan semi off-road. Dengan desain sporty modern dan rangka alloy yang ringan namun kokoh, Roadtech 26″ menghadirkan performa optimal untuk aktivitas harian, olahraga, hingga petualangan akhir pekan. Dilengkapi sistem transmisi Shimano 2x7 Speed, perpindahan gigi terasa lebih halus dan responsif di berbagai ko","{""Brand"": ""Wimcycle"", ""What's in the box"": ""1 x Wimcycle Road Tech Canning 26 Mountain Bike"", ""Material"": ""Alloy"", ""Rentang Usia"": "">10 Tahun, Dewasa"", ""Frame"": ""Alloy 26\""x16\"""", ""Fork"": ""Suspension Fork"", ""Shifter"": ""Shimano ST-EF500,7-SPD"", ""Crank Set"": ""Steel, Cotterles 170MM, 24T,34T,42T"", ""Cassette"": ""7-Speed; 14-28T"", ""Rear Derailleur"": ""Shimano Tourney 6/7SPD TZ-500"", ""Bottom Bracket"": ""Steel"", ""Chain"": ""Steel, 28.6MM, Ext 55mm"", ""Pedal"": ""Plastic 9/16\"""", ""Saddle"": ""Leather, MTB saddle"", ""Seat Post"": ""Steel, 27.2x300MM"", ""Handlebar"": ""Steel, 730MM"", ""Handle Stem"": ""Steel, 28.6MM, Ext 55mm"", ""Head Set"": ""STEEL THREAD 1-1/8\"""", ""Wheel Set"": ""Alloy, 26x2.125, 14Gx36H, W/QR Hub"", ""Tire"": ""26\""x2.125\"""", ""Brake"": ""Alloy Brake Lever"", ""Speed"": ""2x7 Speed"", ""Genre"": ""MTB"", ""Wheel size"": ""26\"""", ""Weight"": ""14.5 kg"", ""Note"": ""Spesifikasi, warna dan ketersediaan produk dapat berubah sewaktu-waktu tanpa pemberitahuan sebelumnya.""}",https://www.rodalink.com/id/wimcycle-sepeda-mtb-road-tech-canning-26-740776.html
Sepeda,Sepeda Gunung,Polygon Sepeda Gunung Active,2050000,,,,,https://www.rodalink.com/id/polygon-sepeda-gunung-active-503763.html
Sepeda,Sepeda Gunung,Wimcycle Sepeda MTB Junior Vulcan 20,1825000,,,,,https://www.rodalink.com/id/wimcycle-sepeda-mtb-junior-vulcan-20-740022.html
Sepeda,Sepeda Balap (Road Bike),Polygon Sepeda Balap Helios A0 AXS,125000000,,,,,https://www.rodalink.com/id/polygon-sepeda-balap-helios-a0-axs-503340.html
Sepeda,Sepeda Balap (Road Bike),Polygon Sepeda Balap Helios A9 Di2 Power Meter,95000000,,,,,https://www.rodalink.com/id/polygon-sepeda-balap-helios-a9-di2-power-meter-503341.html
Sepeda,Sepeda Balap (Road Bike),Polygon Sepeda Balap Helios A9X Dura Ace C60 Wheelset 2025,95000000,85500000,,,,https://www.rodalink.com/id/polygon-helios-a9x-with-dura-ace-c60-wheelset-road-bike-502829.html
Sepeda,Sepeda Balap (Road Bike),Polygon Sepeda Balap Helios A9X Entity WR5 Wheelset + Power Meter 2025,90000000,81000000,,,,https://www.rodalink.com/id/polygon-helios-a9x-road-bike-with-entity-wr5-wheelset-502758.html
Sepeda,Sepeda Balap (Road Bike),Polygon Sepeda Balap Helios A8 Di2 Power Meter,74000000,,,,,https://www.rodalink.com/id/polygon-sepeda-balap-helios-a8-di2-power-meter-503342.html
Sepeda,Sepeda Balap (Road Bike),Polygon Sepeda Balap Helios A9X Entity WR5 Wheelset 2025,80000000,72000000,,,,https://www.rodalink.com/id/polygon-sepeda-balap-helios-a9x-entity-wr5-wheelset-502795.html
Sepeda,Sepeda Balap (Road Bike),Polygon Sepeda Balap Helios A9X TSG Edition Entity WR5 Wheelset 2025,80000000,72000000,,,,https://www.rodalink.com/id/polygon-sepeda-balap-helios-a9x-tsg-edition-entity-wr5-wheelset-pa01634.html
Sepeda,Sepeda Balap (Road Bike),Polygon Sepeda Balap Helios A8 Di2,64000000,,,,,https://www.rodalink.com/id/polygon-sepeda-balap-helios-a8-di2-503343.html
Sepeda,Sepeda Balap (Road Bike),Polygon Sepeda Balap Helios A8X 2025,60000000,54000000,,,,https://www.rodalink.com/id/polygon-helios-a8x-road-bike-502759.html
Sepeda,Sepeda Balap (Road Bike),Polygon Sepeda Balap Helios A8X TSG Edition 2025,60000000,54000000,,,,https://www.rodalink.com/id/polygon-sepeda-balap-helios-a8x-tsg-edition-pa01633.html
Sepeda,Sepeda Balap (Road Bike),Polygon Sepeda Balap Helios A7 Di2,49000000,,,,,https://www.rodalink.com/id/polygon-sepeda-balap-helios-a7-di2-503344.html
Sepeda,Sepeda Balap (Road Bike),Polygon Sepeda Balap Helios A7X 2025,45000000,40500000,,,,https://www.rodalink.com/id/polygon-sepeda-balap-helios-a7x-502889.html
Sepeda,Sepeda Balap (Road Bike),Polygon Sepeda Balap Strattos 8 Di2,38000000,,,,,https://www.rodalink.com/id/polygon-sepeda-balap-strattos-8-di2-503784.html
Sepeda,Sepeda Balap (Road Bike),Polygon Sepeda Balap Strattos 7 Di2,33000000,,,,,https://www.rodalink.com/id/polygon-sepeda-balap-strattos-7-di2-503783.html
Sepeda,Sepeda Balap (Road Bike),Polygon Sepeda Balap Strattos 7,24000000,,,,,https://www.rodalink.com/id/polygon-sepeda-balap-strattos-7-503769.html
Sepeda,Sepeda Balap (Road Bike),Ritchey Frameset Sepeda Balap Montebello,23980000,,,,,https://www.rodalink.com/id/ritchey-frameset-sepeda-balap-montebello-740467.html
Sepeda,Sepeda Balap (Road Bike),Polygon Sepeda Balap Strattos 6,19500000,,,,,https://www.rodalink.com/id/polygon-sepeda-balap-strattos-6-503782.html
Sepeda,Sepeda Balap (Road Bike),Polygon Sepeda Balap Strattos S7 Disc,19300000,,,,,https://www.rodalink.com/id/polygon-sepeda-balap-strattos-s7-disc-503032.html
Sepeda,Sepeda Balap (Road Bike),Polygon Sepeda Balap Strattos S6 Disc,16800000,,,,,https://www.rodalink.com/id/polygon-sepeda-balap-strattos-s6-disc-503324.html
Sepeda,Sepeda Balap (Road Bike),Polygon Sepeda Balap Strattos S5 Disc 2020,16150000,,,,,https://www.rodalink.com/id/polygon-strattos-s5-disc-road-bike-502672.html
Sepeda,Sepeda Balap (Road Bike),Polygon Sepeda Balap Strattos S4 Disc,14100000,,,,,https://www.rodalink.com/id/polygon-sepeda-balap-strattos-s4-disc-503191.html
Sepeda,Sepeda Balap (Road Bike),Polygon Sepeda Balap Strattos S4 2020,11000000,,,,,https://www.rodalink.com/id/polygon-strattos-s4-road-bike-502677.html
Sepeda,Sepeda Balap (Road Bike),Polygon Sepeda Balap Strattos S4,10600000,,,,,https://www.rodalink.com/id/polygon-sepeda-balap-strattos-s4-503200.html
Sepeda,Sepeda Balap (Road Bike),Polygon Sepeda Balap Strattos S4 2022,10500000,,,,,https://www.rodalink.com/id/polygon-strattos-s4-road-bike-502766.html
Sepeda,Sepeda Balap (Road Bike),Polygon Sepeda Balap Strattos S3,7800000,,,,,https://www.rodalink.com/id/polygon-sepeda-balap-strattos-s3-503201.html
Sepeda,Sepeda Balap (Road Bike),Polygon Sepeda Balap Strattos F4,7100000,,,,,https://www.rodalink.com/id/polygon-sepeda-balap-strattos-f4-503801.html
Sepeda,Sepeda Balap (Road Bike),Polygon Sepeda Balap Strattos S2,6400000,,,,,https://www.rodalink.com/id/polygon-sepeda-balap-strattos-s2-503202.html
Sepeda,Sepeda Balap (Road Bike),Polygon Sepeda Balap Strattos F3,5200000,,,,,https://www.rodalink.com/id/polygon-sepeda-balap-strattos-f3-503787.html
Sepeda,Sepeda Balap (Road Bike),Polygon Sepeda Balap Strattos F2,4100000,,,,,https://www.rodalink.com/id/polygon-sepeda-balap-strattos-f2-503786.html
Sepeda,Sepeda Perkotaan (City Bike),Tern Sepeda Mini Velo Surge Pro,16000000,,,,,https://www.rodalink.com/id/tern-surge-pro-minivelo-bike-733314.html
Sepeda,Sepeda Perkotaan (City Bike),Marin Sepeda Kota Muirwoods,11000000,9900000,,,,https://www.rodalink.com/id/marin-muirwoods-city-bike-733964.html
Sepeda,Sepeda Perkotaan (City Bike),Polygon Sepeda Kota Path 4,9700000,,,,,https://www.rodalink.com/id/polygon-sepeda-kota-path-4-503349.html
Sepeda,Sepeda Perkotaan (City Bike),Polygon Sepeda Kota Path i8,9400000,,,,,https://www.rodalink.com/id/polygon-path-i8-bike.html
Sepeda,Sepeda Perkotaan (City Bike),Polygon Sepeda Kota Path i8 2018,9050000,,,,,https://www.rodalink.com/id/polygon-sepeda-path-i8.html
Sepeda,Sepeda Perkotaan (City Bike),Polygon Sepeda Kota Path F4,8500000,,,,,https://www.rodalink.com/id/polygon-sepeda-kota-path-f4-503005.html
Sepeda,Sepeda Perkotaan (City Bike),Polygon Sepeda Tandem Impression AX,8000000,,,,,https://www.rodalink.com/id/polygon-impression-ax-tandem-bike.html
Sepeda,Sepeda Perkotaan (City Bike),Tern Sepeda Mini Velo Surge,7500000,,,,,https://www.rodalink.com/id/tern-surge-minivelo-bike-733315.html
Sepeda,Sepeda Perkotaan (City Bike),Marin Sepeda Kota Fairfax 2,8000000,7200000,,,,https://www.rodalink.com/id/marin-fairfax-2-city-bike-pa00131.html
Sepeda,Sepeda Perkotaan (City Bike),Polygon Sepeda Kota Path 3,6200000,,,,,https://www.rodalink.com/id/polygon-sepeda-kota-path-3-503348.html
Sepeda,Sepeda Perkotaan (City Bike),Polygon Sepeda Mini Velo Zeta Velo,5950000,,,,,https://www.rodalink.com/id/polygon-sepeda-mini-velo-zeta-velo-503254.html
Sepeda,Sepeda Perkotaan (City Bike),Marin Sepeda Kota Fairfax 1,6500000,5850000,,,,https://www.rodalink.com/id/marin-fairfax-1-city-bike-733952.html
Sepeda,Sepeda Perkotaan (City Bike),Marin Sepeda Kota Fairfax ST 1,6500000,5850000,,,,https://www.rodalink.com/id/marin-fairfax-st-1-city-bike-733954.html
Sepeda,Sepeda Perkotaan (City Bike),Polygon Sepeda Mini Velo Zeta 2,5600000,,,,,https://www.rodalink.com/id/polygon-zeta-2-minivelo-20-bike-502683.html
Sepeda,Sepeda Perkotaan (City Bike),Polygon Sepeda Kota Zenith Active i3,5500000,,,,,https://www.rodalink.com/id/polygon-sepeda-zenith-active-3.html
Sepeda,Sepeda Perkotaan (City Bike),Polygon Sepeda Kota Zenith Town i3,5500000,,,,,https://www.rodalink.com/id/polygon-sepeda-zenith-town-3.html
Sepeda,Sepeda Perkotaan (City Bike),Polygon Sepeda Kota Path 2,5000000,,,,,https://www.rodalink.com/id/polygon-sepeda-kota-path-2-503347.html
Sepeda,Sepeda Perkotaan (City Bike),Polygon Sepeda Kota Oosten 26,4550000,,,,,https://www.rodalink.com/id/polygon-sepeda-kota-oosten-26-503253.html
Sepeda,Sepeda Perkotaan (City Bike),Polygon Sepeda Kota Path 2 2019,4500000,,,,,https://www.rodalink.com/id/polygon-path-2-city-bike.html
Sepeda,Sepeda Perkotaan (City Bike),Tern Sepeda Mini Velo Crest,4300000,,,,,https://www.rodalink.com/id/tern-crest-8-speed-22-minivelo-733316.html
Sepeda,Sepeda Perkotaan (City Bike),Polygon Sepeda Kota Oosten 24,4250000,,,,,https://www.rodalink.com/id/polygon-sepeda-kota-oosten-24-503252.html
Sepeda,Sepeda Perkotaan (City Bike),Polygon Sepeda Kota Oosten 26 2020,3950000,,,,,https://www.rodalink.com/id/polygon-oosten-26-bikes-502611.html
Sepeda,Sepeda Perkotaan (City Bike),Polygon Sepeda Kota Lovina,2400000,,,,,https://www.rodalink.com/id/polygon-sepeda-kota-lovina-502579.html
Sepeda,Sepeda Perkotaan (City Bike),Polygon Sepeda Kota Lovina 24,2250000,,,,,https://www.rodalink.com/id/polygon-lovina-24-city-bike.html
Sepeda,Sepeda Perkotaan (City Bike),Polygon Sepeda Kota Lovina 20,2150000,,,,,https://www.rodalink.com/id/polygon-lovina-20-city-bike.html
Sepeda,Sepeda Perkotaan (City Bike),Wimcycle Sepeda Kota Canary 16,1985000,,,,,https://www.rodalink.com/id/wimcycle-sepeda-kota-canary-16-738485.html
Sepeda,Sepeda Gravel & Touring,Polygon Sepeda Gravel Tambora A9X,54000000,,,,,https://www.rodalink.com/id/polygon-sepeda-gravel-tambora-a9x-503339.html
Sepeda,Sepeda Gravel & Touring,Polygon Sepeda Gravel Bend V9X,52000000,,,,,https://www.rodalink.com/id/polygon-sepeda-gravel-bend-v9x-502988.html
Sepeda,Sepeda Gravel & Touring,Polygon Sepeda Gravel Tambora G8X,45000000,,,,,https://www.rodalink.com/id/polygon-sepeda-gravel-tambora-g8x-503013.html
Sepeda,Sepeda Gravel & Touring,Polygon Sepeda Gravel Bend R9X,38000000,,,,,https://www.rodalink.com/id/polygon-sepeda-gravel-bend-r9x-502989.html
Sepeda,Sepeda Gravel & Touring,Polygon Sepeda Gravel Tambora G7,36000000,,,,,https://www.rodalink.com/id/polygon-sepeda-gravel-tambora-g7-503014.html
Sepeda,Sepeda Gravel & Touring,Marin Sepeda Gravel Headlands 2 2022,38500000,34650000,,,,https://www.rodalink.com/id/marin-headlands-2-gravel-bike-733963.html
Sepeda,Sepeda Gravel & Touring,Marin Sepeda Gravel Headlands 2,38500000,34650000,,,,https://www.rodalink.com/id/marin-sepeda-gravel-headlands-2-737572.html
Sepeda,Sepeda Gravel & Touring,Marin Sepeda Gravel Headlands 1,31500000,28350000,,,,https://www.rodalink.com/id/marin-sepeda-gravel-headlands-1-737570.html
Sepeda,Sepeda Gravel & Touring,Marin Sepeda Gravel Headlands 1 2021,31500000,28350000,,,,https://www.rodalink.com/id/marin-headlands-1-bike-732431.html
Sepeda,Sepeda Gravel & Touring,Polygon Sepeda Gravel Tambora A5,28000000,,,,,https://www.rodalink.com/id/polygon-sepeda-gravel-tambora-a5-503323.html
Sepeda,Sepeda Gravel & Touring,Marin Sepeda Gravel Gestalt XR 2023,30000000,27000000,,,,https://www.rodalink.com/id/marin-sepeda-gravel-gestalt-xr-736047.html
Sepeda,Sepeda Gravel & Touring,Marin Sepeda Gravel Gestalt X11,29000000,26100000,,,,https://www.rodalink.com/id/marin-gestalt-x11-gravel-bike-732430.html
Sepeda,Sepeda Gravel & Touring,Marin Sepeda Gravel Four Corners 2,25000000,,,,,https://www.rodalink.com/id/marin-sepeda-gravel-four-corners-2-737558.html
Sepeda,Sepeda Gravel & Touring,Marin Sepeda Gravel DSX 3,22000000,,,,,https://www.rodalink.com/id/marin-sepeda-gravel-dsx-3-737554.html
Sepeda,Sepeda Gravel & Touring,Polygon Sepeda Gravel Tambora G5,21000000,,,,,https://www.rodalink.com/id/polygon-sepeda-gravel-tambora-g5-503015.html
Sepeda,Sepeda Gravel & Touring,Marin Sepeda Gravel Nicasio 2,19500000,,,,,https://www.rodalink.com/id/marin-sepeda-gravel-nicasio-2-739092.html
Sepeda,Sepeda Gravel & Touring,Polygon Sepeda Gravel Bend R7,19200000,,,,,https://www.rodalink.com/id/polygon-sepeda-gravel-bend-r7-502990.html
Sepeda,Sepeda Gravel & Touring,Polygon Sepeda Gravel Bend R5,19200000,,,,,https://www.rodalink.com/id/polygon-bend-r5-gravel-bikes-502609.html
Sepeda,Sepeda Gravel & Touring,Marin Sepeda Gravel Nicasio 2 2021,19000000,,,,,https://www.rodalink.com/id/marin-nicasio-2-bike-732433.html
Sepeda,Sepeda Gravel & Touring,Marin Sepeda Gravel Gestalt 2,19000000,,,,,https://www.rodalink.com/id/marin-sepeda-gravel-gestalt-2-735961.html
Sepeda,Sepeda Gravel & Touring,Marin Sepeda Gravel Lombard 2,19000000,17100000,,,,https://www.rodalink.com/id/marin-lombard-2-gravel-bike-730150.html
Sepeda,Sepeda Gravel & Touring,Marin Sepeda Gravel DSX FS 2022,19000000,17100000,,,,https://www.rodalink.com/id/marin-dsx-fs-bike-733961.html
Sepeda,Sepeda Gravel & Touring,Marin Sepeda Gravel Gestalt 2.5,19000000,17100000,,,,https://www.rodalink.com/id/marin-gestalt-25-gravel-bike-733962.html
Sepeda,Sepeda Gravel & Touring,Polygon Sepeda Gravel Tambora A4,17000000,,,,,https://www.rodalink.com/id/polygon-sepeda-gravel-tambora-a4-503328.html
Sepeda,Sepeda Gravel & Touring,Polygon Sepeda Gravel Path X5,17000000,,,,,https://www.rodalink.com/id/polygon-sepeda-gravel-path-x5-502899.html
Sepeda,Sepeda Gravel & Touring,Marin Sepeda Gravel Gestalt 1,14500000,,,,,https://www.rodalink.com/id/marin-sepeda-gravel-gestalt-1-735960.html
Sepeda,Sepeda Gravel & Touring,Marin Sepeda Gravel Gestalt X10 2023,16000000,14400000,,,,https://www.rodalink.com/id/marin-gestalt-x10-gravel-bike-736046.html
Sepeda,Sepeda Gravel & Touring,Marin Sepeda Gravel DSX 2 2022,15000000,13500000,,,,https://www.rodalink.com/id/marin-dsx-2-gravel-bike-732423.html
Sepeda,Sepeda Gravel & Touring,Marin Sepeda Gravel Gestalt X10 2021,15000000,13500000,,,,https://www.rodalink.com/id/marin-gestalt-x10-gravel-bike-732429.html
Sepeda,Sepeda Gravel & Touring,Marin Sepeda Gravel Gestalt 1 2021,13500000,12150000,,,,https://www.rodalink.com/id/marin-gestalt-1-gravel-bike-732427.html
Sepeda,Sepeda Gravel & Touring,Polygon Sepeda Gravel Tambora G4,11600000,,,,,https://www.rodalink.com/id/polygon-sepeda-gravel-tambora-g4-503016.html
Sepeda,Sepeda Gravel & Touring,Marin Sepeda Gravel Nicasio+ 650B,11500000,,,,,https://www.rodalink.com/id/marin-sepeda-gravel-nicasio-650b-pa01763.html
Sepeda,Sepeda Gravel & Touring,Marin Sepeda Gravel Four Corners 1 (Sword),11500000,,,,,https://www.rodalink.com/id/marin-sepeda-gravel-four-corners-1-sword-pa01757.html
Sepeda,Sepeda Gravel & Touring,Polygon Sepeda Gravel Bend R2,11000000,,,,,https://www.rodalink.com/id/polygon-bend-r2-gravel-bikes-502610.html
Sepeda,Sepeda Gravel & Touring,Marin Sepeda Gravel Nicasio+ 650B 2020,11500000,10350000,,,,https://www.rodalink.com/id/marin-nicasio-650b-bike.html
Sepeda,Sepeda Gravel & Touring,Marin Sepeda Gravel Nicasio+ 650B 2022,11500000,10350000,,,,https://www.rodalink.com/id/marin-nicasio-650b-gravel-bike-735460.html
Sepeda,Sepeda Gravel & Touring,Marin Sepeda Gravel Gestalt,10000000,,,,,https://www.rodalink.com/id/marin-sepeda-gravel-gestalt-735958.html
Sepeda,Sepeda Hybrid,Polygon Sepeda Hybrid Heist X7,10300000,,,,,https://www.rodalink.com/id/polygon-heist-x7-hybrid-bike-502774.html
Sepeda,Sepeda Hybrid,Marin Sepeda Kota Larkspur 1 2021,9000000,8100000,,,,https://www.rodalink.com/id/marin-larkspur-1-urban-bike-732444.html
Sepeda,Sepeda Hybrid,Polygon Sepeda Hybrid Heist X5 2019,7800000,,,,,https://www.rodalink.com/id/polygon-urban-bike-heist-x5-502594.html
Sepeda,Sepeda Hybrid,Polygon Sepeda Hybrid Heist X5,7800000,,,,,https://www.rodalink.com/id/polygon-heist-x5-hybrid-bike-502773.html
Sepeda,Sepeda Hybrid,Polygon Sepeda Hybrid Heist X2,5300000,,,,,https://www.rodalink.com/id/polygon-heist-x2-hybrid-bike-502772.html
Sepeda,Sepeda BMX,Polygon Sepeda BMX Razor,3350000,,,,,https://www.rodalink.com/id/polygon-sepeda-bmx-razor-502869.html
Sepeda,Sepeda BMX,Polygon Sepeda BMX Razor Junior,3350000,,,,,https://www.rodalink.com/id/polygon-sepeda-bmx-razor-junior-503322.html
Sepeda,Sepeda BMX,Polygon Sepeda BMX Razor Mini,3350000,,,,,https://www.rodalink.com/id/polygon-sepeda-bmx-razor-mini-503321.html
Sepeda,Sepeda BMX,Polygon Sepeda BMX Razor Micro,3350000,,,,,https://www.rodalink.com/id/polygon-sepeda-bmx-razor-micro-503320.html
Sepeda,Sepeda BMX,Polygon Sepeda BMX Rudge 3,2750000,,,,,https://www.rodalink.com/id/polygon-sepeda-bmx-rudge-3-502868001.html
Sepeda,Sepeda BMX,Polygon Sepeda BMX Rogue,2250000,,,,,https://www.rodalink.com/id/polygon-sepeda-bmx-rogue-502871.html
Sepeda,Sepeda BMX,Polygon Sepeda BMX Hustle,2000000,,,,,https://www.rodalink.com/id/polygon-sepeda-bmx-hustle-502997.html
Sepeda,Sepeda BMX,Wimcycle Sepeda BMX Big Foot Cafe Racer 20,1835000,,,,,https://www.rodalink.com/id/wimcycle-sepeda-bmx-big-foot-cafe-racer-20-738619.html
Sepeda,Sepeda BMX,Wimcycle Sepeda BMX Anak Thraser X2 Race,1835000,,,,,https://www.rodalink.com/id/wimcycle-sepeda-bmx-anak-thraser-x2-race-741705.html
Sepeda,Sepeda BMX,Polygon Sepeda BMX Travis,1800000,,,,,https://www.rodalink.com/id/polygon-sepeda-bmx-travis-502996.html
Sepeda,Sepeda BMX,Wimcycle Sepeda BMX Thrasher 20,1780000,,,,,https://www.rodalink.com/id/wimcycle-sepeda-bmx-thrasher-20-737336.html
Sepeda,Sepeda BMX,Wimcycle Sepeda BMX Thrasher 20 2021,1780000,,,,,https://www.rodalink.com/id/wimcycle-bmx-thrasher-20-kids-bike-734513.html
Sepeda,Sepeda BMX,Wimcycle Sepeda Anak Big Foot 20 - Solid Series,1780000,,,,,https://www.rodalink.com/id/wimcycle-sepeda-anak-big-foot-20-solid-series-737901.html
Sepeda,Sepeda BMX,Wimcycle Sepeda BMX Anak Thrasher X2,1780000,,,,,https://www.rodalink.com/id/wimcycle-sepeda-bmx-anak-thrasher-x2-740093.html
Sepeda,Sepeda BMX,Wimcycle Sepeda Anak Shotgun Doom 20,1755000,,,,,https://www.rodalink.com/id/wimcycle-sepeda-anak-shotgun-doom-20-740127.html
Sepeda,Sepeda BMX,Wimcycle Sepeda Anak Dragster 20,1755000,,,,,https://www.rodalink.com/id/wimcycle-bmx-dragster-20-kids-bike-734532.html
Sepeda,Sepeda BMX,Wimcycle Sepeda BMX Dragster Goal 20,1755000,,,,,https://www.rodalink.com/id/wimcycle-sepeda-bmx-dragster-goal-20-737900.html
Sepeda,Sepeda BMX,Wimcycle Sepeda BMX Anak Dragster Electric 20,1755000,,,,,https://www.rodalink.com/id/wimcycle-sepeda-bmx-anak-dragster-electric-20-737900009.html
Sepeda,Sepeda BMX,Wimcycle Sepeda BMX Anak Labrador British Soul 20,1720000,,,,,https://www.rodalink.com/id/wimcycle-labrador-british-soul-20-bmx-kids-bike-741936.html
Sepeda,Sepeda BMX,Wimcycle Sepeda BMX Anak Big Foot Cafe Racer 16,1685000,,,,,https://www.rodalink.com/id/wimcycle-sepeda-bmx-anak-big-foot-cafe-racer-16-738618.html
Sepeda,Sepeda BMX,Wimcycle Sepeda Anak Big Foot 20 2021,1675000,,,,,https://www.rodalink.com/id/wimcycle-bmx-big-foot-20-kids-bike-734524.html
Sepeda,Sepeda BMX,Wimcycle Sepeda Anak Dragster Bobo 18,1670000,,,,,https://www.rodalink.com/id/wimcycle-sepeda-anak-dragster-bobo-18-742161001.html
Sepeda,Sepeda BMX,Wimcycle Sepeda BMX Anak Bronco Oki 20,1660000,,,,,https://www.rodalink.com/id/wimcycle-sepeda-bmx-anak-bronco-oki-20-740757.html
Sepeda,Sepeda BMX,Wimcycle Sepeda BMX Anak Beckman Elco 20,1625000,,,,,https://www.rodalink.com/id/wimcycle-sepeda-anak-beckman-elco-20-740114.html
Sepeda,Sepeda BMX,Wimcycle Sepeda Anak Big Foot Road 18,1620000,,,,,https://www.rodalink.com/id/wimcycle-sepeda-anak-big-foot-road-18-738521.html
Sepeda,Sepeda BMX,Wimcycle Sepeda BMX Anak Anak Firebird 18,1620000,,,,,https://www.rodalink.com/id/wimcycle-sepeda-bmx-anak-firebird-18-740262.html
Sepeda,Sepeda BMX,Wimcycle Sepeda Anak Dragster Goal 18,1570000,,,,,https://www.rodalink.com/id/wimcycle-sepeda-anak-dragster-goal-18-738530.html
Sepeda,Sepeda BMX,Wimcycle Sepeda Anak Dragster 18,1570000,,,,,https://www.rodalink.com/id/wimcycle-bmx-dragster-18-kids-bike-734531.html
Sepeda,Sepeda BMX,Wimcycle Sepeda BMX Anak Bronco Burn 20,1560000,,,,,https://www.rodalink.com/id/wimcycle-sepeda-bmx-anak-bronco-burn-20-742014.html
Sepeda,Sepeda BMX,Wimcycle Sepeda BMX Anak Bronco Wild Burn 20,1560000,,,,,https://www.rodalink.com/id/wimcycle-sepeda-bmx-anak-bronco-wild-burn-20-pa01856.html
Sepeda,Sepeda BMX,Wimcycle Sepeda BMX Anak Bronco Super Volt 20,1560000,,,,,https://www.rodalink.com/id/wimcycle-sepeda-bmx-anak-bronco-super-volt-20-737920.html
Sepeda,Sepeda BMX,Wimcycle Sepeda Anak Big Foot 18,1525000,,,,,https://www.rodalink.com/id/wimcycle-bmx-big-foot-18-kids-bike-734523.html
Sepeda,Sepeda BMX,Wimcycle Sepeda Anak Big Foot Road 16,1520000,,,,,https://www.rodalink.com/id/wimcycle-sepeda-anak-big-foot-road-16-738520.html
Sepeda,Sepeda BMX,Wimcycle Sepeda BMX Anak Bronco Oki 16,1470000,,,,,https://www.rodalink.com/id/wimcycle-sepeda-bmx-anak-bronco-oki-16-740756.html
Sepeda,Sepeda BMX,Wimcycle Sepeda Anak Dragster Goal 16,1460000,,,,,https://www.rodalink.com/id/wimcycle-sepeda-anak-dragster-goal-16-737899.html
Sepeda,Sepeda BMX,Wimcycle Sepeda Anak Dragster 16,1460000,,,,,https://www.rodalink.com/id/wimcycle-bmx-dragster-16-kids-bike-734530.html
Sepeda,Sepeda BMX,Wimcycle Sepeda Anak Shotgun Doom 16,1460000,,,,,https://www.rodalink.com/id/wimcycle-sepeda-anak-shotgun-doom-16-740225.html
Sepeda,Sepeda BMX,Wimcycle Sepeda Anak Big Foot 16,1425000,,,,,https://www.rodalink.com/id/wimcycle-bmx-big-foot-16-kids-bike-734522.html
Sepeda,Sepeda BMX,Wimcycle Sepeda BMX Anak Beckman Elco 16,1425000,,,,,https://www.rodalink.com/id/wimcycle-sepeda-anak-beckman-elco-16-739828.html
Sepeda,Sepeda BMX,Wimcycle Sepeda Anak Cobalt Speedtail 16,1400000,,,,,https://www.rodalink.com/id/wimcycle-sepeda-anak-cobalt-speedtail-16-740338.html
Sepeda,Sepeda BMX,Wimcycle Sepeda Anak Bronco Wild Burn 16,1370000,,,,,https://www.rodalink.com/id/wimcycle-sepeda-anak-bronco-wild-burn-16-740115.html
Sepeda,Sepeda BMX,Wimcycle Sepeda Anak Shotgun 18,1235000,,,,,https://www.rodalink.com/id/wimcycle-bmx-shotgun-18-kids-bike-734515.html
Sepeda,Sepeda BMX,Wimcycle Sepeda Anak Shotgun RX 16,1195000,,,,,https://www.rodalink.com/id/wimcycle-sepeda-anak-shotgun-rx-16-734514.html
Sepeda,Sepeda BMX,Wimcycle Sepeda BMX Anak Mobby Army 12,1105000,,,,,https://www.rodalink.com/id/wimcycle-sepeda-bmx-anak-mobby-army-12-740800.html
Sepeda,Sepeda Lipat,Tern Sepeda Lipat Verge X11,22500000,,,,,https://www.rodalink.com/id/tern-verge-x11-folding-bike-732945.html
Sepeda,Sepeda Lipat,Tern Sepeda Lipat Verge P10,11000000,,,,,https://www.rodalink.com/id/tern-verge-p10-folding-bike-732946.html
Sepeda,Sepeda Lipat,Tern Sepeda Lipat Verge D9,6800000,,,,,https://www.rodalink.com/id/tern-verge-d9-folding-bike-732947.html
Sepeda,Sepeda Lipat,Polygon Sepeda Lipat Urbano 5,6300000,,,,,https://www.rodalink.com/id/polygon-sepeda-lipat-urbano-5-503760001.html
Sepeda,Sepeda Lipat,Polygon Sepeda Lipat Urbano 5 2021,6000000,,,,,https://www.rodalink.com/id/polygon-urbano-5-folding-bike-502725001.html
Sepeda,Sepeda Lipat,Polygon Sepeda Lipat Urbano 5 2021,6000000,,,,,https://www.rodalink.com/id/polygon-urbano-5-folding-bike-502725.html
Sepeda,Sepeda Lipat,Tern Sepeda Lipat Link D8,5400000,,,,,https://www.rodalink.com/id/tern-link-d8-folding-bike-limited-edition.html
Sepeda,Sepeda Lipat,Polygon Sepeda Lipat Urbano 3,4600000,,,,,https://www.rodalink.com/id/polygon-sepeda-lipat-urbano-3-503759001.html
Sepeda,Sepeda Lipat,Polygon Sepeda Lipat Urbano 3 2021,4400000,,,,,https://www.rodalink.com/id/polygon-urbano-3-folding-bike-502724001.html
Sepeda,Sepeda Lipat,Polygon Sepeda Lipat Urbano 3 2021,4400000,,,,,https://www.rodalink.com/id/polygon-urbano-3-folding-bike-502724.html
Sepeda,Sepeda Lipat,Tern Sepeda Lipat Link B8,4400000,,,,,https://www.rodalink.com/id/tern-link-b8-folding-bike-733528.html
Sepeda,Sepeda Lipat,Polygon Sepeda Lipat Urbano 2,3300000,,,,,https://www.rodalink.com/id/polygon-sepeda-lipat-urbano-2-503758001.html
Sepeda,Sepeda Lipat,Polygon Sepeda Lipat Metro 2,3300000,,,,,https://www.rodalink.com/id/polygon-sepeda-lipat-metro-2-503034.html
Sepeda,Sepeda Lipat,Wimcycle Sepeda Lipat Pocket Rocket X3,3250000,,,,,https://www.rodalink.com/id/wimcycle-pocket-rocket-x3-folding-bike-734529.html
Sepeda,Sepeda Lipat,Polygon Sepeda Lipat Urbano 2 2023,3200000,,,,,https://www.rodalink.com/id/polygon-sepeda-lipat-urbano-2-502959.html
Sepeda,Sepeda Anak,Cycliste Bel Sepeda Duck with USB Light,99000,,,,,https://www.rodalink.com/id/cycliste-bel-sepeda-duck-with-usb-light-741896001.html
Sepeda,Sepeda Anak,Polygon Sepeda Anak Alice 16,2100000,,,,,https://www.rodalink.com/id/polygon-sepeda-anak-alice-16-735622.html
Sepeda,Sepeda Anak,Polygon Sepeda Anak Alice 16,2100000,,,,,https://www.rodalink.com/id/polygon-sepeda-anak-alice-16-502860.html
Sepeda,Sepeda Anak,Polygon Sepeda Anak Crosser 16,2100000,,,,,https://www.rodalink.com/id/polygon-sepeda-anak-crosser-16-502861002.html
Sepeda,Sepeda Anak,Polygon Sepeda Anak Crosser 16,2100000,,,,,https://www.rodalink.com/id/polygon-sepeda-anak-crosser-16-735623.html
Sepeda,Sepeda Anak,Polygon Sepeda Anak Flint 12 Balance Bike,1850000,,,,,https://www.rodalink.com/id/polygon-sepeda-anak-flint-12-balance-bike-735624.html
Sepeda,Sepeda Anak,Polygon Sepeda Anak Flint 12 Balance Bike 2022,1850000,,,,,https://www.rodalink.com/id/polygon-sepeda-anak-flint-12-balance-502862.html
Sepeda,Sepeda Anak,Wimcycle Sepeda Anak Big Foot 20,1780000,,,,,https://www.rodalink.com/id/wimcycle-sepeda-anak-big-foot-20-737205.html
Sepeda,Sepeda Anak,Polygon Sepeda Anak Maze M20,1750000,,,,,https://www.rodalink.com/id/polygon-sepeda-anak-maze-m20-503269001.html
Sepeda,Sepeda Anak,Wimcycle Sepeda Anak Yuna 20,1735000,,,,,https://www.rodalink.com/id/wimcycle-sepeda-anak-yuna-20-735769.html
Sepeda,Sepeda Anak,Wimcycle Sepeda Anak Yuna 20 2024,1735000,,,,,https://www.rodalink.com/id/wimcycle-sepeda-anak-yuna-20-740092002.html
Sepeda,Sepeda Anak,Wimcycle Sepeda Anak Yuna 20 2021,1685000,,,,,https://www.rodalink.com/id/wimcycle-yuna-20-kids-bike-734521.html
Sepeda,Sepeda Anak,Wimcycle Sepeda Anak Dragster Oki Nirmala 18,1670000,,,,,https://www.rodalink.com/id/wimcycle-sepeda-anak-dragster-oki-nirmala-18-740413.html
Sepeda,Sepeda Anak,Wimcycle Sepeda Anak Fixie Muse 20,1660000,,,,,https://www.rodalink.com/id/wimcycle-sepeda-anak-fixie-muse-20-740316.html
Sepeda,Sepeda Anak,Wimcycle Sepeda Anak Yuna 18,1550000,,,,,https://www.rodalink.com/id/wimcycle-yuna-18-kids-bike-734520.html
Sepeda,Sepeda Anak,Wimcycle Sepeda Anak Yuna SB 18,1550000,,,,,https://www.rodalink.com/id/wimcycle-sepeda-anak-yuna-sb-18-738482.html
Sepeda,Sepeda Anak,Wimcycle Sepeda Anak Bugsy AQA Bee 12,1485000,,,,,https://www.rodalink.com/id/wimcycle-sepeda-anak-bugsy-aqa-bee-12-740226.html
Sepeda,Sepeda Anak,Wimcycle Sepeda Anak Yuna 16,1450000,,,,,https://www.rodalink.com/id/wimcycle-yuna-16-kids-bike-734519.html
Sepeda,Sepeda Anak,Wimcycle Sepeda Anak Elena Bear 16,1400000,,,,,https://www.rodalink.com/id/wimcycle-sepeda-anak-elena-bear-16-738132.html
Sepeda,Sepeda Anak,Wimcycle Sepeda Anak Bugsy x Baba Lili Tata 12,1375000,,,,,https://www.rodalink.com/id/wimcycle-sepeda-anak-bugsy-x-baba-lili-tata-12-740366.html
Sepeda,Sepeda Anak,Wimcycle Sepeda Anak Bugsy Girls 12,1335000,,,,,https://www.rodalink.com/id/wimcycle-sepeda-anak-bugsy-girls-12-pa01434.html
Sepeda,Sepeda Anak,Wimcycle Sepeda Anak Clara 18,1255000,,,,,https://www.rodalink.com/id/wimcycle-clara-18-kids-bike-734518.html
Sepeda,Sepeda Anak,Wimcycle Sepeda Anak Neo BaLiTa 12,1245000,,,,,https://www.rodalink.com/id/wimcycle-sepeda-anak-neo-balita-12-pa01750.html
Sepeda,Sepeda Anak,Wimcycle Sepeda Anak Clara 16,1165000,,,,,https://www.rodalink.com/id/wimcycle-clara-16-kids-bike-734517.html
Sepeda,Sepeda Anak,Wimcycle Sepeda Anak Neo Zebo 12,1145000,,,,,https://www.rodalink.com/id/wimcycle-sepeda-anak-neo-zebo-12-740334.html
Sepeda,Sepeda Anak,Wimcycle Sepeda Anak Neo Rany 12,1145000,,,,,https://www.rodalink.com/id/wimcycle-sepeda-anak-neo-rany-12-740336001.html
Sepeda,Sepeda Anak,Wimcycle Sepeda Anak Gomy 12 Balance Bike,1050000,,,,,https://www.rodalink.com/id/wimcycle-sepeda-anak-gomy-12-balance-bike-738438.html
Sepeda,Sepeda Anak,Wimcycle Sepeda Anak Kinder Cipung 12 Push Bike,830000,,,,,https://www.rodalink.com/id/wimcycle-kinder-cipung-12-push-bike-741083.html
Sepeda,Sepeda Anak,Wimcycle Sepeda Anak Pluto 12 Push Bike,730000,,,,,https://www.rodalink.com/id/wimcycle-pluto-12-push-bike-741035.html
Sepeda,Sepeda Anak,Wimcycle Sepeda Anak Chomper 12 Push Bike,705000,,,,,https://www.rodalink.com/id/wimcycle-chomper-12-push-bike-741034001.html
Frame & Fork,Fork,Rock Shox Fork Suspensi Sepeda Lyrik RC2 DebonAir 27.5,16298000,8149000,,,,https://www.rodalink.com/id/rock-shock-fork-suspensi-sepeda-lyrik-rc2-debonair-27-5-732952.html
Frame & Fork,Fork,Rock Shox Fork Suspensi Sepeda Pike Select RC2 DebonAir 27.5,11980000,5990000,,,,https://www.rodalink.com/id/rock-shock-fork-suspensi-sepeda-pike-select-rc2-debonair-27-5-733852.html
Frame & Fork,Fork,Polygon Fork Suspensi Sepeda XCR32 AIR LOR 27.5 TA,1998000,999000,,,,https://www.rodalink.com/id/polygon-fork-suspensi-sepeda-xcr32-air-lor-27-5-ta-732819.html
Frame & Fork,Drop Out,Polygon Rear End Untuk Collosus DH (2010),898000,,,,,https://www.rodalink.com/id/rear-end-polygon-untuk-collosus-dh-2010.html
Frame & Fork,Drop Out,Polygon Rear End/Drop Out Collosus DH&FR (2011),875000,,,,,https://www.rodalink.com/id/rear-end-drop-out-polygon-collosus-dh-fr-2011.html
Frame & Fork,Drop Out,Polygon Drop Out DH 2012 Set D,548000,,,,,https://www.rodalink.com/id/drop-out-polygon-dh-2012-set-d.html
Frame & Fork,Drop Out,Polygon Drop Out For Cozmic DX (2009-2010),250000,,,,,https://www.rodalink.com/id/drop-out-polygon-for-cozmic-dx-2009-2010.html
Frame & Fork,Drop Out,Polygon Drop Out Collossus SX/TX/AX/FR FS2 DM,250000,,,,,https://www.rodalink.com/id/drop-out-polygon-collossus-sx-tx-ax-fr-fs2-dm.html
Frame & Fork,Drop Out,Polygon Drop Out Collossus,165000,,,,,https://www.rodalink.com/id/drop-out-polygon-collossus.html
Frame & Fork,Drop Out,Polygon Drop Out Collossus DH FS2,150000,,,,,https://www.rodalink.com/id/drop-out-polygon-collossus-dh-fs2.html
Frame & Fork,Drop Out,Polygon Drop Out Collosus DH 2.0 (Before 2010),150000,,,,,https://www.rodalink.com/id/drop-out-polygon-collosus-dh-2-0-before-2010.html
Frame & Fork,Drop Out,Polygon Drop Out Collossus FR (Before 2010),150000,,,,,https://www.rodalink.com/id/drop-out-polygon-collossus-fr-before-2010.html
Frame & Fork,Drop Out,Polygon Drop Out Collossus FR (2010),150000,,,,,https://www.rodalink.com/id/drop-out-polygon-collosus-fr-2010.html
Frame & Fork,Drop Out,Polygon Drop Out For Helios 500 & 600 (2008-2011),100000,,,,,https://www.rodalink.com/id/drop-out-polygon-for-helios-500-600-2008-2011.html
Frame & Fork,Drop Out,Polygon Drop Out Helios 900TT-TC (2011),100000,,,,,https://www.rodalink.com/id/drop-out-polygon-helios-900tt-tc-2011.html
Frame & Fork,Drop Out,Polygon Drop Out HG-014,99000,,,,,https://www.rodalink.com/id/drop-out-polygon-hg-014.html
Frame & Fork,Drop Out,Polygon Drop Out Impression AX,99000,,,,,https://www.rodalink.com/id/drop-out-polygon-impression-ax.html
Frame & Fork,Drop Out,"Polygon Drop Out Astroz, Xtrada",99000,,,,,https://www.rodalink.com/id/drop-out-polygon-astroz-xtrada.html
Frame & Fork,Drop Out,Polygon Drop Out For Heist (2011-2012),99000,,,,,https://www.rodalink.com/id/drop-out-polygon-for-heist-2011-2012.html
Frame & Fork,Drop Out,Polygon Drop Out Syncline / Collosus T Direct Attach,99000,,,,,https://www.rodalink.com/id/drop-out-polygon-syncline-collosus-t-direct-attach.html
Frame & Fork,Drop Out,"Polygon Drop Out Premier,Heist",99000,,,,,https://www.rodalink.com/id/drop-out-polygon-premier-heist.html
Frame & Fork,Drop Out,"Polygon Drop Out For Vintage, Heist",99000,,,,,https://www.rodalink.com/id/drop-out-polygon-for-vintage-heist.html
Frame & Fork,Drop Out,"Polygon Drop Out Xtrada 5,6,Cleo 5 (2016)",99000,,,,,https://www.rodalink.com/id/drop-out-polygon-xtrada-5-6-cleo-5-2016.html
Frame & Fork,Drop Out,"Polygon Drop Out Sage V3,Path E-5,Heist X2,Zeta",99000,,,,,https://www.rodalink.com/id/polygon-drop-out-sage-v3-path-e-5-heist-x2-zeta-733072.html
Frame & Fork,Drop Out,Polygon Drop Out Cozmic RX 29 Direct Attach,99000,,,,,https://www.rodalink.com/id/drop-out-cozmic-rx-29-direct-attach.html
Frame & Fork,Drop Out,Polygon Drop Out Urbano,99000,,,,,https://www.rodalink.com/id/drop-out-polygon-urbano.html
Frame & Fork,Drop Out,Polygon Drop Out Sepeda Helios F100-500 11,99000,,,,,https://www.rodalink.com/id/polygon-drop-out-sepeda-helios-f100-500-11-200642.html
Frame & Fork,Drop Out,Polygon Drop Out HG-01 Direct Mount,99000,,,,,https://www.rodalink.com/id/polygon-drop-out-hg-01-direct-mount-728308.html
Frame & Fork,Drop Out,Polygon Drop Out Cozmic RX 29 Direct Mount,99000,,,,,https://www.rodalink.com/id/drop-out-cozmic-rx-29-direct-mount.html
Frame & Fork,Drop Out,Polygon Drop Out Pave,99000,,,,,https://www.rodalink.com/id/drop-out-polygon-pave.html
Frame & Fork,Drop Out,"Polygon Drop Out Axion, Zero, Xinder",99000,,,,,https://www.rodalink.com/id/drop-out-polygon-axion-zero-xinder.html
Frame & Fork,Drop Out,Polygon Drop Out For Helios 100-300 (2011),99000,,,,,https://www.rodalink.com/id/drop-out-polygon-for-helios-100-300-2011.html
Frame & Fork,Drop Out,Polygon Drop Out Syncline / Collosus T Direct Mount,99000,,,,,https://www.rodalink.com/id/drop-out-polygon-syncline-collosus-t-direct-mount.html
Frame & Fork,Drop Out,Polygon Drop Out DM Collosus DH8/9,99000,,,,,https://www.rodalink.com/id/drop-out-polygon-dm-collosus-dh8-9.html
Frame & Fork,Drop Out,Polygon Drop Out Sepeda HG-009,99000,,,,,https://www.rodalink.com/id/drop-out-polygon-hg-009.html
Frame & Fork,Drop Out,Polygon Drop Out Xtrada/Siskiu 27.5/29 (Direct Mount),99000,,,,,https://www.rodalink.com/id/drop-out-polygon-xtrada-siskiu-27-5-29-direct-mount.html
Frame & Fork,Linkage,Polygon Linkage DH 2011,1548000,,,,,https://www.rodalink.com/id/linkage-polygon-dh-2011-39863.html
Frame & Fork,Linkage,Polygon Linkage FR 2011,1475000,,,,,https://www.rodalink.com/id/linkage-polygon-fr-2011-39905.html
Frame & Fork,Linkage,Polygon Lower Link Untuk Collosus N/T,898000,,,,,https://www.rodalink.com/id/lower-link-polygon-untuk-collosus-n-t.html
Frame & Fork,Linkage,Polygon Linkage SX/TX 2013 Set B,800000,,,,,https://www.rodalink.com/id/linkage-polygon-sx-tx-2013-set-b.html
Frame & Fork,Linkage,Polygon Linkage FR 2013 Set C,800000,,,,,https://www.rodalink.com/id/linkage-polygon-fr-2013-set-c.html
Frame & Fork,Linkage,Polygon Linkage DH 2012,650000,,,,,https://www.rodalink.com/id/linkage-polygon-dh-2012-39881.html
Frame & Fork,Linkage,Polygon Linkage AX/FR 2012,650000,,,,,https://www.rodalink.com/id/linkage-polygon-ax-fr-2012-39839.html
Frame & Fork,Linkage,Polygon Linkage SX/TX 2012,650000,,,,,https://www.rodalink.com/id/linkage-polygon-sx-tx-2012-39923.html
Frame & Fork,Linkage,Polygon Screw Kit for Collosus N/T,648000,,,,,https://www.rodalink.com/id/polygon-screw-kit-for-collosus-n-t.html
Frame & Fork,Linkage,Polygon Upper Link untuk Collosus N,528000,,,,,https://www.rodalink.com/id/upper-link-polygon-untuk-collosus-n.html
Frame & Fork,Linkage,Polygon Shock Clevis Kit Untuk Collosus N/T,478000,,,,,https://www.rodalink.com/id/shock-clevis-kit-polygon-untuk-collosus-n-t.html
Frame & Fork,Linkage,Polygon Bearing Kit Untuk Collosus N/T,378000,,,,,https://www.rodalink.com/id/bearing-kit-polygon-untuk-collosus-n-t.html
Frame & Fork,Linkage,Polygon Shock Clevis Kit (X) Untuk Collosus N/T,378000,,,,,https://www.rodalink.com/id/shock-clevis-kit-polygon-x-untuk-collosus-n-t.html
Frame & Fork,Linkage,Polygon RD Hanger Untuk Collosus N/T,298000,,,,,https://www.rodalink.com/id/rd-hanger-polygon-untuk-collosus-n-t.html
Frame & Fork,Linkage,Polygon Upper Linkage Kits for Siskiu D,298000,,,,,https://www.rodalink.com/id/polygon-upper-linkage-kits-for-siskiu-d.html
Frame & Fork,Linkage,Polygon Upper Linkage Kit for Siskiu D 2017,298000,,,,,https://www.rodalink.com/id/polygon-upper-linkage-kit-for-siskiu-d-2017.html
Frame & Fork,Linkage,Polygon Lower Pivot Kit Untuk Siskiu D 2017,128000,,,,,https://www.rodalink.com/id/polygon-lower-pivot-kit-untuk-siskiu-d-2017.html
Frame & Fork,Linkage,Polygon Lower Pivot Kits for Siskiu D,118000,,,,,https://www.rodalink.com/id/polygon-lower-pivot-kits-for-siskiu-d.html
Frame & Fork,Linkage,Polygon Rear Pivot Kits for Siskiu D,99000,,,,,https://www.rodalink.com/id/polygon-rear-pivot-kits-for-siskiu-d.html
Frame & Fork,Spare Part Frame Lain,Polygon Nostril Set For Xquarone,448000,,,,,https://www.rodalink.com/id/polygon-nostril-set-for-xquarone-727421.html
Frame & Fork,Spare Part Frame Lain,Polygon Konektor Folding With Lock,328000,,,,,https://www.rodalink.com/id/konektor-folding-polygon-with-lock.html
Frame & Fork,Spare Part Frame Lain,Entity ST45 Frame Sticker Protector,298000,,,,,https://www.rodalink.com/id/entity-st45-frame-sticker-protector-735273.html
Frame & Fork,Spare Part Frame Lain,RockShox Bottomless Tokens 35 mm,228000,,,,,https://www.rodalink.com/id/rockshox-bottomless-tokens-35-mm-726422.html
Frame & Fork,Spare Part Frame Lain,Polygon Chain Cover Sepeda Sierra,29000,,,,,https://www.rodalink.com/id/polygon-chain-cover-sepeda-sierra.html
Frame & Fork,Spare Part Frame Lain,Rodalink Cover Crank Arm Sepeda,10000,,,,,https://www.rodalink.com/id/rodalink-cover-crank-arm-sepeda-pa01631.html
Spare Part,Bar Tape,Brooks Bar Tape Sepeda Leather,998000,,,,,https://www.rodalink.com/id/bar-tape-brooks-leather-32381.html
Spare Part,Bar Tape,Brooks Bar Tape Sepeda Natural Leather,998000,,,,,https://www.rodalink.com/id/brooks-bar-tape-sepeda-natural-leather-739906.html
Spare Part,Bar Tape,Brooks Bar Tape Sepeda Regenerated Leather,998000,,,,,https://www.rodalink.com/id/brooks-bar-tape-sepeda-regenerated-leather-739990001.html
Spare Part,Bar Tape,Brooks Bar Tape Sepeda Cotton Cork Natural,998000,,,,,https://www.rodalink.com/id/brooks-bar-tape-sepeda-cotton-cork-natural-739998001.html
Spare Part,Bar Tape,Brooks Bar Tape Sepeda Cambium Rubber All Weather,698000,,,,,https://www.rodalink.com/id/brooks-bar-tape-sepeda-cambium-rubber-all-weather-pa00892.html
Spare Part,Bar Tape,Brooks Bar Tape Sepeda Microfibre 3 mm,598000,,,,,https://www.rodalink.com/id/brooks-bar-tape-sepeda-microfibre-3-mm-735553.html
Spare Part,Bar Tape,Pro Bar Tape Sepeda Gravel Comfort,498000,,,,,https://www.rodalink.com/id/pro-bar-tape-sepeda-gravel-comfort-731887001.html
Spare Part,Bar Tape,Pro Bar Tape Sepeda Race Comfort Silicone,498000,,,,,https://www.rodalink.com/id/pro-bar-tape-sepeda-race-comfort-silicone-735385.html
Spare Part,Bar Tape,Pro Bar Tape Sepeda Sport CTR Team LTD Aurora,428000,,,,,https://www.rodalink.com/id/pro-bar-tape-sepeda-sport-ctr-team-ltd-aurora-731739001.html
Spare Part,Bar Tape,Ritchey Bar Tape Sepeda Classic Leather V2,348000,,,,,https://www.rodalink.com/id/ritchey-bar-tape-sepeda-classic-leather-v2-733726.html
Spare Part,Bar Tape,Pro Bar Tape Sepeda Sport Control Team Debossed,348000,,,,,https://www.rodalink.com/id/pro-bar-tape-sepeda-sport-control-team-debossed-735083001.html
Spare Part,Bar Tape,Pro Bar Tape Sepeda Race Control,298000,,,,,https://www.rodalink.com/id/pro-bar-tape-sepeda-race-control-733925001.html
Spare Part,Bar Tape,Pro Bar Tape Sepeda Sport Control,278000,,,,,https://www.rodalink.com/id/pro-bar-tape-sepeda-sport-control-705317.html
Spare Part,Bar Tape,Ritchey Bar Tape Sepeda WCS Gazos,498000,249000,,,,https://www.rodalink.com/id/ritchey-bar-tape-sepeda-wcs-gazos-735848.html
Spare Part,Bar Tape,Cycliste Bar Tape Sepeda Silicagel Aurora Rainbow,228000,,,,,https://www.rodalink.com/id/cycliste-bar-tape-sepeda-silicagel-aurora-rainbow-741031001.html
Spare Part,Bar Tape,Cycliste Bar Tape Sepeda Silicagel Aurora,228000,,,,,https://www.rodalink.com/id/cycliste-bar-tape-sepeda-silicagel-aurora-741030.html
Spare Part,Bar Tape,Cycliste Bar Tape Sepeda Silicagel Pro Aurora Rainbow,228000,,,,,https://www.rodalink.com/id/cycliste-bar-tape-sepeda-silicagel-pro-aurora-rainbow-741032001.html
Spare Part,Bar Tape,Cycliste Bar Tape Sepeda BTUV-01 Silicone,228000,,,,,https://www.rodalink.com/id/cycliste-bar-tape-sepeda-btuv-01-silicone-741792001.html
Spare Part,Bar Tape,Pro Bar Tape Sepeda Classic Comfort,198000,,,,,https://www.rodalink.com/id/pro-bar-tape-sepeda-classic-comfort-741202.html
Spare Part,Bar Tape,Ritchey Bar Tape Sepeda Comp Eva,178000,,,,,https://www.rodalink.com/id/ritchey-bar-tape-sepeda-comp-eva-735847.html
Spare Part,Bar Tape,Ritchey Bar Tape Sepeda Comp Cork,228000,159600,,,,https://www.rodalink.com/id/bar-tape-ritchey-pro-logic-cork-32711.html
Spare Part,Bar Tape,Cycliste Bar Tape Sepeda BTR-02 Reflective,148000,,,,,https://www.rodalink.com/id/cycliste-bar-tape-sepeda-btr-02-reflective-741354001.html
Spare Part,Bar Tape,Cycliste Bar Tape Sepeda BTR-03 Reflective,148000,,,,,https://www.rodalink.com/id/cycliste-bar-tape-sepeda-btr-03-reflective-741791001.html
Spare Part,Bar Tape,Cycliste Bar Tape Sepeda BTR-01 Reflective,148000,,,,,https://www.rodalink.com/id/cycliste-bar-tape-sepeda-btr-01-reflective-741353001.html
Spare Part,Bar Tape,Ritchey Bar Tape Sepeda WCS Pave,278000,139000,,,,https://www.rodalink.com/id/ritchey-bar-tape-sepeda-wcs-pave-735275.html
Spare Part,Bar Tape,Cycliste Bar Tape Sepeda Eva 3 Holes,138000,,,,,https://www.rodalink.com/id/cycliste-bar-tape-sepeda-eva-3-holes-738211.html
Spare Part,Bar Tape,Cycliste Bar Tape Sepeda Eva Dual Color Triangle,138000,,,,,https://www.rodalink.com/id/cycliste-bar-tape-sepeda-eva-dual-color-triangle-738210.html
Spare Part,Bar Tape,Cycliste Bar Tape PU + EVA Break Point 2,138000,,,,,https://www.rodalink.com/id/cycliste-bar-tape-pu-eva-break-point-2-737234.html
Spare Part,Bar Tape,Cycliste Bar Tape PU + EVA Dual Color Line,138000,,,,,https://www.rodalink.com/id/cycliste-bar-tape-pu-eva-dual-color-line-737231.html
Spare Part,Bar Tape,Cycliste Bar Tape PU + EVA Break Point,118000,,,,,https://www.rodalink.com/id/cycliste-bar-tape-pu-eva-break-point-737233.html
Spare Part,Bar Tape,Rodalink Bar Tape Sepeda Bike Ribbon BTGR,148000,74000,,,,https://www.rodalink.com/id/rodalink-bar-tape-sepeda-bike-ribbon-btgr-732787001.html
Spare Part,Handle Grip,Brooks Handle Grip Sepeda Slender Leather 130 mm,928000,,,,,https://www.rodalink.com/id/handle-grip-brooks-slender-leather-130-130mm-35021.html
Spare Part,Handle Grip,Brooks Handle Grip Sepeda Cambium Comfort 130 mm,498000,,,,,https://www.rodalink.com/id/brooks-handle-grip-sepeda-cambium-comfort-130-mm-725579.html
Spare Part,Handle Grip,Brooks Handle Grip Sepeda Cambium Comfort 100 mm,498000,,,,,https://www.rodalink.com/id/brooks-cambium-comfort-100-mm-bike-handle-grip-725577.html
Spare Part,Handle Grip,Ritchey Handle Grip Sepeda WCS Ergo Locking Truegrip,398000,318400,,,,https://www.rodalink.com/id/handle-grip-ritchey-wcs-ergo-locking-130mm.html
Spare Part,Handle Grip,Ritchey Handle Grip Sepeda WCS Locking Truegrip X,398000,318400,,,,https://www.rodalink.com/id/handle-grip-ritchey-wcs-truegrip-x-locking-handle-grip-35201.html
Spare Part,Handle Grip,WTB Handle Grip Sepeda Tech Trail Clamp 135 mm,258000,,,,,https://www.rodalink.com/id/wtb-handle-grip-sepeda-tech-trail-clamp-135-mm-732809001.html
Spare Part,Handle Grip,Pro Handle Grip Sepeda Lock On Sport 132.5 mm,328000,196800,,,,https://www.rodalink.com/id/pro-handle-grip-sepeda-lock-on-sport-132-5-mm-731669001.html
Spare Part,Handle Grip,Pro Handle Grip Sepeda Foam Lock 132 mm,328000,196800,,,,https://www.rodalink.com/id/pro-handle-grip-sepeda-foam-lock-132-mm-720717001.html
Spare Part,Handle Grip,Pro Handle Grip Sepeda Dual Lock Sport 132.3 mm,378000,189000,,,,https://www.rodalink.com/id/pro-handle-grip-sepeda-dual-lock-sport-132-3-mm-733833001.html
Spare Part,Handle Grip,Ritchey Handle Grip Sepeda WCS Ergo Truegrip,178000,142400,,,,https://www.rodalink.com/id/handle-grip-ritchey-wcs-ergo-130mm.html
Spare Part,Handle Grip,Cycliste Handle Grip Sepeda HGC-005 Comfort,99000,,,,,https://www.rodalink.com/id/cycliste-handle-grip-sepeda-hgc-005-comfort-737089.html
Spare Part,Handle Grip,Polygon Handle Grip Sepeda HGP-001 Sport,69000,,,,,https://www.rodalink.com/id/polygon-handle-grip-sepeda-hgp-001-sport-737129.html
Spare Part,Handle Grip,Polygon Handle Grip Sepeda HGP-005 Comfort,59000,,,,,https://www.rodalink.com/id/polygon-handle-grip-sepeda-hgp-005-comfort-737128.html
Spare Part,Handle Grip,Cycliste Handle Grip Sepeda HGC-004 Comfort,54000,,,,,https://www.rodalink.com/id/cycliste-handle-grip-sepeda-hgc-004-comfort-737087.html
Spare Part,Handle Grip,Cycliste Handle Grip Sepeda HGC-002 Sport,54000,,,,,https://www.rodalink.com/id/cycliste-handle-grip-sepeda-hgc-002-sport-737088.html
Spare Part,Handle Grip,Cycliste Handle Grip Sepeda HGC-001 Sport,54000,,,,,https://www.rodalink.com/id/cycliste-handle-grip-sepeda-hgc-001-sport-737090.html
Spare Part,Handle Grip,Cycliste Handle Grip Sepeda TPE 130 mm,39000,,,,,https://www.rodalink.com/id/cycliste-handle-grip-sepeda-tpe-130-mm-741967001.html
Spare Part,Handle Grip,Polygon Handle Grip Sepeda KR 125/92 mm,29000,,,,,https://www.rodalink.com/id/handle-grip-polygon-kr-s-l.html
Spare Part,Handle Grip,Polygon Handle Grip Sepeda KR 03 86 mm,29000,,,,,https://www.rodalink.com/id/handle-grip-polygon-kr-s-s-03.html
Spare Part,Handle Grip,Polygon Handle Grip Sepeda 07,49000,24500,,,,https://www.rodalink.com/id/handle-grip-polygon-l-l-07.html
Spare Part,Handle Stem,Pro Handle Stem Sepeda Vibe Carbon +/- 8 Deg,4698000,2349000,,,,https://www.rodalink.com/id/pro-handle-stem-sepeda-vibe-carbon-8-deg-pa01322.html
Spare Part,Handle Stem,Pro Handle Stem Sepeda Vibe Aero 31.8 mm -17 Deg,2098000,,,,,https://www.rodalink.com/id/pro-handle-stem-sepeda-vibe-aero-31-8-mm-17-deg-pa01846.html
Spare Part,Handle Stem,Ritchey Handle Stem Sepeda WCS Matrix C220 Carbon,2148000,1718400,,,,https://www.rodalink.com/id/handle-stem-ritchey-wcs-c220-matrix-carbon-31-8mm-35669.html
Spare Part,Handle Stem,Pro Handle Stem Sepeda Vibe 31.8 mm -10 Deg,1798000,1258600,,,,https://www.rodalink.com/id/pro-handle-stem-sepeda-vibe-318-mm-10-deg-pa01707.html
Spare Part,Handle Stem,Ritchey Handle Stem Sepeda Classic,1098000,,,,,https://www.rodalink.com/id/handle-stem-ritchey-classic-31-8mm-35441.html
Spare Part,Handle Stem,Pro Handle Stem Sepeda Koryak 3Five,898000,,,,,https://www.rodalink.com/id/pro-handle-stem-sepeda-koryak-3five-pa01845.html
Spare Part,Handle Stem,Ritchey Handle Stem Sepeda Comp 4 Axis 1-1/4,648000,,,,,https://www.rodalink.com/id/ritchey-handle-stem-sepeda-comp-4-axis-1-14-pa01449.html
Spare Part,Handle Stem,Ritchey Handle Stem Sepeda Comp 4 Axis-44,598000,,,,,https://www.rodalink.com/id/ritchey-handle-stem-sepeda-4-axis-44-pa01237.html
Spare Part,Handle Stem,Pro Handle Stem Sepeda Gravel Discover,1148000,574000,,,,https://www.rodalink.com/id/pro-handle-stem-sepeda-gravel-discover-pa01319.html
Spare Part,Handle Stem,Spank Handle Stem Sepeda Split 35 mm,998000,499000,,,,https://www.rodalink.com/id/spank-handle-stem-sepeda-split-35-mm-pa01006.html
Spare Part,Handle Stem,Spank Handle Stem Sepeda Split 31.8 mm,998000,499000,,,,https://www.rodalink.com/id/spank-handle-stem-sepeda-split-31-8-mm-pa01035.html
Spare Part,Handle Stem,Pro Handle Stem Sepeda Koryak,848000,424000,,,,https://www.rodalink.com/id/pro-handle-stem-sepeda-koryak-pa01320.html
Spare Part,Handle Stem,Ritchey Handle Stem Sepeda 4 Axis,398000,,,,,https://www.rodalink.com/id/ritchey-handle-stem-sepeda-4-axis-pa01274.html
Spare Part,Handle Stem,Pro Spacer Set Sepeda Vibe Evo 1 1/4,498000,348600,,,,https://www.rodalink.com/id/pro-spacer-set-sepeda-vibe-evo-1-1-4-736111.html
Spare Part,Handle Stem,Spank Handle Stem Sepeda Spoon 318,598000,299000,,,,https://www.rodalink.com/id/spank-handle-stem-sepeda-spoon-318-pa01347.html
Spare Part,Handle Stem,Spank Handle Stem Sepeda Spike Race 2,598000,299000,,,,https://www.rodalink.com/id/spank-handle-stem-sepeda-spike-race-2-pa01343.html
Spare Part,Handle Stem,Spank Handle Stem Sepeda Spoon 2,478000,239000,,,,https://www.rodalink.com/id/spank-handle-stem-sepeda-spoon-2-pa01346.html
Spare Part,Handle Stem,Cycliste Handle Stem Sepeda HSC02 31.8 mm,148000,,,,,https://www.rodalink.com/id/cycliste-handle-stem-sepeda-hsc02-31-8-mm-pa01848.html
Spare Part,Handle Stem,Tern Handle Stem Sepeda Syntace VRO 47,478000,143400,,,,https://www.rodalink.com/id/handle-stem-tern-syntace-vro-47-for-folding-35789.html
Spare Part,Handle Stem,Polygon Handle Stem Sepeda Alloy Sport,95000,47500,,,,https://www.rodalink.com/id/handle-stem-polygon-alloy-sport-25-4-x-90mm.html
Spare Part,Handlebar,Ritchey Handlebar Sepeda Road WCS Evo Curve Carbon,3698000,2958400,,,,https://www.rodalink.com/id/ritchey-handlebar-sepeda-road-wcs-evo-curve-carbon-pa01324.html
Spare Part,Handlebar,Ritchey Handlebar Sepeda Road WCS Venturemax Carbon,3698000,2958400,,,,https://www.rodalink.com/id/ritchey-handlebar-sepeda-road-wcs-venturemax-carbon-pa01325.html
Spare Part,Handlebar,Pro Handlebar Sepeda Road Vibe Carbon Compact,4898000,2449000,,,,https://www.rodalink.com/id/pro-handlebar-sepeda-road-vibe-carbon-compact-pa01344.html
Spare Part,Handlebar,Pro Handlebar Sepeda Road Vibe Aero Superlight Comp,4898000,2449000,,,,https://www.rodalink.com/id/pro-handlebar-sepeda-vibe-aero-superlight-comp-pa01184.html
Spare Part,Handlebar,Pro Handlebar Sepeda Road Vibe Superlight Comp,4498000,2249000,,,,https://www.rodalink.com/id/pro-handlebar-sepeda-vibe-superlight-comp-pa01185.html
Spare Part,Handlebar,Ritchey Handlebar Sepeda WCS Trail Rizer Carbon,2398000,1918400,,,,https://www.rodalink.com/id/ritchey-handlebar-sepeda-wcs-trail-rizer-carbon-731580.html
Spare Part,Handlebar,Ritchey Handlebar Sepeda MTB WCS 2X Carbon,2198000,1758400,,,,https://www.rodalink.com/id/ritchey-handlebar-sepeda-mtb-wcs-2x-carbon-731579.html
Spare Part,Handlebar,Ritchey Handlebar Sepeda MTB WCS Rizer Carbon,2298000,1149000,,,,https://www.rodalink.com/id/ritchey-handlebar-sepeda-mtb-wcs-rizer-carbon.html
Spare Part,Handlebar,Ritchey Handlebar Sepeda Road WCS Evo Curve,1198000,958400,,,,https://www.rodalink.com/id/ritchey-handlebar-sepeda-road-wcs-evo-curve-pa01194.html
Spare Part,Handlebar,Pro Handlebar Sepeda Koryak 3Five 35 mm,848000,,,,,https://www.rodalink.com/id/pro-handlebar-sepeda-koryak-3five-35-mm-740817.html
Spare Part,Handlebar,Ritchey Handlebar Sepeda Comp Butano Internal Routing,798000,,,,,https://www.rodalink.com/id/ritchey-handlebar-sepeda-comp-butano-internal-routing-pa01621.html
Spare Part,Handlebar,Ritchey Handlebar Sepeda WCS Trail Rizer,928000,742400,,,,https://www.rodalink.com/id/ritchey-handlebar-sepeda-wcs-trail-rizer-pa01193.html
Spare Part,Handlebar,Ritchey Handlebar Sepeda Road Classic Evocurve,698000,,,,,https://www.rodalink.com/id/ritchey-handlebar-sepeda-road-classic-evocurve-pa01190.html
Spare Part,Handlebar,Spank Handlebar Sepeda Spike 35 Vibrocore,1298000,649000,,,,https://www.rodalink.com/id/spank-handlebar-sepeda-spike-35-vibrocore-pa00886.html
Spare Part,Handlebar,Spank Handlebar Sepeda Spike 800 Vibrocore,1148000,574000,,,,https://www.rodalink.com/id/spank-handlebar-sepeda-spike-800-vibrocore-pa00885.html
Spare Part,Handlebar,Ritchey Handlebar Sepeda MTB Comp Kyote,548000,,,,,https://www.rodalink.com/id/ritchey-handlebar-sepeda-mtb-comp-kyote-730757.html
Spare Part,Handlebar,Pro Handlebar Sepeda MTB KYK DI2 Riser,898000,538800,,,,https://www.rodalink.com/id/pro-handlebar-sepeda-mtb-kyk-di2-riser.html
Spare Part,Handlebar,Ritchey Handlebar Sepeda Road Comp Curve,528000,,,,,https://www.rodalink.com/id/ritchey-handlebar-sepeda-road-comp-curve-pa01198.html
Spare Part,Handlebar,Ritchey Handlebar Sepeda RL1 Venturemax,498000,,,,,https://www.rodalink.com/id/ritchey-handlebar-sepeda-rl1-venturemax-pa01505.html
Spare Part,Handlebar,Ritchey Handlebar Sepeda MTB Comp Flat 2X,498000,,,,,https://www.rodalink.com/id/ritchey-handlebar-sepeda-mtb-comp-flat-2x-pa01622.html
Spare Part,Handlebar,Ritchey Handlebar Sepeda MTB Trail Rizer,498000,,,,,https://www.rodalink.com/id/ritchey-handlebar-sepeda-mtb-trail-rizer-728971.html
Spare Part,Handlebar,Ritchey Handlebar Sepeda MTB Comp Rizer,498000,,,,,https://www.rodalink.com/id/ritchey-handlebar-sepeda-mtb-comp-rizer-pa01196.html
Spare Part,Handlebar,Pro Handlebar Sepeda MTB Koryak,798000,478800,,,,https://www.rodalink.com/id/pro-handlebar-sepeda-mtb-koryak-731664.html
Spare Part,Handlebar,Spank Handlebar Sepeda 800 Race,898000,449000,,,,https://www.rodalink.com/id/spank-handlebar-sepeda-800-race.html
Spare Part,Handlebar,Spank Handlebar Sepeda Spoon 35,798000,399000,,,,https://www.rodalink.com/id/spank-handlebar-sepeda-spoon-35-handlebar-pa01355.html
Spare Part,Handlebar,Ritchey Handlebar Sepeda Road Baquiano,398000,,,,,https://www.rodalink.com/id/ritchey-handlebar-sepeda-road-baquiano-pa01203.html
Spare Part,Handlebar,Ritchey Handlebar Sepeda MTB Rizer,398000,,,,,https://www.rodalink.com/id/ritchey-handlebar-sepeda-mtb-rizer-732336.html
Spare Part,Handlebar,Ritchey Handlebar Sepeda Road Logic Curve,398000,,,,,https://www.rodalink.com/id/ritchey-handlebar-sepeda-road-logic-curve-pa01204.html
Spare Part,Handlebar,Spank Handlebar Sepeda Spoon,428000,214000,,,,https://www.rodalink.com/id/spank-handlebar-sepeda-spoon-pa01327.html
Spare Part,Handlebar,Ritchey Handlebar Sepeda MTB Logic Flat,278000,,,,,https://www.rodalink.com/id/ritchey-handlebar-sepeda-mtb-logic-flat-732335.html
Spare Part,Handlebar,Rodalink Handlebar Sepeda Road 31.8 mm,298000,149000,,,,https://www.rodalink.com/id/rodalink-road-31-8-mm-handlebar-737268.html
Spare Part,Handlebar,Rodalink Handlebar Sepeda Aero F20 Road,298000,149000,,,,https://www.rodalink.com/id/rodalink-handlebar-sepeda-aero-f20-road-737804.html
Spare Part,Handlebar,Cycliste Handlebar Sepeda 31.8 mm,148000,,,,,https://www.rodalink.com/id/cycliste-handlebar-sepeda-31-8-mm-pa01849.html
Spare Part,Handlebar,Entity Handlebar Sepeda Road Expert Y21 R80 D124,398000,119400,,,,https://www.rodalink.com/id/entity-handlebar-sepeda-road-expert-y21-r80-d124-pa01459.html
Spare Part,Handlebar,Entity Handlebar Sepeda Road Expert Y22 R77 D124,398000,119400,,,,https://www.rodalink.com/id/entity-handlebar-sepeda-road-expert-y22-r77-d124-pa01456.html
Spare Part,Headset,Polygon Headset Bearing Sepeda Drop In 52/52 mm With CAP & ICR,328000,,,,,https://www.rodalink.com/id/polygon-headset-bearing-sepeda-drop-in-52-52-mm-with-cap-icr-737198.html
Spare Part,Headset,Polygon Headset Sepeda Press Fit ZS44/56 mm,298000,,,,,https://www.rodalink.com/id/polygon-headset-sepeda-press-fit-zs44-56-mm-735330.html
Spare Part,Headset,Polygon Headset Sepeda Drop In IS42/52 mm,248000,,,,,https://www.rodalink.com/id/polygon-headset-sepeda-drop-in-is42-52-mm-735332.html
Spare Part,Headset,Polygon Headset Sepeda Threadless EC34/34 mm,228000,,,,,https://www.rodalink.com/id/polygon-headset-sepeda-threadless-ec34-34-mm-735333.html
Spare Part,Headset,Polygon Headset Sepeda Press Fit ZS44/44 mm,228000,,,,,https://www.rodalink.com/id/polygon-headset-sepeda-press-fit-zs44-44-mm-735331.html
Spare Part,Headset,Ritchey Spacer Washer Sepeda WCS Carbon 10 mm,118000,,,,,https://www.rodalink.com/id/ritchey-wcs-carbon-10-mm-spacer-washer.html
Spare Part,Headset,Polygon Head Cap Sepeda for Fork Carbon,94000,,,,,https://www.rodalink.com/id/polygon-head-cap-sepeda-for-fork-carbon-735388.html
Spare Part,Headset,Ritchey Headset Sepeda Comp Cartridge Press Fit ZS49/55 Lower,278000,83400,,,,https://www.rodalink.com/id/ritchey-comp-cartridge-press-fit-zs49-55-lower-headset.html
Spare Part,Headset,Ritchey Headset Sepeda Comp Cartridge Press Fit ZS44 12.4 Upper,248000,74400,,,,https://www.rodalink.com/id/ritchey-comp-cartridge-press-fit-zs44-12-4-upper-headset.html
Spare Part,Headset,Polygon Headset Sepeda Threaded 25.4/34 mm,64000,,,,,https://www.rodalink.com/id/polygon-headset-sepeda-threaded-25-4-34-mm-735334.html
Spare Part,Headset,Polygon Spacer Washer Sepeda,34000,,,,,https://www.rodalink.com/id/polygon-spacer-washer-sepeda-735389.html
Spare Part,Headset,Polygon Head Cap Sepeda Flat,22000,,,,,https://www.rodalink.com/id/polygon-head-cap-sepeda-flat-735387.html
Spare Part,Headset,FSA Top Cap Sepeda TH-375-1 Star Nut Set,19000,14000,,,,https://www.rodalink.com/id/fsa-top-cap-sepeda-th-375-1-star-nut-set-702575.html
Spare Part,Rear Shock,Rock Shox Rear Shock Mounting Hardware 1/2X1/2 22.2X8MM 3Pcs (1 Set),148000,50000,,,,https://www.rodalink.com/id/rear-shock-mounting-hardware-rock-shox-1-2x1-2-22-2x8mm-3pcs-1-set.html
Spare Part,Bottom Bracket,Cema Bottom Bracket Sepeda BB86/92x24 Interlock to Shimano Press-Fit,2498000,,,,,https://www.rodalink.com/id/cema-bottom-bracket-sepeda-bb86-92x24-interlock-to-shimano-press-fit-740230.html
Spare Part,Bottom Bracket,Shimano Bottom Bracket Sepeda XTR ISM-BB93 BSA,598000,,,,,https://www.rodalink.com/id/shimano-bottom-bracket-sepeda-xtr-bb93-bsa-714738.html
Spare Part,Bottom Bracket,Shimano Bottom Bracket Sepeda Dura-Ace ISM-BB92 Press-Fit,498000,,,,,https://www.rodalink.com/id/shimano-dura-ace-bb92-press-fit-bottom-bracket-726731.html
Spare Part,Bottom Bracket,Shimano Bottom Bracket Sepeda Dura-Ace IBB-R9100 BSA,428000,,,,,https://www.rodalink.com/id/shimano-bottom-bracket-sepeda-dura-ace-ibb-r9100-bsa-724805.html
Spare Part,Bottom Bracket,Shimano Bottom Bracket Sepeda Ultegra SM-BB72 Press-Fit,328000,,,,,https://www.rodalink.com/id/shimano-ultegra-bb72-press-fit-bottom-bracket.html
Spare Part,Bottom Bracket,Shimano Bottom Bracket Sepeda Deore XT IBB-MT800 Press-Fit,298000,,,,,https://www.rodalink.com/id/shimano-bottom-bracket-sepeda-deore-xt-mt800-press-fit-725682.html
Spare Part,Bottom Bracket,Shimano Bottom Bracket Sepeda Ultegra ISM-BBR60 BSA,278000,,,,,https://www.rodalink.com/id/shimano-bottom-bracket-sepeda-ultegra-sm-bbr60-bsa-714676.html
Spare Part,Bottom Bracket,Shimano Bottom Bracket Sepeda Ultegra R60 ITA,278000,,,,,https://www.rodalink.com/id/shimano-bottom-bracket-sepeda-ultegra-r60-ita-714677.html
Spare Part,Bottom Bracket,Shimano Bottom Bracket Sepeda EBB-RS501-B BSA,208000,,,,,https://www.rodalink.com/id/shimano-bottom-bracket-sepeda-ebb-rs501-b-bsa-736891.html
Spare Part,Bottom Bracket,Shimano Bottom Bracket Sepeda Tourney EBB-UN300 Square,168000,,,,,https://www.rodalink.com/id/shimano-bottom-bracket-sepeda-tourney-ebb-un300-square-pa01840.html
Spare Part,Bottom Bracket,Polygon Bottom Bracket Sepeda FP-B902W Square,84000,,,,,https://www.rodalink.com/id/polygon-bottom-bracket-sepeda-fp-b902w-square-pa01839.html
Spare Part,Bottom Bracket,Polygon Bottom Bracket Cup Sepeda CH-63-2,19000,9500,,,,https://www.rodalink.com/id/bottom-bracket-cup-polygon-ch-63-2.html
Spare Part,Chainring,Shimano Chainring Sepeda Deore XT ISM-CRM85 FC-M8100 12 Speed,598000,478400,,,,https://www.rodalink.com/id/shimano-chainring-sepeda-deore-xt-ism-crm85-fc-m8100-12-speed-pa01394.html
Spare Part,Chainring,Polygon Chainring Sepeda Gates,950000,475000,,,,https://www.rodalink.com/id/chainring-gates-polygon-55t-130mm.html
Spare Part,Chainring,Shimano Chainring Sepeda Dura-Ace FC-R9200,398000,,,,,https://www.rodalink.com/id/shimano-dura-ace-fc-r9200-chainring-pa01620.html
Spare Part,Chainring,Shimano Chainring Sepeda SLX M7100 12 Speed,348000,208800,,,,https://www.rodalink.com/id/shimano-chainring-sepeda-slx-m7100-12-speed-pa01218.html
Spare Part,Chainring,Shimano Ultegra FC-R8100 12 Speed Chainring,198000,,,,,https://www.rodalink.com/id/shimano-chainring-sepeda-ultegra-fc-r8100-12-speed-pa01689.html
Spare Part,Chainring,Shimano Chainring Sepeda Deore XT FC-M8000 28T for 38-28T,248000,99200,,,,https://www.rodalink.com/id/shimano-chainring-sepeda-deore-xt-m8000-28t-for-38-28t.html
Spare Part,Chainring,Polygon Chainring Sepeda BMX,175000,87500,,,,https://www.rodalink.com/id/chainring-polygon-bmx-6mm.html
Spare Part,Rantai,Shimano Rantai Sepeda XTR ICN-M9100 12 Speed QuickLink,698000,,,,,https://www.rodalink.com/id/shimano-rantai-sepeda-xtr-icn-m9100-12-speed-quicklink-pa01594.html
Spare Part,Rantai,Shimano Rantai Sepeda Deore XT ICN-M8100 12 Speed,448000,,,,,https://www.rodalink.com/id/shimano-rantai-sepeda-deore-xt-icn-m8100-12-speed-pa01440.html
Spare Part,Rantai,Shimano Rantai Sepeda SLX ICN-M7100 12 Speed,398000,,,,,https://www.rodalink.com/id/shimano-rantai-sepeda-slx-icn-m7100-12-speed-pa01599.html
Spare Part,Rantai,Shimano Rantai Sepeda Deore ICN-M6100 12 Speed,278000,,,,,https://www.rodalink.com/id/shimano-rantai-sepeda-deore-cn-m6100-12-speed.html
Spare Part,Rantai,Polygon Rantai Sepeda 10 Speed,228000,,,,,https://www.rodalink.com/id/polygon-10-speed-chain-725939.html
Spare Part,Rantai,Polygon Rantai Sepeda 9 Speed,188000,,,,,https://www.rodalink.com/id/polygon-9-speed-chain-200978.html
Spare Part,Rantai,Polygon Rantai Sepeda 6-8 Speed,89000,,,,,https://www.rodalink.com/id/polygon-rantai-sepeda-6-8-speed-pa01838.html
Spare Part,Rantai,Shimano Quick Link Chain Sepeda for Dura-Ace ISM-CN900 11 Speed,62000,,,,,https://www.rodalink.com/id/shimano-quick-link-rantai-sepeda-for-dura-ace-sm-cn900-11-speed-730085001.html
Spare Part,Rantai,Shimano Quick-Link Connector ISM-CN910 12 Speed,62000,,,,,https://www.rodalink.com/id/shimano-quick-link-connector-ism-cn910-12-speed-731651001.html
Spare Part,Rantai,Shimano Chain Connecting Pin Sepeda for 7900 10 Speed,49000,30000,,,,https://www.rodalink.com/id/shimano-chain-pin-for-chain-7900.html
Spare Part,Rantai,Polygon Rantai Sepeda Single Speed,29000,,,,,https://www.rodalink.com/id/polygon-rantai-sepeda-single-speed.html
Spare Part,Rantai,Shimano Chain Connecting Pin Sepeda CN-9000 HG-EV Y0AH98010 11 Speed,22000,12000,,,,https://www.rodalink.com/id/shimano-chain-connector-pin-sepeda-9000-hg-ev-714839.html
Spare Part,Rantai,Shimano Chain Connecting Pin Sepeda for 7900 7801 6600 5600 10 Speed,12000,5000,,,,https://www.rodalink.com/id/shimano-chain-pin-cn7900-7801-6600-5600.html
Spare Part,Rantai,Shimano Chain Connecting Pin Sepeda CN-M732 Y04598020 6-8 Speed,9000,5000,,,,https://www.rodalink.com/id/shimano-chain-pin-cn-m732.html
Spare Part,Crank,Shimano Crankset Sepeda Dura-Ace IFC-R9200-P Power Meter 2x12 Speed,16480000,,,,,https://www.rodalink.com/id/shimano-crankset-sepeda-dura-ace-ifc-r9200-p-power-meter-2x12-speed-pa01611.html
Spare Part,Crank,Shimano Crank Arm Sepeda Dura-Ace IFC-R9200-P Power Meter 12 Speed,14480000,,,,,https://www.rodalink.com/id/shimano-crank-arm-sepeda-dura-ace-ifc-r9200-p-power-meter-2x12-speed-pa01612.html
Spare Part,Crank,Shimano Crankset Sepeda Ultegra IFC-R8100-P Power Meter 2x12 Speed,13480000,,,,,https://www.rodalink.com/id/shimano-crankset-sepeda-ultegra-ifc-r8100-p-power-meter-2x12-speed-pa01613.html
Spare Part,Crank,Shimano Ultegra IFC-R8100-PC Power Meter 2x12 Speed Crankset,13480000,,,,,https://www.rodalink.com/id/shimano-crankset-sepeda-ultegra-ifc-r8100-pc-power-meter-2x12-speed-pa01687.html
Spare Part,Crank,Shimano Ultegra IFC-R8100-PD Power Meter 2x12 Speed Crankset,13480000,,,,,https://www.rodalink.com/id/shimano-crankset-sepeda-ultegra-ifc-r8100-pd-power-meter-2x12-speed-pa01688.html
Spare Part,Crank,Shimano Ultegra IFC-R8100-PB Power Meter 12 Speed Crank Arm,12480000,,,,,https://www.rodalink.com/id/shimano-crank-arm-sepeda-ultegra-ifc-r8100-pb-power-meter-12-speed-pa01686.html
Spare Part,Crank,Shimano Crank Arm Sepeda Ultegra IFC-R8100-PA Power Meter 12 Speed,12480000,,,,,https://www.rodalink.com/id/shimano-crank-arm-sepeda-ultegra-ifc-r8100-pa-power-meter-2x12-speed-pa01694.html
Spare Part,Crank,Shimano Crank Arm Sepeda Ultegra IFC-R8100-PF Power Meter 12 Speed,12480000,,,,,https://www.rodalink.com/id/shimano-crank-arm-sepeda-ultegra-ifc-r8100-p-power-meter-2x12-speed-pa01614.html
Spare Part,Crank,Shimano Crankset Sepeda Dura-Ace IFC-R9200 12 Speed,7998000,,,,,https://www.rodalink.com/id/shimano-crankset-sepeda-dura-ace-fc-r9200-12-speed-pa01225.html
Spare Part,Crank,Shimano Crankset Sepeda Ultegra IFC-R8100 2x12 Speed,4148000,,,,,https://www.rodalink.com/id/shimano-ultegra-fc-r8100-12-speed-crankset-pa01286.html
Spare Part,Crank,Shimano Crankset Sepeda Dura-Ace IFC-R9100 11 Speed,5898000,4128600,,,,https://www.rodalink.com/id/shimano-crankset-sepeda-dura-ace-fc-r9100-11-speed-pa01154.html
Spare Part,Crank,Shimano Crankset Sepeda GRX IFC-RX820 1x12 Speed,2648000,,,,,https://www.rodalink.com/id/shimano-grx-ifc-rx820-1x12-speed-crankset-pa01586.html
Spare Part,Crank,Shimano Crankset Sepeda Ultegra IFC-R8000 11 Speed,3698000,2588600,,,,https://www.rodalink.com/id/shimano-crankset-sepeda-ultegra-r8000-11-speed-individual-packaging-pa01158.html
Spare Part,Crank,Shimano Crankset Sepeda GRX IFC-RX820-2 2x12 Speed,2348000,,,,,https://www.rodalink.com/id/shimano-grx-ifc-rx820-2-2x12-speed-crankset-pa01610.html
Spare Part,Crank,Shimano Crankset Sepeda 105 IFC-R7100 2x12 Speed,1998000,,,,,https://www.rodalink.com/id/shimano-105-ifc-r7100-2x12-speed-crankset-pa01585.html
Spare Part,Crank,Shimano Crankset Sepeda Deore XT KFC-M8100 12 Speed,1948000,1558400,,,,https://www.rodalink.com/id/shimano-deore-xt-kfc-m8100-1x12-speed-crankset-pa01137.html
Spare Part,Crank,Shimano Crankset Sepeda Deore EFC-T6010 10 Speed,1498000,,,,,https://www.rodalink.com/id/shimano-deore-efc-t6010-10-speed-crankset-728212.html
Spare Part,Crank,Shimano Crankset Sepeda Tiagra EFC-4700 10 Speed without Bottom Bracket,1248000,,,,,https://www.rodalink.com/id/shimano-tiagra-4700-10-speed-crankset-without-bottom-bracket-pa01156.html
Spare Part,Crank,Shimano Crankset Sepeda Tiagra EFC-4700 10 Speed,1248000,,,,,https://www.rodalink.com/id/shimano-tiagra-fc-4700-10-speed-crankset-733326.html
Spare Part,Crank,Shimano Crank Arm Sepeda Deore IFC-M8100 12 Speed,1398000,1118400,,,,https://www.rodalink.com/id/shimano-crank-arm-sepeda-deore-fc-m8100-12-speed-pa00818.html
Spare Part,Crank,Shimano Crankset Sepeda Deore EFC-M6100 12 Speed,1098000,,,,,https://www.rodalink.com/id/shimano-deore-fc-m6100-12-speed-crankset-732158.html
Spare Part,Crank,Shimano Crankset Sepeda Claris EFC-R2000 8 Speed,848000,,,,,https://www.rodalink.com/id/shimano-crankset-sepeda-claris-fc-r2000-8-speed-733328.html
Spare Part,Crank,Shimano Crankset Sepeda Sora EFC-R3000 9 Speed,1098000,768600,,,,https://www.rodalink.com/id/shimano-crankset-sepeda-sora-r3000-9-speed-723753.html
Spare Part,Crank,Shimano Crank Arm Sepeda SLX IFC-M7100 12 Speed,898000,718400,,,,https://www.rodalink.com/id/shimano-crank-arm-sepeda-slx-fc-m7100-12-speed-pa00611.html
Spare Part,Crank,Shimano Crankset Sepeda Cues EFC-U6000-1 1x9/10/11 Speed,698000,,,,,https://www.rodalink.com/id/shimano-crankset-sepeda-cues-efc-u6000-1-1x9-10-11-speed-pa01617.html
Spare Part,Crank,Shimano Crankset Sepeda Altus EFC-MT210 3x9 Speed,348000,278400,,,,https://www.rodalink.com/id/shimano-crankset-sepeda-altus-efc-mt210-3x9-speed-pa01397.html
Spare Part,Crank,Shimano Bolt for Chainwheel M545/560/660/770,29000,,,,,https://www.rodalink.com/id/shimano-bolt-for-chainwheel-m545-560-660-770.html
Spare Part,Crank,Shimano Crank Arm Fixing Bolt 6800,12000,,,,,https://www.rodalink.com/id/shimano-crank-arm-fixing-bolt-6800-717024.html
Spare Part,Front Derailleur,Shimano Front Derailleur Sepeda Dura Ace Di2 IFD-9250-F 2x12 Speed,5798000,,,,,https://www.rodalink.com/id/shimano-front-derailleur-sepeda-dura-ace-di2-ifd-9250-2x12-speed-733866001.html
Spare Part,Front Derailleur,Shimano Front Derailleur Sepeda Ultegra Di2 IFD-R8150-F 2x12 Speed,3348000,,,,,https://www.rodalink.com/id/shimano-ultegra-di2-fd-r8150-2x12-speed-front-derailleur-733894001.html
Spare Part,Front Derailleur,Shimano Front Derailleur Sepeda GRX Di2 IFD-RX825 2x12 Speed,2298000,,,,,https://www.rodalink.com/id/shimano-front-derailleur-sepeda-grx-di2-ifd-rx825-2x12-speed738769001.html
Spare Part,Front Derailleur,Shimano Front Derailleur Sepeda 105 Di2 IFD-R7150-F 2x12 Speed,1648000,,,,,https://www.rodalink.com/id/shimano-105-di2-ifd-r7150-f-2x12-speed-front-derailleur-736187001.html
Spare Part,Front Derailleur,Shimano Front Derailleur Sepeda XTR Di2 KFD-M9050 3x11 Speed,3198000,959400,,,,https://www.rodalink.com/id/shimano-front-derailleur-sepeda-xtr-di2-m9050-3x11-speed.html
Spare Part,Front Derailleur,Shimano Front Derailleur Sepeda GRX IFD-RX820-F 2x12 Speed,648000,,,,,https://www.rodalink.com/id/shimano-grx-ifd-rx820-f-2x12-speed-front-derailleur-736990001.html
Spare Part,Front Derailleur,Shimano Front Derailleur Sepeda Deore XT Di2 IFD-M8070-E 2x11 Speed,1598000,639200,,,,https://www.rodalink.com/id/shimano-front-derailleur-sepeda-deore-xt-di2-m8070-2x11-speed.html
Spare Part,Front Derailleur,Shimano Front Derailleur Sepeda XTR IFD-M9000 3x11 Speed,1148000,344400,,,,https://www.rodalink.com/id/shimano-front-derailleur-sepeda-xtr-m9000-3x11-speed.html
Spare Part,Front Derailleur,Shimano Front Derailleur Sepeda Deore XT IFD-M8100-M 2x12 Speed,398000,318400,,,,https://www.rodalink.com/id/shimano-front-derailleur-sepeda-deore-xt-ifd-m8100-m-2x12-speed-736449001.html
Spare Part,Front Derailleur,Shimano Front Derailleur Sepeda XTR KFD-M9025 2x11 Speed,948000,284400,,,,https://www.rodalink.com/id/shimano-front-derailleur-sepeda-xtr-m9025-2x11-speed.html
Spare Part,Front Derailleur,Shimano Front Derailleur Sepeda Tiagra IFD-4700-F 2x10 Speed,398000,278600,,,,https://www.rodalink.com/id/shimano-front-derailleur-sepeda-tiagra-fd-4700-f-2x10-speed-721443001.html
Spare Part,Front Derailleur,Shimano Front Derailleur Sepeda Claris EFD-R2000-F 2x8 Speed,248000,,,,,https://www.rodalink.com/id/shimano-front-derailleur-sepeda-claris-fd-r2000-f-2x8-speed-733331001.html
Spare Part,Front Derailleur,Shimano Front Derailleur Sepeda Deore XT KFD-M8100 2x12 Speed,298000,189000,,,,https://www.rodalink.com/id/shimano-deore-xt-fd-m8100-2x12-speed-front-derailleur-pa00144.html
Spare Part,Front Derailleur,Shimano Front Derailleur Sepeda Sora EFD-R3000-F 2x9 Speed,248000,198400,,,,https://www.rodalink.com/id/shimano-front-derailleur-sepeda-sora-fd-r3000-f-2x9-speed-723759001.html
Spare Part,Front Derailleur,Shimano Front Derailleur Sepeda Cues EFD-U4000-L 2x9/10 Speed,198000,,,,,https://www.rodalink.com/id/shimano-cues-efd-u4000-l-2x9-10-speed-front-derailleur-738127001.html
Spare Part,Front Derailleur,Shimano Front Derailleur Sepeda Deore IFD-T6000-L 3x10 Speed,248000,173600,,,,https://www.rodalink.com/id/shimano-front-derailleur-sepeda-deore-fd-t6000-l6-3x10-speed-733824001.html
Spare Part,Front Derailleur,Shimano Front Derailleur Sepeda Tiagra IFD-4703-F 3x10 Speed,428000,171200,,,,https://www.rodalink.com/id/shimano-front-derailleur-sepeda-tiagra-fd-4703-f-3x10-speed-733347001.html
Spare Part,Front Derailleur,Shimano Adapter FD Sepeda Dura-Ace Di2 SM-AD91,168000,,,,,https://www.rodalink.com/id/shimano-dura-ace-di2-sm-ad91-braze-on-adaptor.html
Spare Part,Front Derailleur,Shimano Front Derailleur Sepeda Deore IFD-M5100 2x11 Speed,228000,159600,,,,https://www.rodalink.com/id/shimano-front-derailleur-sepeda-deore-fd-m5100-2x11-speed-pa01148.html
Spare Part,Front Derailleur,Shimano Front Derailleur Sepeda SLX KFD-M7100 2x12 Speed,228000,159600,,,,https://www.rodalink.com/id/shimano-front-derailleur-sepeda-slx-fd-m7100-2x12-speed-pa01373.html
Spare Part,Front Derailleur,Shimano Front Derailleur Sepeda Deore IFD-M4100-M 2x10 Speed,198000,138600,,,,https://www.rodalink.com/id/shimano-front-derailleur-sepeda-deore-fd-m4100-2x10-speed-732174001.html
Spare Part,Front Derailleur,Shimano Front Derailleur Sepeda Tourney EFD-TX800 3x7-8 Speed,128000,,,,,https://www.rodalink.com/id/shimano-front-derailleur-sepeda-tourney-fd-tx800-3x7-8-speed-723713001.html
Spare Part,Front Derailleur,Shimano Front Derailleur Sepeda Deore XT KFD-M8025 2x11 Speed,398000,119400,,,,https://www.rodalink.com/id/shimano-front-derailleur-sepeda-deore-xt-m8025-2x11-speed.html
Spare Part,Front Derailleur,Shimano Front Derailleur Sepeda Sora EFD-R3030-F 3x9 Speed,278000,111200,,,,https://www.rodalink.com/id/shimano-front-derailleur-sepeda-sora-fd-r3030-f-3x9-speed-733332001.html
Spare Part,Front Derailleur,Shimano Adapter Front Derailleur Sepeda XTR Di2 KSM-FD905,218000,109000,,,,https://www.rodalink.com/id/shimano-adapter-front-derailleur-sepeda-xtr-di2-sm-fd905-717712.html
Spare Part,Front Derailleur,Shimano Front Derailleur Sepeda Acera EFD-M3000-TS6 3x9 Speed,198000,99000,,,,https://www.rodalink.com/id/shimano-front-derailleur-sepeda-acera-fd-m3000-ts6-3x9-speed-733330001.html
Spare Part,Front Derailleur,Shimano Front Derailleur Sepeda SLX KFD-M7025 2x11 Speed,298000,89400,,,,https://www.rodalink.com/id/shimano-front-derailleur-sepeda-slx-m7025-2x11-speed.html
Spare Part,Front Derailleur,Shimano Front Derailleur Sepeda Deore KFD-M4100-E 2x10 Speed,278000,83400,,,,https://www.rodalink.com/id/shimano-front-derailleur-sepeda-deore-fd-m4100-m-2x10-speed-734898001.html
Spare Part,Front Derailleur,Shimano Adapter Front Derailleur Sepeda XTR Di2 ISM-FD905,278000,83400,,,,https://www.rodalink.com/id/shimano-xtr-di2-sm-fd905-front-derailleur-adaptor-pa00500.html
Spare Part,Front Derailleur,Shimano Front Derailleur Sepeda Tourney EFD-TY500 3x6-7 Speed,99000,79200,,,,https://www.rodalink.com/id/shimano-front-derailleur-sepeda-tourney-fd-ty500-3x6-7-speed-735490001.html
Spare Part,Front Derailleur,Shimano Front Derailleur Sepeda Deore IFD-M5100-M 2x11 Speed,248000,74400,,,,https://www.rodalink.com/id/shimano-deore-fd-m5100-m-2x11-speed-front-derailleur-732178001.html
Spare Part,Front Derailleur,Shimano Front Derailleur Sepeda Tourney EFD-TY510 3x6-7 Speed,99000,69300,,,,https://www.rodalink.com/id/shimano-front-derailleur-sepeda-tourney-fd-ty510-3x6-7-speed-733385001.html
Spare Part,Front Derailleur,Shimano Front Derailleur Sepeda Deore KFD-M610 3x10 Speed,228000,68400,,,,https://www.rodalink.com/id/shimano-front-derailleur-sepeda-deore-m610-3x10-speed.html
Spare Part,Front Derailleur,Shimano Front Derailleur Sepeda Tourney AFD-TY500 3x6-7 Speed,79000,63200,,,,https://www.rodalink.com/id/shimano-front-derailleur-sepeda-tourney-ty500-3x6-7-speed.html
Spare Part,Rear Derailleur,Shimano Rear Derailleur Sepeda Dura-Ace Di2 IRD-R9250-F 12 Speed,10480000,,,,,https://www.rodalink.com/id/shimano-rear-derailleur-sepeda-dura-ace-di2-ird-r9250-f-12-speed-737367.html
Spare Part,Rear Derailleur,Shimano Rear Derailleur Sepeda Dura-Ace Di2 IRD-R9150-SS 11 Speed,7998000,,,,,https://www.rodalink.com/id/shimano-dura-ace-di2-r9150-11-speed-rear-derailleur-individual-packaging.html
Spare Part,Rear Derailleur,Shimano Rear Derailleur Sepeda Ultegra Di2 IRD-R8150-F 12 Speed,5298000,,,,,https://www.rodalink.com/id/shimano-rear-derailleur-sepeda-ultegra-di2-ird-r8150-f-12-speed-737368.html
Spare Part,Rear Derailleur,Shimano Rear Derailleur Sepeda Deore XT Di2 IRD-M8150-SGS 12 Speed,3998000,,,,,https://www.rodalink.com/id/shimano-rear-derailleur-sepeda-deore-xt-di2-ird-m8150-sgs-12-speed-740948.html
Spare Part,Rear Derailleur,Shimano Rear Derailleur Sepeda 105 Di2 IRD-R7150-E 2x12 Speed,3198000,,,,,https://www.rodalink.com/id/shimano-rear-derailleur-sepeda-105-di2-ird-r7150-e-12-speed-737369.html
Spare Part,Rear Derailleur,Cema Pulley Set Aluminium Ceramic Bearing 12x14T for Shimano Ultegra/105 12 Speed,2398000,,,,,https://www.rodalink.com/id/cema-pulley-set-aluminium-ceramic-bearing-12x14t-for-shimano-ultegra-105-12-speed-740231.html
Spare Part,Rear Derailleur,Cema Pulley Set Aluminium Ceramic Bearing 12x14T for Shimano Dura-Ace 12 Speed,2398000,,,,,https://www.rodalink.com/id/cema-pulley-set-aluminium-ceramic-bearing-12x14t-for-shimano-dura-ace-12-speed-740232.html
Spare Part,Rear Derailleur,Shimano Rear Derailleur Sepeda GRX Di2 KRD-RX817 11 Speed,3698000,2218800,,,,https://www.rodalink.com/id/shimano-grx-di2-rx817-11-speed-rear-derailleur.html
Spare Part,Rear Derailleur,Shimano Rear Derailleur Sepeda Dura-Ace IRD-R9100-SS 11 Speed,2298000,1608600,,,,https://www.rodalink.com/id/shimano-dura-ace-r9100-11-speed-rear-derailleur-individual-packaging.html
Spare Part,Rear Derailleur,Shimano Rear Derailleur Sepeda Deore XT Di2 IRD-M8050-GS 11 Speed,3498000,1399200,,,,https://www.rodalink.com/id/shimano-rear-derailleur-sepeda-deore-xt-di2-m8050-11-speed.html
Spare Part,Rear Derailleur,Shimano Rear Derailleur Sepeda GRX IRD-RX820 12 Speed,1398000,,,,,https://www.rodalink.com/id/shimano-rear-derailleur-sepeda-grx-ird-rx820-12-speed-736959.html
Spare Part,Rear Derailleur,Shimano Rear Derailleur Sepeda Ultegra IRD-R8000 11 Speed,1098000,,,,,https://www.rodalink.com/id/shimano-ultegra-r8000-11-speed-rear-derailleur-individual-packaging.html
Spare Part,Rear Derailleur,Shimano Rear Derailleur Sepeda Saint IRD-M820-SS 10 Speed,1548000,1083600,,,,https://www.rodalink.com/id/shimano-saint-m820-10-speed-rear-derailleur-individual-packaging.html
Spare Part,Rear Derailleur,Shimano Rear Derailleur Sepeda Deore XT IRD-M8120-SGS 12 Speed,1198000,958400,,,,https://www.rodalink.com/id/shimano-rear-derailleur-sepeda-deore-xt-ird-m8120-sgs-12-speed-735094.html
Spare Part,Rear Derailleur,Shimano Rear Derailleur Sepeda SLX IRD-M7100-SGS 12 Speed,748000,,,,,https://www.rodalink.com/id/shimano-rear-derailleur-sepeda-slx-m7100-12-speed-732853.html
Spare Part,Rear Derailleur,Shimano Rear Derailleur Sepeda Cues ERD-U6000-GS 10/11 Speed,698000,,,,,https://www.rodalink.com/id/shimano-rear-derailleur-sepeda-cues-erd-u6000-gs-10-11-speed-738095.html
Spare Part,Rear Derailleur,Shimano Rear Derailleur Sepeda 105 IRD-R7100 12 Speed,648000,,,,,https://www.rodalink.com/id/shimano-rear-derailleur-sepeda-105-ird-r7100-12-speed-737480.html
Spare Part,Rear Derailleur,Shimano Rear Derailleur Sepeda 105 IRD-R7000 11 Speed,598000,,,,,https://www.rodalink.com/id/shimano-rear-derailleur-sepeda-105-r7000-11-speed-individual-packaging-pa01078.html
Spare Part,Rear Derailleur,Shimano Rear Derailleur Sepeda Cues ERD-U6020-SGS 10 Speed,548000,,,,,https://www.rodalink.com/id/shimano-rear-derailleur-sepeda-cues-erd-u6020-sgs-10-speed-738696.html
Spare Part,Rear Derailleur,Shimano Rear Derailleur Sepeda Tiagra IRD-4700 10 Speed,528000,,,,,https://www.rodalink.com/id/shimano-rear-derailleur-sepeda-tiagra-4700-10-speed-individual-packaging-pa00659.html
Spare Part,Rear Derailleur,Shimano Rear Derailleur Sepeda Deore IRD-M6100-SGS 12 Speed,498000,,,,,https://www.rodalink.com/id/shimano-rear-derailleur-sepeda-deore-rd-m6100-12-speed-732184.html
Spare Part,Rear Derailleur,Shimano Rear Derailleur Sepeda Essa ERD-U2000 8 Speed,498000,,,,,https://www.rodalink.com/id/shimano-rear-derailleur-sepeda-essa-erd-u2000-8-speed-739644.html
Spare Part,Rear Derailleur,Shimano Rear Derailleur Sepeda Alivio ERD-M3100-SGS 9 Speed,378000,,,,,https://www.rodalink.com/id/shimano-rear-derailleur-sepeda-alivio-m3100-9-speed-individual-packaging-732179.html
Spare Part,Rear Derailleur,Shimano Rear Derailleur Sepeda Deore IRD-T6000-SGS 10 Speed,498000,348600,,,,https://www.rodalink.com/id/shimano-rear-derailleur-sepeda-deore-ird-t6000-sgs-10-speed-733825.html
Spare Part,Rear Derailleur,Shimano Rear Derailleur Sepeda Sora ERD-R3000-SS 9 Speed,348000,,,,,https://www.rodalink.com/id/shimano-rear-derailleur-sepeda-sora-r3000-9-speed-individual-packaging-723760.html
Spare Part,Rear Derailleur,Shimano Rear Derailleur Sepeda Sora ERD-R3000-GS 9 Speed,348000,,,,,https://www.rodalink.com/id/shimano-rear-derailleur-sepeda-sora-erd-r3000-gs-9-speed-733337.html
Spare Part,Rear Derailleur,Shimano Rear Derailleur Sepeda Claris ERD-R2000 8 Speed,278000,,,,,https://www.rodalink.com/id/shimano-rear-derailleur-sepeda-claris-r2000-8-speed-individual-packaging-pa01278.html
Spare Part,Rear Derailleur,Shimano Rear Derailleur Sepeda Acera ERD-M3020-8-SGS 7-8 Speed,278000,,,,,https://www.rodalink.com/id/shimano-rear-derailleur-sepeda-acera-erd-m3020-8-sgs-7-8-speed-737021.html
Spare Part,Rear Derailleur,Shimano Rear Derailleur Sepeda Altus ERD-M3100 7-8 Speed,248000,,,,,https://www.rodalink.com/id/shimano-rear-derailleur-sepeda-altus-m3100-7-8-speed-733243.html
Spare Part,Rear Derailleur,Shimano Rear Derailleur Sepeda Tiagra KRD-4700 10 Speed,398000,238800,,,,https://www.rodalink.com/id/shimano-tiagra-4700-10-speed-rear-derailleur.html
Spare Part,Rear Derailleur,Shimano Rear Derailleur Sepeda Tourney ERD-TX800-SGS 7-8 Speed,178000,,,,,https://www.rodalink.com/id/shimano-rear-derailleur-sepeda-tourney-tx800-7-8-speed.html
Spare Part,Rear Derailleur,Shimano Deore XT RD-M8000 Tension & Guide Pulley Unit,178000,,,,,https://www.rodalink.com/id/shimano-deore-xt-rd-m8000-tension-guide-pulley-unit.html
Spare Part,Rear Derailleur,Shimano Rear Derailleur Sepeda Tourney ERD-TY300-SGS 6-7 Speed,128000,,,,,https://www.rodalink.com/id/shimano-tourney-ty300-6-7-speed-rear-derailleur-733386.html
Spare Part,Rear Derailleur,Shimano Rear Derailleur Sepeda Tourney ERD-FT35-A-SS 6-7 Speed,118000,,,,,https://www.rodalink.com/id/shimano-rear-derailleur-sepeda-tourney-erd-ft35-a-ss-6-7-speed-735491.html
Spare Part,Rear Derailleur,Shimano Rear Derailleur Sepeda Tourney ERD-TY200-SS 6-7 Speed,99000,,,,,https://www.rodalink.com/id/shimano-rear-derailleur-sepeda-tourney-erd-ty200-ss-6-7-speed-735492.html
Spare Part,Rear Derailleur,Shimano Rear Derailleur Sepeda Tourney ERD-TZ500-GS 6-7 Speed,89000,,,,,https://www.rodalink.com/id/shimano-rear-derailleur-sepeda-tourney-erd-tz500-gs-6-7-speed-731527.html
Spare Part,Rear Derailleur,Shimano Rear Derailleur Sepeda Tourney ERD-TZ500-GS 6 Speed with Riveted,79000,,,,,https://www.rodalink.com/id/shimano-rear-derailleur-sepeda-tourney-erd-tz500-gs-6-speed-with-riveted-735737.html
Spare Part,Rear Derailleur,Shimano Rear Derailleur Sepeda Tourney ARD-TZ500-GS 6 Speed,72000,57600,,,,https://www.rodalink.com/id/shimano-rear-derailleur-sepeda-tourney-tz500-6-speed.html
Spare Part,Kabel,Shimano Junction-A EW-RS910 Built In Type,1448000,,,,,https://www.rodalink.com/id/shimano-junction-a-ew-rs910-built-in-type-726661.html
Spare Part,Kabel,Shimano Dura-Ace Di2 SM-BCR2 Internal Battery Charger - Individual Packaging,1248000,,,,,https://www.rodalink.com/id/shimano-dura-ace-di2-sm-bcr2-internal-battery-charger-individual-packaging.html
Spare Part,Kabel,Shimano Junction-A Dura Ace Di2 SM-EW90B,1148000,,,,,https://www.rodalink.com/id/junction-a-shimano-dura-ace-di2-sm-ew90b.html
Spare Part,Kabel,Shimano Dura-Ace Di2 EW-7970 Outer Casing,1848000,1108800,,,,https://www.rodalink.com/id/shimano-dura-ace-di2-ew-7970-outer-casing.html
Spare Part,Kabel,Shimano Kabel Elektrik Sepeda IEW-JC304 Junction 4 Ports for SD300,378000,,,,,https://www.rodalink.com/id/shimano-kabel-elektrik-sepeda-iew-jc304-junction-4-ports-for-sd300-733877.html
Spare Part,Kabel,Shimano Kabel Kit Sepeda Dura-Ace ISM-BH90 Disc Brake,348000,,,,,https://www.rodalink.com/id/shimano-kabel-kit-sepeda-dura-ace-ism-bh9-disc-brake-730088.html
Spare Part,Kabel,Shimano Mount Baterai SM-BMR2LB (Long),998000,299400,,,,https://www.rodalink.com/id/mount-baterai-shimano-sm-bmr2lb-long.html
Spare Part,Kabel,Shimano SM-BH90-SBM Disc Brake Hose Kit Sepeda,298000,,,,,https://www.rodalink.com/id/shimano-sm-bh90-sbm-disc-brake-hose-kit.html
Spare Part,Kabel,Shimano Conversion Adaptor Kabel Elektrik Sepeda SD300/SD50,278000,,,,,https://www.rodalink.com/id/shimano-conversion-adaptor-kabel-elektrik-sepeda-sd300-sd50-736292.html
Spare Part,Kabel,Shimano Kabel Elektrik Sepeda Di2 IEW-SD300-I,268000,,,,,https://www.rodalink.com/id/shimano-kabel-elektrik-sepeda-di2-iew-sd300-i-pa01463.html
Spare Part,Kabel,Shimano Dura-Ace XTR Polymer Inner Shift Cable,228000,,,,,https://www.rodalink.com/id/shimano-dura-ace-xtr-polymer-inner-shift-cable.html
Spare Part,Kabel,Shimano Kabel Inner Shift Sepeda Dura-Ace XTR Polymer Coating Y63Z98950,168000,,,,,https://www.rodalink.com/id/shimano-inner-shift-cable-dura-ace-polymerbelegg-y63z98950-737777.html
Spare Part,Kabel,Shimano Polymer Inner Shift Cable File Box,158000,,,,,https://www.rodalink.com/id/shimano-polymer-inner-shift-cable-file-box-715910.html
Spare Part,Kabel,Shimano SIS-SP51 Outer Shift Casing,298000,149000,,,,https://www.rodalink.com/id/shimano-sis-sp51-outer-shift-casing.html
Spare Part,Kabel,Shimano Brake Cable Outer Cap,148000,,,,,https://www.rodalink.com/id/shimano-brake-cable-outer-cap.html
Spare Part,Kabel,Shimano Inner Brake Cable Polymer Coated Road,158000,126400,,,,https://www.rodalink.com/id/shimano-inner-brake-cable-polymer-coated-road-715911.html
Spare Part,Kabel,Shimano Road PTFE Shift Cable Set,198000,99000,,,,https://www.rodalink.com/id/shimano-road-ptfe-shift-cable-set.html
Spare Part,Kabel,Shimano SD50 E-Tube Di2 Electric Wire Cover,99000,,,,,https://www.rodalink.com/id/shimano-sd50-e-tube-di2-electric-wire-cover.html
Spare Part,Kabel,Shimano Kabel Brake Road with PTFE,198000,99000,,,,https://www.rodalink.com/id/kabel-brake-shimano-road-with-ptfe-39161.html
Spare Part,Kabel,Shimano Ultegra Di2 Power Cable SM-BCC16 240V - Individual Packaging,99000,,,,,https://www.rodalink.com/id/shimano-ultegra-di2-power-cable-sm-bcc16-240v-individual-packaging.html
Spare Part,Kabel,Shimano Dura-Ace BC-9000 Rear Cable Brake Sepeda,138000,69000,,,,https://www.rodalink.com/id/shimano-dura-ace-bc-9000-rear-cable-brake.html
Spare Part,Kabel,Shimano MTB Brake Cable Set Sepeda,118000,59000,,,,https://www.rodalink.com/id/shimano-mtb-brake-cable-set.html
Spare Part,Kabel,Shimano SM-BH96 Banjo Unit Sepeda,49000,,,,,https://www.rodalink.com/id/shimano-sm-bh96-banjo-unit.html
Spare Part,Kabel,Shimano Dura-Ace Di2 Power Cable SM-BCC11 220V,69000,40000,,,,https://www.rodalink.com/id/shimano-dura-ace-di2-power-cable-sm-bcc11-220v.html
Spare Part,Kabel,Polygon Outer Shifter Casing,39000,,,,,https://www.rodalink.com/id/polygon-outer-shifter-casing.html
Spare Part,Kabel,Shimano Holder Mount Adapter Baterai SM-BA01,128000,38400,,,,https://www.rodalink.com/id/holder-mount-adapter-baterai-shimano-sm-ba01.html
Spare Part,Kabel,Shimano Wire Holder EW-SD50ISM1 For Internal Routing,69000,34500,,,,https://www.rodalink.com/id/wire-holder-shimano-ew-sd50ism1-for-internal-routing.html
Spare Part,Kabel,Shimano Inner Brake Cable Sepeda Y80098410 Road or MTB 10x,32000,,,,,https://www.rodalink.com/id/shimano-inner-brake-cable-sepeda-y80098410-road-or-mtb-10x.html
Spare Part,Kabel,Shimano Rear Derailleur Housing Dura-Ace OT-RS900,39000,31200,,,,https://www.rodalink.com/id/shimano-rear-derailleur-housing-dura-ace-ot-rs900-726031.html
Spare Part,Kabel,Polygon Kabel Brake Tandem 2200MM Rear,30000,,,,,https://www.rodalink.com/id/kabel-brake-polygon-tandem-2200mm-rear.html
Spare Part,Kabel,Jagwire CEX Brake Cable Housing Sepeda,35000,28000,,,,https://www.rodalink.com/id/jagwire-cex-brake-cable-housing.html
Spare Part,Kabel,Jagwire CGX-SL Brake Cable Housing Sepeda,35000,28000,,,,https://www.rodalink.com/id/jagwire-cgx-sl-brake-cable-housing.html
Spare Part,Kabel,Shimano Inner Brake Cable Sepeda MTB Y80098551,24000,,,,,https://www.rodalink.com/id/shimano-mtb-inner-brake-cable.html
Spare Part,Kabel,Shimano Inner Brake Cable Sepeda Y80098551 MTB 100x,24000,,,,,https://www.rodalink.com/id/shimano-inner-brake-cable-sepeda-y80098551-mtb-100x.html
Spare Part,Kabel,Shimano SM-BH90 Olive & Connecter Insert Y8JA98020,24000,,,,,https://www.rodalink.com/id/shimano-sm-bh90-olive-connecter-insert-y8ja98020-201581.html
Spare Part,Kabel,Polygon Inner Cable for Rear Shifter,20000,,,,,https://www.rodalink.com/id/polygon-inner-cable-for-rear-shifter.html
Spare Part,Kabel,Polygon Kabel Brake Tandem 800MM Front,19000,14000,,,,https://www.rodalink.com/id/kabel-brake-polygon-tandem-800mm-front.html
Spare Part,Kabel,Shimano Outer Cap Aluminum Sealed for Rear Derailleur,14000,,,,,https://www.rodalink.com/id/shimano-outer-cap-aluminum-sealed-for-rear-derailleur.html
Spare Part,Kabel,Shimano B-Type Front Cable Brake Sepeda,19000,14000,,,,https://www.rodalink.com/id/shimano-b-type-front-cable-brake.html
Spare Part,Kabel,Shimano Shifting Lever Outer Cap,11000,,,,,https://www.rodalink.com/id/shimano-shifting-lever-outer-cap.html
Spare Part,Kabel,Shimano Outer Cap Sepeda ST-7900 Outer Cap Y6RT98170,34000,10200,,,,https://www.rodalink.com/id/shimano-st-7900-outer-cap.html
Spare Part,Kabel,Shimano Kabel Brake Depan ABCTTYPFL 900,19000,10000,,,,https://www.rodalink.com/id/kabel-brake-depan-abcttypfl-900.html
Spare Part,Kabel,Shimano B-Type Rear Cable Brake Sepeda,22000,10000,,,,https://www.rodalink.com/id/shimano-b-type-rear-cable-brake.html
Spare Part,Kabel,Shimano 800mm Front Inner Brake Cable Sepeda,19000,9000,,,,https://www.rodalink.com/id/shimano-800mm-front-inner-brake-cable.html
Spare Part,Kabel,Shimano BRM950/BRM739 Brake Outer Cap,14000,9000,,,,https://www.rodalink.com/id/shimano-brm950-brm739-brake-outer-cap.html
Spare Part,Kabel,Shimano OT-SP41 Outer Shift Casing,19000,5000,,,,https://www.rodalink.com/id/shimano-ot-sp41-outer-shift-casing.html
Spare Part,Kabel,Shimano OT-SP41 Outer Shift Casing File Box,19000,5000,,,,https://www.rodalink.com/id/shimano-ot-sp41-outer-shift-casing-file-box-pa00727.html
Spare Part,Kabel,Polygon Pelindung Kabel Velo 5mm,10000,5000,,,,https://www.rodalink.com/id/pelindung-kabel-polygon-velo-5mm-40097.html
Spare Part,Kabel,Shimano SIS40 Outer Casing,7000,2000,,,,https://www.rodalink.com/id/shimano-sis40-outer-casing.html
Spare Part,Kabel,Shimano Inner End Cap Sepeda for Brake Cable,1000,,,,,https://www.rodalink.com/id/shimano-inner-end-cap-for-brake-cable.html
Spare Part,Kabel,Shimano Outer Cap Resin for SIS-SP40/Shift Cable,1000,,,,,https://www.rodalink.com/id/shimano-outer-cap-resin-for-sis-sp40-shift-cable.html
Spare Part,Shifter,Shimano Shifter Set Sepeda Dura Ace Di2 IST-R9250 2x12 Speed,9898000,,,,,https://www.rodalink.com/id/shimano-shifter-set-sepeda-dura-ace-di2-ist-r9250-2x12-speed-733854001.html
Spare Part,Shifter,Shimano Shifter Sepeda Dura-Ace Di2 I-R9170 2x11 Speed with Disc Brake,7298000,,,,,https://www.rodalink.com/id/shimano-shifter-sepeda-dura-ace-di2-r9170-2x11-speed-with-disc-brake.html
Spare Part,Shifter,Shimano Shifter Set Sepeda Ultegra Di2 IST-R8150 2x12 Speed,5498000,,,,,https://www.rodalink.com/id/shimano-shifter-set-sepeda-ultegra-di2-ist-r8150-2x12-speed-733882001.html
Spare Part,Shifter,Shimano Shifter Sepeda Dura Ace Di2 IST-R9250 2x12 Speed,4698000,,,,,https://www.rodalink.com/id/shimano-shifter-sepeda-dura-ace-di2-ist-r9250-2x12-speed-pa01677.html
Spare Part,Shifter,Shimano Shifter Sepeda 105 Di2 IST-R7170 2x12 Speed,3498000,,,,,https://www.rodalink.com/id/shimano-shifter-sepeda-105-di2-ist-r7170-2x12-speed-pa01676.html
Spare Part,Shifter,Shimano Shifter Sepeda Dura-Ace Di2 IST-R9150 2x11 Speed,3498000,,,,,https://www.rodalink.com/id/shimano-shifter-sepeda-dura-ace-di2-ist-r9150-2x11-speed-pa01042.html
Spare Part,Shifter,Shimano Shifter Sepeda Dura-Ace I-R9120 2x11 Speed with Disc Brake,4948000,3463600,,,,https://www.rodalink.com/id/shimano-shifter-sepeda-dura-ace-r9120-2x11-speed-with-disc-brake.html
Spare Part,Shifter,Shimano Shifter Sepeda GRX IST-RX820-LA (Dropper Post Remote),3398000,,,,,https://www.rodalink.com/id/shimano-shifter-sepeda-grx-ist-rx820-la-dropper-post-remote-736967001.html
Spare Part,Shifter,Shimano Shifter Sepeda GRX IST-RX820 2x12 Speed,3398000,,,,,https://www.rodalink.com/id/shimano-shifter-sepeda-grx-ist-rx820-2x12-speed-pa01863.html
Spare Part,Shifter,Shimano Shifter Sepeda 105 IR7120 2x12 Speed with Disc Brake,3198000,,,,,https://www.rodalink.com/id/shimano-shifter-sepeda-105-ir7120-2x12-speed-with-disc-brake-pa01625.html
Spare Part,Shifter,Shimano Shifter Sepeda Ultegra Di2 I-R8020 2x11 Speed,4198000,2938600,,,,https://www.rodalink.com/id/shimano-shifter-sepeda-ultegra-di2-r8020-2x11-speed-individual-packaging-pa01040.html
Spare Part,Shifter,Shimano Switch Shifting Sepeda Deore XT Di2 ISW-M8250-RB 12 Speed,2248000,,,,,https://www.rodalink.com/id/shimano-switch-shifting-sepeda-deore-xt-di2-isw-m8250-rb-12-speed-741805001.html
Spare Part,Shifter,Shimano Shift Switcher Sepeda Dura-Ace R9160 2x11 Speed,2248000,,,,,https://www.rodalink.com/id/shimano-shift-switcher-sepeda-dura-ace-r9160-2x11-speed-726870001.html
Spare Part,Shifter,Shimano Shifter Sepeda 105 IST-R7020 2x11 Speed,3198000,2238600,,,,https://www.rodalink.com/id/shimano-shifter-sepeda-105-ist-r7020-2x11-speed-pa01368.html
Spare Part,Shifter,Shimano Shifter Sepeda 105 IST-R7120 2x12 Speed,2148000,,,,,https://www.rodalink.com/id/shimano-shifter-sepeda-105-ist-r7120-2x12-speed-pa01675.html
Spare Part,Shifter,Shimano Shifter Sepeda Dura-Ace Di2 KST-R9150 2x11 Speed,2848000,1993600,,,,https://www.rodalink.com/id/shimano-shifter-sepeda-dura-ace-di2-r9150-2x11-speed.html
Spare Part,Shifter,Shimano Shifter Sepeda Ultegra Di2 IST-R8050 2x11 Speed,1948000,,,,,https://www.rodalink.com/id/shimano-shifter-sepeda-ultegra-di2-ist-r8050-2x11-speed-pa01674.html
Spare Part,Shifter,Shimano Satellite Shifters Sepeda Dura Ace Di2 ISW-RS801 12 Speed,1548000,,,,,https://www.rodalink.com/id/shimano-satellite-shifters-sepeda-dura-ace-di2-isw-rs801-12-speed-740593001.html
Spare Part,Shifter,Shimano Shifter Sepeda Ultegra Di2 KST-R8050 2x11 Speed,1948000,1363600,,,,https://www.rodalink.com/id/shimano-shifter-sepeda-ultegra-di2-r8050-2x11-speed.html
Spare Part,Shifter,Shimano Deore XT Di2 SC-MT800 System Information Display - Individual Packaging,1698000,1358400,,,,https://www.rodalink.com/id/shimano-deore-xt-di2-sc-mt800-system-information-display-individual-packaging.html
Spare Part,Shifter,Shimano Shifter Sepeda Tiagra IST-4700 2x10 Speed,1248000,,,,,https://www.rodalink.com/id/shimano-shifter-sepeda-tiagra-ist-4700-2x10-speed-pa01364.html
Spare Part,Shifter,Shimano Shifter Sepeda Sora EST-R3000 2x9 Speed,998000,,,,,https://www.rodalink.com/id/shimano-shifter-sepeda-sora-est-r3000-2x9-speed-pa01363.html
Spare Part,Shifter,Shimano Shift Lever Sepeda 105 ISL-RS700 2x11 Speed,898000,,,,,https://www.rodalink.com/id/shimano-shift-lever-105-rs700-2x11-speed-individual-packaging-pa01211.html
Spare Part,Shifter,Shimano Shifter Sepeda Essa U2030 1x8 Speed,898000,,,,,https://www.rodalink.com/id/shimano-shifter-sepeda-essa-u2030-1x8-speed-pa01859.html
Spare Part,Shifter,Shimano Shift Switch Set Sepeda Deore XT ISW-M8050 11 Speed,1998000,799200,,,,https://www.rodalink.com/id/shimano-switch-shifter-set-sepeda-deore-xt-m8050-11-speed.html
Spare Part,Shifter,Shimano Shifter Sepeda Claris EST-R2000 2x8 Speed,748000,,,,,https://www.rodalink.com/id/shimano-shifter-sepeda-claris-est-r2000-2x8-speed-pa01377.html
Spare Part,Shifter,Shimano Shift Lever Sepeda Tiagra ISL-4700 2x10 Speed - Flat Bar,598000,,,,,https://www.rodalink.com/id/shimano-shift-lever-sepeda-tiagra-4700-flatbar-2x10-speed-individual-packaging-pa01047.html
Spare Part,Shifter,Shimano Shift Lever Sepeda Saint ISL-M820RAP 10 Speed,628000,439600,,,,https://www.rodalink.com/id/shimano-shift-lever-sepeda-saint-isl-m820rap-10-speed-710341001.html
Spare Part,Shifter,Shimano Shift Lever Sepeda Deore XT ISL-M8100 2x12 Speed,548000,438400,,,,https://www.rodalink.com/id/shimano-shift-lever-sepeda-deore-xt-isl-m8100-2x12-speed-pa01678.html
Spare Part,Shifter,Shimano Remote Sprint Shifter Sepeda Dura-Ace SW-R610 DI2 11 Speed - Individual Packaging,798000,399000,,,,https://www.rodalink.com/id/shimano-di2-sw-r610-sprint-shifter-switch.html
Spare Part,Shifter,Shimano Shift Lever Sepeda Claris ESL-R2000 2x8 Speed,398000,,,,,https://www.rodalink.com/id/shimano-shift-lever-sepeda-claris-esl-r2000-2x8-speed-pa01375.html
Spare Part,Shifter,Shimano Shift Lever Sepeda Tiagra KSL-4700 2x10 Speed - Flat Bar,478000,334600,,,,https://www.rodalink.com/id/shimano-shift-lever-sepeda-tiagra-4700-flatbar-2x10-speed.html
Spare Part,Shifter,Shimano Shift Lever Sepeda Cues ESL-U6000 2x11 Speed,328000,,,,,https://www.rodalink.com/id/shimano-shift-lever-sepeda-cues-esl-u6000-2x11-speed-pa01628.html
Spare Part,Shifter,Shimano Shift Lever Sepeda Sora ESL-R3000 2x9 Speed - Flat Bar,448000,313600,,,,https://www.rodalink.com/id/shimano-shift-lever-sepeda-sora-esl-r3000-2x9-speed-flat-bar-pa01362.html
Spare Part,Shifter,Shimano Shift Lever Sepeda Cues ESL-U6000 2x10 Speed,298000,,,,,https://www.rodalink.com/id/shimano-shift-lever-sepeda-cues-esl-u6000-2x10-speed-pa01627.html
Spare Part,Shifter,Shimano Shift Lever Sepeda Deore ISL-M6100 1x12 Speed,298000,,,,,https://www.rodalink.com/id/shimano-shift-lever-sepeda-deore-isl-m6100-1x12-speed-734613001.html
Spare Part,Shifter,Shimano Shift Lever Sepeda Sora ASL-R3000 2x9 Speed - Flat Bar,398000,278600,,,,https://www.rodalink.com/id/shimano-shift-lever-sepeda-sora-asl-r3000-2x9-speed-flat-bar-pa01376.html
Spare Part,Shifter,Shimano Shift Lever Sepeda Claris ASL-R2000 2x8 Speed - Flat Bar,348000,243600,,,,https://www.rodalink.com/id/shimano-claris-r2000-2x8-speed-shift-lever.html
Spare Part,Shifter,Shimano Shift Lever Sepeda SLX ISL-M7100 2x12 Speed,298000,238400,,,,https://www.rodalink.com/id/shimano-shift-lever-sepeda-slx-isl-m7100-2x12-speed-pa01679.html
Spare Part,Shifter,Shimano Shift Lever Sepeda Cues ESL-U4000 2x9 Speed with Optical Gear Display,228000,,,,,https://www.rodalink.com/id/shimano-shift-lever-sepeda-cues-esl-u4000-2x9-speed-with-optical-gear-display-pa01626.html
Spare Part,Shifter,Shimano Shift Lever Sepeda Alivio ESL-M3100 3x9 Speed,198000,,,,,https://www.rodalink.com/id/shimano-shift-lever-sepeda-alivio-esl-m3100-3x9-speed-pa01358.html
Spare Part,Shifter,Shimano Shift Lever Sepeda Turney TX EST-TX800 3x8 Speed,148000,,,,,https://www.rodalink.com/id/shimano-shift-lever-sepeda-turney-tx-est-tx800-3x8-speed-pa01366.html
Spare Part,Shifter,Shimano Shift Lever Sepeda Altus ESL-M3157 3x7/8 Speed,148000,,,,,https://www.rodalink.com/id/shimano-shift-lever-sepeda-altus-esl-m3157-3x7-8-speed-pa01374.html
Spare Part,Shifter,Shimano Shift Lever Sepeda Deore ESL-M5100 2x10/11 Speed - Rapidfire Plus Mono,178000,142400,,,,https://www.rodalink.com/id/shimano-shift-lever-sepeda-deore-esl-m5100-2x10-11-speed-rapidfire-plus-mono-732848001.html
Spare Part,Shifter,Shimano Shift Lever Sepeda Alivio ASL-M3100 3x9 Speed,198000,138600,,,,https://www.rodalink.com/id/shimano-shift-lever-alivio-m3100-3x9-speed-pa01210.html
Spare Part,Shifter,Shimano Shift Lever Sepeda Turney TX EST-EF41 3x7 Speed,128000,,,,,https://www.rodalink.com/id/shimano-shift-lever-sepeda-turney-tx-est-ef41-3x7-speed-pa01365.html
Spare Part,Shifter,Shimano Ultegra ST-6800 Bracket Cover,118000,,,,,https://www.rodalink.com/id/shimano-ultegra-st-6800-bracket-cover.html
Spare Part,Shifter,Shimano Shift Lever Sepeda Alivio ASL-M4000 3x9 Speed,228000,114000,,,,https://www.rodalink.com/id/shimano-shift-lever-sepeda-alivio-m4000-3x9-speed.html
Spare Part,Shifter,Shimano Shifter Sepeda Tourney AST-EF41 3x6-7 Speed,118000,94400,,,,https://www.rodalink.com/id/shimano-shifter-sepeda-tourney-ef41-3x6-7-speed.html
Spare Part,Shifter,Shimano Shifter Sepeda Tourney AST-TX800 3x8 Speed,118000,94400,,,,https://www.rodalink.com/id/shimano-shifter-sepeda-tourney-tx800-3x8-speed.html
Spare Part,Shifter,Shimano Shift Lever Sepeda Altus ESL-M2010 3x9 Speed,168000,84000,,,,https://www.rodalink.com/id/shimano-shift-lever-sepeda-altus-esl-m2010-3x9-speed-pa01359.html
Spare Part,Shifter,Shimano Shift Lever Sepeda Acera ASL-M3000 3x9 Speed,138000,69000,,,,https://www.rodalink.com/id/shimano-shift-lever-sepeda-acera-m3000-3x9-speed.html
Spare Part,Shifter,Shimano Shift Lever Sepeda Tourney ASL-RS36 3x6 Speed,62000,40000,,,,https://www.rodalink.com/id/shimano-shift-lever-sepeda-tourney-rs36-3x6-speed.html
Spare Part,Shifter,Shimano Shift Lever Sepeda Tourney ELS-RS35 3 Speed without Gear Display,58000,23200,,,,https://www.rodalink.com/id/shifter-shimano-tourney-sl-rs35-l.html
Spare Part,Sprocket,Shimano Cassette Sprocket Sepeda Dura-Ace ICS-R9200 12 Speed,4598000,,,,,https://www.rodalink.com/id/shimano-cassette-sprocket-sepeda-dura-ace-ics-r9200-12-speed-pa01357.html
Spare Part,Sprocket,Shimano Cassette Sprocket Sepeda Dura-Ace ICS-R9100 11 Speed,2698000,,,,,https://www.rodalink.com/id/shimano-dura-ace-r9100-11-speed-cassette-sprocket-individual-packaging.html
Spare Part,Sprocket,Shimano Cassette Sprocket Sepeda Deore XT ICS-M8100 12 Speed,1498000,1198400,,,,https://www.rodalink.com/id/shimano-cassette-sprocket-sepeda-deore-xt-ics-m8100-12-speed-pa01570.html
Spare Part,Sprocket,Shimano Cassette Sprocket Sepeda Ultegra ICS-R8100 12 Speed,1448000,1158400,,,,https://www.rodalink.com/id/shimano-cassette-sprocket-sepeda-ultegra-ics-r8100-12-speed-pa01569.html
Spare Part,Sprocket,Shimano Cassette Sprocket Sepeda Ultegra ICS-R8000 11 Speed,1148000,,,,,https://www.rodalink.com/id/shimano-ultegra-r8000-11-speed-cassette-sprocket-individual-packaging-pa00752.html
Spare Part,Sprocket,Shimano Cassette Sprocket Sepeda Cues ECS-LG400 11 Speed,1148000,,,,,https://www.rodalink.com/id/shimano-cassette-sprocket-sepeda-cues-ecs-lg400-11-speed-pa01603.html
Spare Part,Sprocket,Shimano Cassette Sprocket Sepeda Deore XT KCS-M8100 12 Speed,1248000,998400,,,,https://www.rodalink.com/id/shimano-cassette-sprocket-sepeda-deore-xt-kcs-m8100-12-speed-pa01387.html
Spare Part,Sprocket,Shimano Cassette Sprocket Sepeda Deore ICS-M6100 12 Speed,898000,,,,,https://www.rodalink.com/id/shimano-cassette-sprocket-sepeda-deore-ics-m6100-12-speed-732189.html
Spare Part,Sprocket,Shimano Cassette Sprocket Sepeda SLX ICS-M7100 12 Speed,948000,663600,,,,https://www.rodalink.com/id/shimano-cassette-sprocket-sepeda-slx-ics-m7100-12-speed-pa01568.html
Spare Part,Sprocket,Shimano Cassette Sprocket Sepeda 105 ICS-R7101 12 Speed,748000,,,,,https://www.rodalink.com/id/shimano-cassette-sprocket-sepeda-105-ics-r7101-12-speed-pa01604.html
Spare Part,Sprocket,Shimano Cassette Sprocket Sepeda Deore KCS-M6100 12 Speed,848000,678400,,,,https://www.rodalink.com/id/shimano-deore-kcs-m6100-12-speed-cassette-sprocket-732087.html
Spare Part,Sprocket,Shimano Cassette Sprocket Sepeda Cues ECS-LG300 10 Speed,498000,,,,,https://www.rodalink.com/id/shimano-cassette-sprocket-sepeda-cues-ecs-lg300-10-speed-pa01602.html
Spare Part,Sprocket,Shimano Cassette Sprocket Sepeda Deore ECS-M4100 10 Speed,478000,,,,,https://www.rodalink.com/id/shimano-cassette-sprocket-sepeda-deore-ecs-m4100-10-speed-pa01382.html
Spare Part,Sprocket,Shimano Cassette Sprocket Sepeda Deore ICS-M5100 11 Speed,548000,438400,,,,https://www.rodalink.com/id/shimano-cassette-sprocket-sepeda-deore-ics-m5100-11-speed-pa01383.html
Spare Part,Sprocket,Shimano Cassette Sprocket Sepeda Tiagra ICS-HG500 10 Speed,428000,,,,,https://www.rodalink.com/id/shimano-cassette-sprocket-sepeda-tiagra-hg500-10-speed-individual-packaging.html
Spare Part,Sprocket,Shimano Cassette Sprocket Sepeda Deore ICS-HG50 10 Speed,428000,,,,,https://www.rodalink.com/id/shimano-cassette-sprocket-sepeda-deore-hg50-10-speed-individual-packaging-718534.html
Spare Part,Sprocket,Shimano Cassette Sprocket Sepeda Acera ECS-HG400 8 Speed,398000,,,,,https://www.rodalink.com/id/shimano-cassette-sprocket-sepeda-acera-ecs-hg400-8-speed-739645.html
Spare Part,Sprocket,Shimano Cassette Sprocket Sepeda ESSA ECS-HG300 8 Speed,328000,,,,,https://www.rodalink.com/id/shimano-cassette-sprocket-sepeda-essa-ecs-hg300-8-speed-741166.html
Spare Part,Sprocket,Shimano Cassette Sprocket Sepeda Cues ECS-LG300 9 Speed,278000,,,,,https://www.rodalink.com/id/shimano-cassette-sprocket-sepeda-cues-ecs-lg300-9-speed-pa01601.html
Spare Part,Sprocket,Shimano Cassette Sprocket Sepeda Alivio ICS-HG400 9 Speed,278000,,,,,https://www.rodalink.com/id/shimano-cassette-sprocket-sepeda-alivio-ics-hg400-9-speed-pa01380.html
Spare Part,Sprocket,Shimano Cassette Sprocket Sepeda Claris ECS-HG50 8 Speed,198000,,,,,https://www.rodalink.com/id/shimano-cassette-sprocket-sepeda-claris-ecs-hg50-8-speed-pa01381.html
Spare Part,Sprocket,Shimano Cassette Sprocket Sepeda Altus ECS-HG31 8 Speed,178000,,,,,https://www.rodalink.com/id/shimano-cassette-sprocket-sepeda-altus-ecs-hg31-8-speed-733325.html
Spare Part,Sprocket,Shimano Freewheel Sepeda Tourney TZ EMF-TZ510 7 Speed Freewheel,158000,,,,,https://www.rodalink.com/id/shimano-freewheel-sepeda-tourney-amf-tz510-7-speed-freewheel-736442.html
Spare Part,Sprocket,Shimano Cassette Sprocket Sepeda Acera EC-SHG201 9 Speed,188000,150400,,,,https://www.rodalink.com/id/shimano-acera-cshg201-9-speed-sprocket-732111.html
Spare Part,Sprocket,Shimano Cassette Sprocket Sepeda Tourney ECS-HG200 7 Speed,148000,,,,,https://www.rodalink.com/id/shimano-sprocket-sepeda-tourney-cs-hg200-7-speed-732112.html
Spare Part,Sprocket,Shimano Freewheel Sepeda Tourney EMF-TZ500 7 Speed Freewheel,148000,,,,,https://www.rodalink.com/id/shimano-freewheel-sepeda-tourney-emf-tz500-7-speed-freewheel-735494.html
Spare Part,Sprocket,Shimano Freewheel Sepeda Tourney AMF-TZ510 7 Speed Freewheel,148000,,,,,https://www.rodalink.com/id/shimano-freewheel-sepeda-tourney-amf-tz510-7-speed-freewheel-734884.html
Spare Part,Sprocket,Shimano Freewheel Sepeda Tourney EMF-TZ500 3x7 Speed,118000,,,,,https://www.rodalink.com/id/shimano-freewheel-tourney-mf-tz500-3x7-speed-735493.html
Spare Part,Sprocket,Shimano Cassete Sprocket Sepeda Nexus Gates 24T,225000,112500,,,,https://www.rodalink.com/id/sprocket-polygon-gates-24t.html
Spare Part,Sprocket,Shimano Cassette Sprocket Sepeda Tourney TX ACS-HG200 8 Speed,118000,94400,,,,https://www.rodalink.com/id/shimano-tourney-tx-acs-hg200-8-speed-cassette-sprocket-730634.html
Spare Part,Rem,Shimano Rem Hidrolik Sepeda Dura-Ace Di2 I-R9270-F 2x12 Speed,6998000,,,,,https://www.rodalink.com/id/shimano-rem-hidrolik-sepeda-dura-ace-di2-i-r9270-f-2x12-speed-pa01668.html
Spare Part,Rem,Shimano Rem Hidrolik Sepeda Ultegra Di2 I-R8170-D,6298000,,,,,https://www.rodalink.com/id/shimano-rem-hidrolik-sepeda-ultegra-di2-i-r8170-d-pa01482.html
Spare Part,Rem,Shimano Rem Hidrolik Sepeda Ultegra Di2 I-R8170-F 2x12 Speed,6298000,,,,,https://www.rodalink.com/id/shimano-rem-hidrolik-sepeda-ultegra-di2-i-r8170-f-2x12-speed-pa01670.html
Spare Part,Rem,Shimano Rem Hidrolik Sepeda Ultegra Di2 I-R8170-E 2x12 Speed,6298000,,,,,https://www.rodalink.com/id/shimano-rem-hidrolik-sepeda-ultegra-di2-i-r8170-e-2x12-speed-pa01671.html
Spare Part,Rem,Shimano Rem Hidrolik Sepeda GRX I-RX820-D 2x12 Speed,4248000,,,,,https://www.rodalink.com/id/shimano-rem-hidrolik-sepeda-grx-i-rx820-d-2x12-speed-pa01788.html
Spare Part,Rem,Shimano Rem Hidrolik Sepeda GRX IBR-RX820 12 Speed,4248000,,,,,https://www.rodalink.com/id/shimano-rem-hidrolik-sepeda-grx-ibr-rx820-12-speed-pa01609.html
Spare Part,Rem,Shimano Rem Hidrolik Sepeda 105 Di2 I-R7170 2x12 Speed,4098000,,,,,https://www.rodalink.com/id/shimano-rem-hidrolik-sepeda-105-di2-i-r7170-2x12-speed-pa01665.html
Spare Part,Rem,Shimano Rem Hidrolik Sepeda GRX Di2 K-RX815,3898000,3118400,,,,https://www.rodalink.com/id/shimano-grx-rx815-hydraulic-disc-brake-pa01253.html
Spare Part,Rem,Shimano Rem Hidrolik Sepeda GRX I-RX815,3898000,3118400,,,,https://www.rodalink.com/id/shimano-rem-hidrolik-sepeda-grx-i-rx815-pa01254.html
Spare Part,Rem,Shimano Rem Hidrolik Sepeda GRX IRX810 1x11 Speed,3498000,2798400,,,,https://www.rodalink.com/id/shimano-rem-hidrolik-sepeda-grx-irx810-1x11-speed-pa01841.html
Spare Part,Rem,Shimano Rem Hidrolik Sepeda Cues IU6030 1x10/11 Speed,2748000,,,,,https://www.rodalink.com/id/shimano-rem-hidrolik-sepeda-cues-iu6030-1x10-11-speed-pa01842.html
Spare Part,Rem,Shimano Rem Hidrolik Sepeda Saint I-M820-B,2498000,,,,,https://www.rodalink.com/id/shimano-rem-hidrolik-sepeda-saint-i-m820-b-pa01787.html
Spare Part,Rem,Shimano Rem Hidrolik Depan Sepeda GRX K-RX4002,3148000,2203600,,,,https://www.rodalink.com/id/shimano-grx-rx4002-hydraulic-disc-brake-731070002.html
Spare Part,Rem,Shimano Rem Hidrolik Sepeda Deore XT I-M8120,1898000,,,,,https://www.rodalink.com/id/shimano-hydraulic-disc-brake-sepeda-deore-xt-m8120-pa01248.html
Spare Part,Rem,Shimano Rem Hidrolik Sepeda Dura-Ace IBR-R9170,1828000,,,,,https://www.rodalink.com/id/shimano-rem-hidrolik-sepeda-dura-ace-ibr-r9170-pa01535.html
Spare Part,Rem,Shimano Caliper Brake Sepeda Dura-Ace IBR-R9200,2598000,1818600,,,,https://www.rodalink.com/id/shimano-caliper-brake-sepeda-dura-ace-ibr-r9200-pa01536.html
Spare Part,Rem,Shimano Rem Hidrolik Sepeda Dura-Ace IBR-R9270,1798000,,,,,https://www.rodalink.com/id/shimano-rem-hidrolik-sepeda-dura-ace-ibr-r9270-pa01590.html
Spare Part,Rem,Shimano Rem Hidrolik Sepeda SLX I-M7120,1398000,,,,,https://www.rodalink.com/id/shimano-disc-brake-sepeda-slx-m7120-pa01258.html
Spare Part,Rem,Shimano Caliper Brake Sepeda Dura-Ace KBR-R9100,1948000,1363600,,,,https://www.rodalink.com/id/shimano-dura-ace-r9100-caliper-brake-pa00868.html
Spare Part,Rem,Shimano Rem Hidrolik Sepeda SLX I-M7100,998000,,,,,https://www.rodalink.com/id/shimano-rem-hidrolik-sepeda-slx-i-m7100-pa01477.html
Spare Part,Rem,Shimano Rem Hidrolik Sepeda GRX I-BR-RX820 2x11 Speed,998000,,,,,https://www.rodalink.com/id/shimano-rem-hidrolik-sepeda-grx-i-br-rx820-2x11-speed-pa01667.html
Spare Part,Rem,Shimano Rem Hidrolik Sepeda Ultegra I-BR-R8170 2x12 Speed,878000,,,,,https://www.rodalink.com/id/shimano-rem-hidrolik-sepeda-ultegra-i-br-r8170-2x12-speed-pa01664.html
Spare Part,Rem,Shimano Rem Hidrolik Sepeda Deore A-M6100,848000,,,,,https://www.rodalink.com/id/shimano-rem-hidrolik-sepeda-deore-a-m6100-pa01672.html
Spare Part,Rem,Shimano Rem Hidrolik Sepeda Deore E-M6100,848000,,,,,https://www.rodalink.com/id/shimano-rem-hidrolik-sepeda-deore-e-m6100-pa01484.html
Spare Part,Rem,Shimano Rem Hidrolik Sepeda Ultegra IBR-R8070,848000,,,,,https://www.rodalink.com/id/shimano-rem-hidrolik-sepeda-ultegra-ibr-r8070-pa01608.html
Spare Part,Rem,Shimano Rem Hidrolik Sepeda 105 IBR-R7170,778000,,,,,https://www.rodalink.com/id/shimano-rem-hidrolik-sepeda-105-ibr-r7170-pa01592.html
Spare Part,Rem,Shimano Rem Hidrolik Sepeda 105 IBR-R7070,748000,,,,,https://www.rodalink.com/id/shimano-rem-hidrolik-sepeda-105-ibr-r7070-pa01682.html
Spare Part,Rem,Shimano Caliper Brake Sepeda Ultegra IBR-R8100,1048000,733600,,,,https://www.rodalink.com/id/shimano-caliper-brake-sepeda-ultegra-ibr-r8100-pa01589.html
Spare Part,Rem,Shimano Caliper Brake Sepeda Ultegra IBR-R8000,898000,628600,,,,https://www.rodalink.com/id/shimano-ultegra-br-r8000-brake-caliper-pa00137.html
Spare Part,Rem,Shimano Rem Hidrolik Sepeda Deore E-MT410,498000,,,,,https://www.rodalink.com/id/shimano-rem-hidrolik-sepeda-deore-e-mt410-pa01485.html
Spare Part,Rem,Polygon Rem Mekanik Sepeda MD-C550,428000,,,,,https://www.rodalink.com/id/polygon-rem-mekanik-sepeda-md-c550-pa01487.html
Spare Part,Rem,Shimano Rem Hidrolik Sepeda Altus EMT200,398000,,,,,https://www.rodalink.com/id/shimano-rem-hidrolik-sepeda-altus-emt200-pa01843.html
Spare Part,Rem,Shimano Rem Hidrolik Sepeda Altus E-MT200,328000,,,,,https://www.rodalink.com/id/shimano-altus-disc-brake-sepeda-hidrolik-mt200-individual-packaging-pa01240.html
Spare Part,Rem,Polygon Caliper Brake Set Sepeda Tektro R13,298000,,,,,https://www.rodalink.com/id/polygon-caliper-brake-sepeda-tektro-r13-732878001.html
Spare Part,Rem,Shimano SM-MA-R140P/D Rear 140mm P/D Disc Brake Mount Adapter Sepeda,278000,,,,,https://www.rodalink.com/id/shimano-sm-ma-r140p-d-rear-140mm-p-d-disc-brake-mount-adapter.html
Spare Part,Rem,Shimano SM-MA-R160P/D Rear 160mm P/D Disc Brake Mount Adapter Sepeda,278000,,,,,https://www.rodalink.com/id/shimano-sm-ma-r160p-d-rear-160mm-p-d-disc-brake-mount-adapter.html
Spare Part,Rem,Shimano Caliper Brake Sepeda Tiagra EBR-R4700,348000,243600,,,,https://www.rodalink.com/id/shimano-tiagra-br-r4700-brake-caliper-pa00169.html
Spare Part,Rem,Polygon Rem Mekanik Sepeda Aries,228000,,,,,https://www.rodalink.com/id/polygon-aries-mechanical-disc-brake-721632.html
Spare Part,Rem,Shimano Caliper Brake Sepeda Sora EBR-R3000,298000,208600,,,,https://www.rodalink.com/id/shimano-sora-r3000-caliper-brake-pa00873.html
Spare Part,Rem,Shimano SM-MA-R160D/D Rear 160mm D/D Disc Brake Mount Adapter Sepeda,148000,,,,,https://www.rodalink.com/id/shimano-sm-ma-r160d-d-rear-160mm-d-d-disc-brake-mount-adapter-sepeda.html
Spare Part,Rem,Shimano Caliper Adapter Belakang ISM-MA-R160DDB,128000,,,,,https://www.rodalink.com/id/shimano-caliper-adapter-belakang-ism-ma-r160ddb.html
Spare Part,Rem,Shimano Caliper Adapter Belakang KSM-MA-R160DDA,128000,,,,,https://www.rodalink.com/id/shimano-caliper-adapter-belakang-ksm-ma-r160dda.html
Spare Part,Rem,Shimano SM-MA-F203P/P Front 203mm P/P Disc Brake Mount Adapter Sepeda - Individual Packaging,118000,,,,,https://www.rodalink.com/id/shimano-sm-ma-f203p-p-front-203mm-p-p-disc-brake-mount-adapter-sepeda-individual-packaging.html
Spare Part,Rem,Polygon Rem Mekanik Sepeda Monarch,99000,,,,,https://www.rodalink.com/id/polygon-disc-brake-for-monarch-725187.html
Spare Part,Rem,Shimano SM-MA-F180P/P2 Front 180mm P/P Disc Brake Mount Adapter Sepeda,99000,,,,,https://www.rodalink.com/id/shimano-sm-ma-f180p-p2-front-180mm-p-p-disc-brake-mount-adapter.html
Spare Part,Rem,Polygon V-Brake Set Sepeda Monarch,59000,,,,,https://www.rodalink.com/id/polygon-v-brake-set-for-monarhc-725186001.html
Spare Part,Rem,Shimano SM-MA-F180P/P Front 180mm P/P Disc Brake Mount Adapter Sepeda,58000,,,,,https://www.rodalink.com/id/shimano-sm-ma-f180p-p-front-180mm-p-p-disc-brake-mount-adapter.html
Spare Part,Rem,Shimano BR-RS505 Y8N208030 Caliper Fixing Bolt C 30mm,49000,,,,,https://www.rodalink.com/id/shimano-br-rs505-y8n208030-caliper-fixing-bolt-c-30mm.html
Spare Part,Rem,Shimano BR-RS505 Y8N208040 Caliper Fixing Bolt C 35mm,49000,,,,,https://www.rodalink.com/id/shimano-br-rs505-y8n208040-caliper-fixing-bolt-c-35mm.html
Spare Part,Rem,Shimano SM-BH60 Banjo Bolt & O-Ring Sepeda,24000,,,,,https://www.rodalink.com/id/shimano-sm-bh60-banjo-bolt-o-ring.html
Spare Part,Rem,Shimano Olive & Connecter Insert SM-BH59 Y8H298045 50x,18000,,,,,https://www.rodalink.com/id/shimano-olive-connecter-insert-sm-bh59-y8h298045-50x.html
Spare Part,Handle Rem,Shimano Brake Lever Sepeda GRX IBL-RX812,748000,448800,,,,https://www.rodalink.com/id/shimano-brake-lever-sepeda-grx-ibl-rx812-pa01584.html
Spare Part,Handle Rem,Shimano Brake Lever Sepeda Tiagra EBL-4700,178000,,,,,https://www.rodalink.com/id/shimano-brake-lever-sepeda-tiagra-bl-4700-733317.html
Spare Part,Handle Rem,Shimano Brake Lever Sepeda Sora EBL-R3000,138000,,,,,https://www.rodalink.com/id/shimano-brake-lever-sepeda-sora-bl-r3000-733319.html
Spare Part,Handle Rem,Shimano Brake Lever Sepeda Alivio EBL-T4000,98000,,,,,https://www.rodalink.com/id/shimano-brake-lever-sepeda-alivio-bl-t4000-733321.html
Spare Part,Handle Rem,Polygon Brake Lever Sepeda RS-360A,84000,,,,,https://www.rodalink.com/id/brake-lever-polygon-tektro-rs-360a.html
Spare Part,Pad & Kampas Rem,Shimano H03C Metal Disc Brake Pads Sepeda with Cooling Fin & Spring,478000,,,,,https://www.rodalink.com/id/shimano-h03c-metal-disc-brake-pads-with-cooling-fin-spring.html
Spare Part,Pad & Kampas Rem,Shimano Disc Brake Pads Sepeda H03C IBPH03CMFA Metal with Cooling Fins,398000,,,,,https://www.rodalink.com/id/shimano-disc-brake-pads-sepeda-h03c-ibph03cmfa-metal-with-cooling-fins.html
Spare Part,Pad & Kampas Rem,Shimano Disc Brake Pads Sepeda N03A-RF EBPN03ARFA With Fin Resin,298000,,,,,https://www.rodalink.com/id/shimano-disc-brake-pads-sepeda-n03a-rf-ebpn03arfa-with-fin-resin-736896.html
Spare Part,Pad & Kampas Rem,Shimano Disc Brake Pads Sepeda L05S-RF EBPL05ARFA Resin with Cooling Fins,298000,,,,,https://www.rodalink.com/id/shimano-disc-brake-pads-sepeda-l05s-rf-ebpl05arfa-resin-with-cooling-fins.html
Spare Part,Pad & Kampas Rem,Shimano Disc Brake Pads Sepeda N03A Y1XD98010 Resin with Cooling Fins & Spring,278000,,,,,https://www.rodalink.com/id/shimano-disc-brake-pads-sepeda-n03a-y1xd98010-resin-with-cooling-fins-spring.html
Spare Part,Pad & Kampas Rem,Shimano Brake Pads Sepeda J03A Resin with Cooling Fin & Spring,278000,,,,,https://www.rodalink.com/id/shimano-j03a-resin-disc-brake-pads-with-cooling-fin-spring-732119.html
Spare Part,Pad & Kampas Rem,Shimano Disc Brake Pads Sepeda J05A Y2R298020 Resin with Cooling Fins,278000,,,,,https://www.rodalink.com/id/shimano-disc-brake-pads-sepeda-j05a-y2r298020-resin-with-cooling-fins.html
Spare Part,Pad & Kampas Rem,Shimano Disc Brake Pads Sepeda J05A-RF EBPJ05ARFA Resin with Cooling Fins,278000,,,,,https://www.rodalink.com/id/shimano-disc-brake-pads-sepeda-j05a-rf-ebpj05arfa-resin-with-cooling-fins.html
Spare Part,Pad & Kampas Rem,Shimano R55C4 Brake Shoes & Fixing Bolts Carbon Rim Sepeda,228000,,,,,https://www.rodalink.com/id/shimano-r55c4-brake-shoes-fixing-bolts-for-carbon-rims.html
Spare Part,Pad & Kampas Rem,Shimano Brake Pads (M04) Y8B298090,148000,,,,,https://www.rodalink.com/id/brake-pads-shimano-m04-y8b298090.html
Spare Part,Pad & Kampas Rem,Shimano Disc Brake Pads Sepeda G05S EBPG05SRXA Resin,99000,,,,,https://www.rodalink.com/id/shimano-disc-brake-pads-sepeda-g05s-ebpg05srxa-resin.html
Spare Part,Pad & Kampas Rem,Shimano Tiagra BR-4700 R50T5 Brake Shoe Set Sepeda,118000,94400,,,,https://www.rodalink.com/id/shimano-tiagra-br-4700-r50t5-brake-shoe-set.html
Spare Part,Pad & Kampas Rem,Shimano Disc Brake Pads Sepeda B05S-RX EBPB05SRXA Resin,94000,,,,,https://www.rodalink.com/id/shimano-disc-brake-pads-sepeda-b05s-rx-ebpb05srxa-resin.html
Spare Part,Pad & Kampas Rem,Shimano R55C4 Brake Shoes & Fixing Bolts Sepeda,82000,,,,,https://www.rodalink.com/id/shimano-r55c4-brake-shoes-fixing-bolts.html
Spare Part,Pad & Kampas Rem,Shimano BR-M510 S70T Brake Shoe Set Sepeda,74000,,,,,https://www.rodalink.com/id/shimano-br-m510-s70t-brake-shoe-set.html
Spare Part,Pad & Kampas Rem,Shimano M70CT4 Cartridge Brake Inserts & Fixing Pins Sepeda,59000,,,,,https://www.rodalink.com/id/shimano-m70ct4-cartridge-brake-inserts-fixing-pins.html
Spare Part,Pad & Kampas Rem,Polygon Brake Shoe Sepeda Road Tektro P473,59000,,,,,https://www.rodalink.com/id/polygon-brake-shoe-sepeda-road-tektro-p473-730864.html
Spare Part,Pad & Kampas Rem,Polygon Brake Pads Monarch,42000,,,,,https://www.rodalink.com/id/polygon-brake-pads-monarch.html
Spare Part,Pad & Kampas Rem,Shimano Deore BR-M555 Disc Brake Pads Sepeda,79000,39500,,,,https://www.rodalink.com/id/shimano-deore-br-m555-disc-brake-pads.html
Spare Part,Pad & Kampas Rem,Polygon Brake Pad for Disc Brake Zoom DB-450,99000,29700,,,,https://www.rodalink.com/id/brake-pad-polygon-for-disc-brake-zoom-db-450.html
Spare Part,Pad & Kampas Rem,Polygon Brake Shoe Sepeda Road HJ-405,59000,29500,,,,https://www.rodalink.com/id/polygon-brake-shoe-sepeda-road-hj-405-735518.html
Spare Part,Pad & Kampas Rem,Polygon Brake Shoe Bolt Type,29000,,,,,https://www.rodalink.com/id/brake-shoe-polygon-bolt-type.html
Spare Part,Pad & Kampas Rem,Polygon Brake Pad for Disc Brake Tektro IO,55000,16500,,,,https://www.rodalink.com/id/brake-pad-polygon-for-disc-brake-tektro-io.html
Spare Part,Rotor,Shimano Rotor Sepeda Dura-Ace IRT-CL900 Centerlock,948000,,,,,https://www.rodalink.com/id/shimano-rotor-sepeda-dura-ace-irt-cl900-centerlock-pa01680.html
Spare Part,Rotor,Shimano Rotor Sepeda ERT-EM810 - External Spline Lock Ring,778000,,,,,https://www.rodalink.com/id/shimano-rotor-sepeda-ert-em810-external-spline-lock-ring-pa01475.html
Spare Part,Rotor,Shimano Rotor Sepeda XTR KSM-RT-MT900 - External Spline Lock Ring,1048000,733600,,,,https://www.rodalink.com/id/shimano-rotor-sepeda-xtr-ksm-rt-mt900-external-spline-lock-ring-pa01338.html
Spare Part,Rotor,Shimano Rotor Sepeda Ultegra IRT-CL800 - External Spline Lock Ring,698000,,,,,https://www.rodalink.com/id/shimano-rotor-sepeda-ultegra-irt-cl800-external-spline-lock-ring-pa01681.html
Spare Part,Rotor,Shimano Rotor Sepeda Dura-Ace ISM-RT900 - Internal Spline Lock Ring,898000,628600,,,,https://www.rodalink.com/id/shimano-rotor-sepeda-dura-ace-ism-rt900-internal-spline-lock-ring-pa01340.html
Spare Part,Rotor,Shimano Rotor Sepeda Deore XT ESM-RT86 6-Bolt,598000,,,,,https://www.rodalink.com/id/shimano-rotor-sepeda-deore-xt-esm-rt86-6-bolt-pa01722.html
Spare Part,Rotor,Shimano Rotor Sepeda ERT-CL700 - External Spline Lock Ring,478000,,,,,https://www.rodalink.com/id/shimano-rotor-sepeda-ert-cl700-external-spline-lock-ring-pa01833.html
Spare Part,Rotor,Shimano Rotor Sepeda Deore XT ISM-RT86 6-Bolt,378000,,,,,https://www.rodalink.com/id/shimano-deore-xt-rt86-6-bolt-brake-rotor-pa01127.html
Spare Part,Rotor,Shimano Rotor Sepeda ERT-EM600 - External Spline Lock Ring,378000,,,,,https://www.rodalink.com/id/shimano-rotor-sepeda-ert-em600-external-spline-lock-ring-pa01474.html
Spare Part,Rotor,Shimano Rotor Sepeda Deore XT KRT-MT800 - External Spline Lock Ring,448000,313600,,,,https://www.rodalink.com/id/shimano-deore-xt-mt800-centerlock-brake-rotor-pa01131.html
Spare Part,Rotor,Shimano Rotor Sepeda Deore XT IRT-MT800 - External Spline Lock Ring,448000,313600,,,,https://www.rodalink.com/id/shimano-rotor-sepeda-deore-xt-rt-mt800-external-spline-lock-ring-pa01330.html
Spare Part,Rotor,Shimano Rotor Sepeda Deore XT KSM-RT86 6-Bolt,378000,302400,,,,https://www.rodalink.com/id/shimano-rotor-sepeda-deore-xt-rt86-6-bolt.html
Spare Part,Rotor,Shimano Rotor Sepeda ESM-RT70 - External Spline Lock Ring,278000,,,,,https://www.rodalink.com/id/shimano-rotor-sepeda-esm-rt70-external-spline-lock-ring-pa01836.html
Spare Part,Rotor,Shimano Rotor Sepeda SLX ISM-RT70 - External Spline Lock Ring,278000,222400,,,,https://www.rodalink.com/id/shimano-rotor-sepeda-slx-ism-rt70-external-spline-lock-ring-pa01339.html
Spare Part,Rotor,Shimano Rotor Sepeda SLX ESM-RT66 6-Bolt,188000,182400,,,,https://www.rodalink.com/id/shimano-rotor-sepeda-slx-sm-rt66-6-bolt-pa01329.html
Spare Part,Rotor,Shimano Rotor Sepeda Deore ESM-RT54 - External Spline Lock Ring,178000,,,,,https://www.rodalink.com/id/shimano-rotor-sepeda-deore-esm-rt54-external-spline-lock-ring-pa01476.html
Spare Part,Rotor,Shimano Rotor Sepeda ESM-RT54 - External Spline Lock Ring,178000,,,,,https://www.rodalink.com/id/shimano-rotor-sepeda-esm-rt54-external-spline-lock-ring-pa01835.html
Spare Part,Rotor,Shimano Rotor Sepeda SLX KSM-RT70 - Internal Spline Lock Ring,348000,174000,,,,https://www.rodalink.com/id/shimano-slx-rt70-centerlock-brake-rotor-pa01128.html
Spare Part,Rotor,Shimano Rotor Sepeda ESM-RT30 Center Lock,158000,,,,,https://www.rodalink.com/id/shimano-rotor-sepeda-esm-rt30-center-lock-pa01593.html
Spare Part,Rotor,Shimano Rotor Sepeda Deore ESM-RT56 6-Bolt,118000,,,,,https://www.rodalink.com/id/shimano-rotor-sepeda-deore-sm-rt56-6-bolt-pa01331.html
Spare Part,Rotor,Shimano Rotor Sepeda ESM-RT26 6-Bolt,99000,,,,,https://www.rodalink.com/id/shimano-rotor-sepeda-esm-rt26-6-bolt-pa01834.html
Spare Part,Rotor,Shimano Rotor Sepeda Deore ASM-RT54 - External Spline Lock Ring,168000,84000,,,,https://www.rodalink.com/id/shimano-rotor-sepeda-deore-sm-rt54-centerlock-734894.html
Spare Part,Rotor,Shimano Center Lock Lock Ring & Washer Sepeda SM-RT96,79000,,,,,https://www.rodalink.com/id/shimano-center-lock-lock-ring-washer-sm-rt96.html
Spare Part,Rotor,Shimano Rotor Sepeda Tourney TX ASM-RT26 6-Bolt,128000,64000,,,,https://www.rodalink.com/id/shimano-rotor-sepeda-tourney-tx-sm-rt26-6-bolt-pa01328.html
Spare Part,Rotor,Shimano Y24698030 Lock Ring & Washer E-Thru External,59000,,,,,https://www.rodalink.com/id/shimano-y24698030-lock-ring-washer-e-thru-external.html
Spare Part,Rotor,Shimano Lock Ring Sepeda for Center Lock,49000,,,,,https://www.rodalink.com/id/shimano-lock-ring-for-center-lock.html
Spare Part,Footstep,Polygon Pegs Footstep Sepeda BMX,59000,,,,,https://www.rodalink.com/id/pegs-bmx-polygon.html
Spare Part,Sadel,Pro Sadel Sepeda Stealth Superlight Carbon 142 mm,4998000,,,,,https://www.rodalink.com/id/pro-sadel-sepeda-stealth-superlight-carbon-142-mm.html
Spare Part,Sadel,Pro Sadel Sepeda Stealth Superlight AF Carbon,4998000,,,,,https://www.rodalink.com/id/pro-sedel-sepeda-stealth-superlight-af-carbon-pa01735.html
Spare Part,Sadel,Pro Sadel Sepeda Stealth 3D Team,4998000,,,,,https://www.rodalink.com/id/pro-sadel-sepeda-stealth-3d-team-pa01877.html
Spare Part,Sadel,Brooks Sadel Sepeda B17 Special,3198000,,,,,https://www.rodalink.com/id/sadel-brook-b17-special-copper-40445.html
Spare Part,Sadel,Brooks Sadel Sepeda Cambium C13 Carved Carbon 158,3198000,,,,,https://www.rodalink.com/id/brooks-sadel-sepeda-cambium-c13-carved-carbon-158-732615001.html
Spare Part,Sadel,Brooks Sadel Sepeda B15 Swallow Chrome,3198000,,,,,https://www.rodalink.com/id/sadel-brooks-b15-swallow-steel-40469.html
Spare Part,Sadel,Brooks Sadel Sepeda Swift Chrome,3198000,,,,,https://www.rodalink.com/id/sadel-brooks-swift-special-40649.html
Spare Part,Sadel,Brooks Sadel Sepeda Cambium C13 All Weather 158,3198000,,,,,https://www.rodalink.com/id/brooks-sadel-sepeda-cambium-c13-all-weather-158-732663001.html
Spare Part,Sadel,Brooks Sadel Sepeda C17 Special,2998000,,,,,https://www.rodalink.com/id/brooks-sadel-sepeda-c17-special-pa01736.html
Spare Part,Sadel,Pro Sadel Sepeda Stealth Curved Team,2998000,,,,,https://www.rodalink.com/id/pro-sadel-sepeda-stealth-curved-team-pa01446.html
Spare Part,Sadel,Pro Sadel Sepeda Stealth Aero TSA 1.1,2998000,,,,,https://www.rodalink.com/id/pro-sadel-sepeda-stealth-aero-tsa-1-1-738500001.html
Spare Part,Sadel,Pro Sadel Sepeda Stealth Team,2998000,,,,,https://www.rodalink.com/id/pro-sadel-sepeda-stealth-team-pa01392.html
Spare Part,Sadel,Brooks Sadel Sepeda Leather B68,2698000,,,,,https://www.rodalink.com/id/brooks-sadel-sepeda-leather-b68-739253.html
Spare Part,Sadel,Brooks Sadel Sepeda B17 Imperial,2498000,,,,,https://www.rodalink.com/id/sadel-brook-b17-imperial-40421.html
Spare Part,Sadel,Brooks Sadel Sepeda B17 Standard,2498000,,,,,https://www.rodalink.com/id/sadel-brooks-b17-standard-40517.html
Spare Part,Sadel,Pro Sadel Sepeda Stealth Performance,2348000,,,,,https://www.rodalink.com/id/pro-sadel-sepeda-stealth-performance-pa00512.html
Spare Part,Sadel,Brooks Sadel Sepeda Cambium C15 All Weather,2198000,,,,,https://www.rodalink.com/id/brooks-sadel-sepeda-cambium-c15-all-weather.html
Spare Part,Sadel,Brooks Sadel Sepeda Cambium C15 Carved All Weather,2198000,,,,,https://www.rodalink.com/id/brooks-sadel-sepeda-cambium-c15-carved-all-weather.html
Spare Part,Sadel,Brooks Sadel Sepeda Cambium C17 All Weather,2198000,,,,,https://www.rodalink.com/id/brooks-cambium-c17-all-weather-saddle-731546.html
Spare Part,Sadel,Pro Sadel Sepeda Stealth Performance LTD,1748000,,,,,https://www.rodalink.com/id/pro-sadel-sepeda-stealth-performance-ltd-736861.html
Spare Part,Sadel,Pro Sadel Sepeda Stealth Offroad Sport,1498000,,,,,https://www.rodalink.com/id/pro-sadel-sepeda-stealth-offroad-sport-pa01647.html
Spare Part,Sadel,Brooks Sadel Sepeda C67,1728000,1382400,,,,https://www.rodalink.com/id/brooks-sadel-sepeda-c67-733036001.html
Spare Part,Sadel,Pro Sadel Sepeda Griffon Offroad,1398000,1118400,,,,https://www.rodalink.com/id/pro-griffon-offroad-saddle-pa01555.html
Spare Part,Sadel,Pro Sadel Sepeda Tunix Off-road,1248000,998400,,,,https://www.rodalink.com/id/pro-sadel-sepeda-turnix-off-road-142-mm.html
Spare Part,Sadel,Pro Sadel Sepeda Turnix 142 mm,998000,,,,,https://www.rodalink.com/id/pro-sadel-sepeda-turnix-142-mm.html
Spare Part,Sadel,Selle Royal Sadel Sepeda Scientia Moderate M1 Small Unisex,998000,848300,,,,https://www.rodalink.com/id/sadel-selle-royal-scientia-moderate-m1-small-unsex.html
Spare Part,Sadel,Selle Royal Sadel Sepeda Scientia Athletic A1 Small Unisex,998000,848300,,,,https://www.rodalink.com/id/sadel-selle-royal-scientia-athletic-a1-small-unisex.html
Spare Part,Sadel,Selle Royal Sadel Sepeda On Athletic Unisex,998000,848300,,,,https://www.rodalink.com/id/selle-royal-sadel-sepeda-on-athletic-unisex-735594001.html
Spare Part,Sadel,Selle Royal Sadel Sepeda Scientia Athletic A2 Medium Unisex,998000,848300,,,,https://www.rodalink.com/id/sadel-selle-royal-scientia-athletic-a2-medium-unisex.html
Spare Part,Sadel,Selle Royal Sadel Sepeda Vaia Athletic Unisex,798000,,,,,https://www.rodalink.com/id/selle-royal-sadel-sepeda-vaia-athletic-unisex-738430001.html
Spare Part,Sadel,Selle Royal Sadel Sepeda SRX Open,448000,,,,,https://www.rodalink.com/id/selle-royal-sadel-sepeda-srx-open-738433001.html
Spare Part,Sadel,WTB Sadel Sepeda Pure Steel Rail,428000,,,,,https://www.rodalink.com/id/wtb-sadel-sepeda-pure-steel-rail-732695001.html
Spare Part,Sadel,WTB Sadel Sepeda Koda Steel Rail,428000,,,,,https://www.rodalink.com/id/wtb-sadel-sepeda-koda-with-steel-rail-pa01749.html
Spare Part,Sadel,WTB Sadel Sepeda Silverado Steel Rail,428000,,,,,https://www.rodalink.com/id/wtb-sadel-sepeda-silverado-with-steel-rail.html
Spare Part,Sadel,WTB Sadel Sepeda Rocket Streel Rail,428000,,,,,https://www.rodalink.com/id/wtb-sadel-sepeda-rocket-with-streel-rail.html
Spare Part,Sadel,Selle Royal Sadel Sepeda Lookin Athletic Unisex RoyalGel,428000,363800,,,,https://www.rodalink.com/id/selle-royal-sadel-sepeda-lookin-athletic-unisex-royalgel-731400001.html
Spare Part,Sadel,Selle Royal Sadel Sepeda Freeway Fit Athletic Unisex,348000,,,,,https://www.rodalink.com/id/selle-royal-sadel-sepeda-freeway-fit-athletic-unisex-731396001.html
Spare Part,Sadel,Selle Royal Cover Sadel Sepeda Gel Large,198000,,,,,https://www.rodalink.com/id/selle-royal-cover-sadel-sepeda-gel-large.html
Spare Part,Sadel,Cycliste Sadel Sepeda Sport Athletic Vacuum,148000,,,,,https://www.rodalink.com/id/cycliste-sadel-sepeda-sport-athletic-vacuum-741497001.html
Spare Part,Sadel,Cycliste Sadel Sepeda Sport Moderate Vacuum,148000,,,,,https://www.rodalink.com/id/cycliste-sadel-sepeda-sport-moderate-vacuum-741498001.html
Spare Part,Sadel,Polygon Sadel Carrier Sepeda Sierra - 2017 Series,118000,,,,,https://www.rodalink.com/id/polygon-sadel-carrier-sepeda-sierra-2017-series.html
Spare Part,Sadel,Selle Royal Cover Sadel Sepeda Memory Foam Large,198000,99000,,,,https://www.rodalink.com/id/selle-royal-cover-sadel-sepeda-memory-foam-large-723075.html
Spare Part,Sadel,Rodalink Sadel Sepeda Comfort SC01 With Clamp,99000,,,,,https://www.rodalink.com/id/rodalink-sadel-sepeda-comfort-sc01-with-clamp-737896001.html
Spare Part,Sadel,Selle Royal Cover Sadel Sepeda Gel Medium,198000,99000,,,,https://www.rodalink.com/id/cover-sadel-selle-royal-sr-gel-seat-cover-medium.html
Spare Part,Sadel,Polygon Cover Sadel Sepeda VLC-062,179000,89000,,,,https://www.rodalink.com/id/polygon-cover-sadel-sepeda-vlc-062-732844.html
Spare Part,Sadel,Polygon Cover Sadel Sepeda Comfort Gel,99000,49000,,,,https://www.rodalink.com/id/polygon-comfort-gel-saddle-cover.html
Spare Part,Sadel,Polygon Cover Sadel Sepeda Sport  Gel,99000,49000,,,,https://www.rodalink.com/id/polygon-sport-gel-saddle-cover.html
Spare Part,Seat Clamp,Polygon Seat Clamp Sepeda Strattos S7 Disc-S8 Disc,148000,,,,,https://www.rodalink.com/id/polygon-seat-clamp-sepeda-strattos-s7-disc-s8-disc-735294001.html
Spare Part,Seat Clamp,Polygon Seat Clamp Set Sepeda Strattos Carbon,148000,,,,,https://www.rodalink.com/id/polygon-seat-clamp-set-sepeda-strattos-carbon-738309001.html
Spare Part,Seat Clamp,Entity Seat Clamp Sepeda Y21 35 mm,89000,,,,,https://www.rodalink.com/id/entity-seat-clamp-sepeda-y21-35-mm-735268001.html
Spare Part,Seat Clamp,Polygon Seat Clamp Sepeda Strattos S2-S5-S5 Disc,89000,,,,,https://www.rodalink.com/id/polygon-seat-clamp-sepeda-strattos-s2-s5-s5-disc.html
Spare Part,Seat Clamp,Polygon Seat Clamp Sepeda QR 35 mm,54000,,,,,https://www.rodalink.com/id/seat-clamp-polygon-35mm-with-qr.html
Spare Part,Seat Clamp,Polygon Seat Clamp Sepeda 40.1 mm QR,49000,,,,,https://www.rodalink.com/id/polygon-seat-clamp-sepeda-40-1-mm-qr-202433001.html
Spare Part,Seat Clamp,Polygon Seat Clamp Sepeda LD-QR4001 QR 40mm,44000,,,,,https://www.rodalink.com/id/seat-clamp-polygon-ld-qr4001-40mm-qr.html
Spare Part,Seat Clamp,Polygon Seat Clamp Sepeda Babkat-101 with SQR-118,35000,,,,,https://www.rodalink.com/id/seat-clamp-polygon-babkat-101-with-sqr-118.html
Spare Part,Seat Clamp,Polygon Seat Clamp Sepeda AT-101 with SQR-115,35000,,,,,https://www.rodalink.com/id/seat-clamp-polygon-at-101-with-sqr-115.html
Spare Part,Seat Clamp,Polygon Seat Pin Sepeda QR,29000,,,,,https://www.rodalink.com/id/seat-pin-polygon-qr.html
Spare Part,Seat Clamp,Polygon Seat Clamp Sepeda with Pin QR,25000,,,,,https://www.rodalink.com/id/seat-clamp-polygon-seat-pin-qr-500819.html
Spare Part,Seat Clamp,Polygon Seat Clamp Sepeda AT-12 with Pin,22000,11000,,,,https://www.rodalink.com/id/seat-clamp-polygon-at-12-with-pin.html
Spare Part,Seat Post,Kind Shock Seat Post Sepeda Suspensi e-Ten,1648000,,,,,https://www.rodalink.com/id/kind-shock-seat-post-suspension-sepeda-e-ten-pa01205.html
Spare Part,Seat Post,Exa Form Seat Post Sepeda Suspensi KSP900-i,1298000,,,,,https://www.rodalink.com/id/exa-form-seat-post-sepeda-suspensi-ksp900-i-pa01385.html
Spare Part,Seat Post,Polygon Seat Post Sepeda Helios A,1148000,,,,,https://www.rodalink.com/id/polygon-seat-post-sepeda-helios-a-pa01638.html
Spare Part,Seat Post,Ritchey Seat Post Sepeda Comp 2-Bolt,798000,,,,,https://www.rodalink.com/id/ritchey-seat-post-sepeda-comp-2-bolt-730756.html
Spare Part,Seat Post,Ritchey Seat Post Sepeda 2-Bolt,398000,,,,,https://www.rodalink.com/id/ritchey-seat-post-sepeda-2-bolt-pa01378.html
Spare Part,Seat Post,Cycliste Seat Post Sepeda SP-01,198000,,,,,https://www.rodalink.com/id/cycliste-seat-post-sepeda-sp-01-pa01860.html
Spare Part,Seat Post,Polygon Seat Post Sepeda C-208,99000,,,,,https://www.rodalink.com/id/polygon-c-208-seat-post.html
Spare Part,Seat Post,Entity Seat Post Sepeda Expert,328000,98400,,,,https://www.rodalink.com/id/entity-seat-post-sepeda-expert-pa01200.html
Spare Part,Seat Post,Polygon Seat Post Sepeda Alloy 02 Sport,148000,75000,,,,https://www.rodalink.com/id/polygon-alloy-02-sport-seat-post.html
Spare Part,Seat Post,Polygon Seat Post Sepeda SP-209,94000,47000,,,,https://www.rodalink.com/id/polygon-sp-209-seat-post.html
Spare Part,Pedal,Shimano Pedal Sepeda XTR Enduro IPD-M9220,2748000,,,,,https://www.rodalink.com/id/shimano-pedal-sepeda-xtr-enduro-ipd-m9220-741884001.html
Spare Part,Pedal,Shimano Pedal Sepeda XTR XC IPD-M9200,2498000,,,,,https://www.rodalink.com/id/shimano-pedal-sepeda-xtr-xc-ipd-m9200-740352001.html
Spare Part,Pedal,Shimano Pedal Sepeda Dura-Ace Clipless IPD-R9100,2498000,,,,,https://www.rodalink.com/id/shimano-clipless-dura-ace-r9100-pedal-724879001.html
Spare Part,Pedal,Shimano Pedal Sepeda XTR IPD-M9120,2248000,,,,,https://www.rodalink.com/id/shimano-pedal-sepeda-xtr-m9120-individual-packaging-728777001.html
Spare Part,Pedal,Shimano Pedal Sepeda Ultegra IPD-R8000,2098000,,,,,https://www.rodalink.com/id/shimano-road-ultegra-r8000-pedals-individual-packaging-726664001.html
Spare Part,Pedal,Shimano Pedal Sepeda 105 EPD-R7000,1748000,,,,,https://www.rodalink.com/id/shimano-pedal-sepeda-105-epd-r7000-728432001.html
Spare Part,Pedal,Shimano Pedal Sepeda Saint EPD-M821,1548000,,,,,https://www.rodalink.com/id/shimano-pedal-sepeda-saint-epd-m821-736452001.html
Spare Part,Pedal,Shimano Pedal Sepeda Deore XT EPD-M8120,1398000,,,,,https://www.rodalink.com/id/shimano-pedal-sepeda-deore-xt-m8120-731012001.html
Spare Part,Pedal,Shimano Pedal Sepeda Saint EPD-M828,1698000,1358400,,,,https://www.rodalink.com/id/shimano-saint-m828-pedal.html
Spare Part,Pedal,Shimano Pedal Sepeda Deore XT EPD-M8100,1198000,,,,,https://www.rodalink.com/id/shimano-pedal-sepeda-deore-xt-m8100-731011001.html
Spare Part,Pedal,Shimano Pedal Sepeda Deore XT Clipless EPD-T8000,1198000,,,,,https://www.rodalink.com/id/shimano-pedal-sepeda-clipless-deore-xt-t8000.html
Spare Part,Pedal,MKS Pedal Sepeda Touring Lite Ezy Superior,1498000,1048600,,,,https://www.rodalink.com/id/mks-touring-lite-ezy-superior-pedal.html
Spare Part,Pedal,Shimano Pedal Sepeda Clipless EPD-R550,898000,,,,,https://www.rodalink.com/id/pedal-shimano-pd-r550.html
Spare Part,Pedal,Shimano Pedal Sepeda Road EPD-R550 Hitam,898000,,,,,https://www.rodalink.com/id/shimano-pedal-sepeda-road-r550.html
Spare Part,Pedal,Shimano Pedal Sepeda EPD-EH500 Explorer SPD,848000,,,,,https://www.rodalink.com/id/shimano-pedal-sepeda-pd-eh500-explorer-spd-729736001.html
Spare Part,Pedal,Shimano Pedal Sepeda Clipless EPD-M540,778000,,,,,https://www.rodalink.com/id/shimano-pedal-sepeda-clipless-m540.html
Spare Part,Pedal,HT Pedal Sepeda Flat Platform HT-AE05 Evo+ Alloy,1498000,749000,,,,https://www.rodalink.com/id/ht-pedal-sepeda-flat-platform-ae05-evo-alloy-732390.html
Spare Part,Pedal,Shimano Pedal Sepeda EPD-GR500,748000,,,,,https://www.rodalink.com/id/shimano-pedal-sepeda-gr500-728304001.html
Spare Part,Pedal,MKS Pedal Sepeda UB-Lite Ezy,998000,698600,,,,https://www.rodalink.com/id/mks-ub-lite-ezy-pedal.html
Spare Part,Pedal,MKS Pedal Sepeda Cygma Ezy,998000,698600,,,,https://www.rodalink.com/id/mks-cygma-ezy-pedal.html
Spare Part,Pedal,MKS Pedal Sepeda MT-E EZY,998000,698600,,,,https://www.rodalink.com/id/mks-pedal-sepeda-mt-e-ezy-731256001.html
Spare Part,Pedal,Spank Pedal Sepeda Spike,1298000,649000,,,,https://www.rodalink.com/id/spank-pedal-sepeda-spike-pa01076.html
Spare Part,Pedal,Shimano Pedal Sepeda EPD-ME700,598000,,,,,https://www.rodalink.com/id/shimano-pedal-sepeda-pd-me700-732929001.html
Spare Part,Pedal,Shimano Pedal Sepeda EPD-RS500,598000,,,,,https://www.rodalink.com/id/shimano-epd-rs500-spd-sl-pedal-sepeda.html
Spare Part,Pedal,Shimano Pedal Sepeda Flat EPD-GR400,598000,,,,,https://www.rodalink.com/id/shimano-pedal-sepeda-flat-pd-gr400-736450.html
Spare Part,Pedal,Polygon Pedal Sepeda Road PP-01,598000,,,,,https://www.rodalink.com/id/polygon-pedal-sepeda-road-pp-01-742246.html
Spare Part,Pedal,Spank Pedal Sepeda Spoon 100,1098000,549000,,,,https://www.rodalink.com/id/spank-pedal-sepeda-spoon-100-734878.html
Spare Part,Pedal,Spank Pedal Sepeda Flat Spoon 90,1098000,549000,,,,https://www.rodalink.com/id/spank-pedal-sepeda-flat-spoon-90-736207.html
Spare Part,Pedal,Cycliste Pedal Sepeda PD-C03 LED,548000,,,,,https://www.rodalink.com/id/cycliste-pedal-sepeda-pd-c03-led-741879.html
Spare Part,Pedal,Shimano Pedal Sepeda Clipless EPD-M520,528000,,,,,https://www.rodalink.com/id/pedal-shimano-pd-m520-40061.html
Spare Part,Pedal,Shimano Pedal Sepeda EPD-ED500,498000,,,,,https://www.rodalink.com/id/shimano-pedal-sepeda-pd-ed500-733819001.html
Spare Part,Pedal,HT Pedal Sepeda Flat Platform HT-ANS01 Nano Alloy,948000,474000,,,,https://www.rodalink.com/id/ht-pedal-sepeda-flat-platform-ans01-nano-alloy-732393.html
Spare Part,Pedal,Shimano Pedal Sepeda Clipless EPD-M505,448000,,,,,https://www.rodalink.com/id/shimano-pedal-sepeda-clipless-m505.html
Spare Part,Pedal,Shimano Pedal Sepeda EPD-EF202,428000,,,,,https://www.rodalink.com/id/shimano-pd-ef202-flat-pedal-pa01264.html
Spare Part,Pedal,Spank Pedal Sepeda Spoon DC,798000,399000,,,,https://www.rodalink.com/id/spank-pedal-sepeda-spoon-dc-100-731182005.html
Spare Part,Pedal,Cycliste Pedal Sepeda MTB PD-C02,378000,,,,,https://www.rodalink.com/id/cycliste-mtb-pd-c02-flat-pedal-741018001.html
Spare Part,Pedal,HT Pedal Sepeda Flat Alloy HT-AN06 Replace Pin,728000,364000,,,,https://www.rodalink.com/id/ht-pedal-sepeda-flat-alloy-ht-an06-replace-pin-732392.html
Spare Part,Pedal,Cycliste Pedal Sepeda MTB PD-C01,248000,,,,,https://www.rodalink.com/id/cycliste-mtb-pd-c01-flat-pedal-741017.html
Spare Part,Pedal,HT Pedal Sepeda Flat Platform HT-PA03A Nano P,478000,239000,,,,https://www.rodalink.com/id/ht-pedal-sepeda-flat-platform-pa03a-nano-p-732395.html
Spare Part,Pedal,HT Pedal Sepeda Flat HT-PA12A Mold & Replace Pin,398000,199000,,,,https://www.rodalink.com/id/ht-pedal-sepeda-flat-ht-pedal-sepeda-pa12a-mold-and-replace-pin-732397.html
Spare Part,Pedal,Cycliste Pedal Sepeda MTB CE-03 with Strap,99000,,,,,https://www.rodalink.com/id/cycliste-pedal-sepeda-mtb-ce-03-with-strap-742312001.html
Spare Part,Pedal,Cycliste Pedal Sepeda Folding Nylon,79000,,,,,https://www.rodalink.com/id/cycliste-folding-nylon-flat-pedal-741019001.html
Spare Part,Pedal,Cycliste Pedal Sepeda MTB CE-02,32000,,,,,https://www.rodalink.com/id/cycliste-pedal-sepeda-mtb-ce-02-741021.html
Spare Part,Pedal,Cycliste Pedal Sepeda BMX CE-01,32000,,,,,https://www.rodalink.com/id/cycliste-pedal-sepeda-bmx-ce-01-742313001.html
Spare Part,Pedal,Cycliste Pedal Sepeda MTB CE-01,32000,,,,,https://www.rodalink.com/id/cycliste-mtb-ce-01-flat-pedal-741020001.html
Spare Part,Groupset,Shimano Groupset Sepeda Dura-Ace Di2 R9270 2x12 Speed Disc Brake,45780000,,,,,https://www.rodalink.com/id/shimano-groupset-sepeda-dura-ace-di2-r9270-2x12-speed-disc-brake-pa01650.html
Spare Part,Groupset,Shimano Groupset Sepeda Dura-Ace Di2 R9250 2x12 Speed,43280000,38952000,,,,https://www.rodalink.com/id/shimano-groupset-sepeda-dura-ace-di2-r9250-2x12-speed-pa01652.html
Spare Part,Groupset,Shimano Groupset Sepeda Deore XT Di2 M8200 1x12 Speed Disc Brake,18480000,,,,,https://www.rodalink.com/id/shimano-groupset-sepeda-deore-xt-di2-m8200-1x12-speed-disc-brake-741870.html
Spare Part,Groupset,Shimano Groupset Sepeda GRX RX820 2x12 Speed Disc Brake,13780000,,,,,https://www.rodalink.com/id/shimano-groupset-sepeda-grx-rx820-2x12-speed-disc-brake-pa01852.html
Spare Part,Groupset,Shimano Groupset Sepeda Ultegra R8000 2x11 Speed,11780000,10602000,,,,https://www.rodalink.com/id/shimano-groupset-sepeda-ultegra-r8000-2x11-speed.html
Spare Part,Groupset,Shimano Groupset Sepeda 105 R7120 2x12 Speed Disc Brake,10280000,,,,,https://www.rodalink.com/id/shimano-groupset-sepeda-105-r7120-2x12-speed-disc-brake-pa01655.html
Spare Part,Groupset,Shimano Groupset Sepeda Deore Di2 M6250-SGS 12 Speed,6998000,,,,,https://www.rodalink.com/id/shimano-groupset-sepeda-deore-di2-m6250-sgs-12-speed-741873.html
Spare Part,Groupset,Shimano Groupset Sepeda Tiagra 4700 2x10 Speed,5498000,,,,,https://www.rodalink.com/id/shimano-groupset-sepeda-tiagra-4700-2x10-speed-pa01407.html
Spare Part,Groupset,Shimano Groupset Sepeda Cues U6000 1x11 Speed Disc Brake,4748000,,,,,https://www.rodalink.com/id/shimano-groupset-sepeda-cues-u6000-1x11-speed-disc-brake-738534.html
Spare Part,Groupset,Shimano Groupset Sepeda Deore M6100 1x12 Speed 2 Piston,4498000,,,,,https://www.rodalink.com/id/shimano-groupset-sepeda-deore-m6100-1x12-speed-2-piston-732966.html
Spare Part,Groupset,Shimano Groupset Sepeda Cues U6000 2x10 Speed Disc Brake,4198000,,,,,https://www.rodalink.com/id/shimano-groupset-sepeda-cues-u6000-2x10-speed-disc-brake-738552.html
Spare Part,Groupset,Shimano Groupset Sepeda Sora R3000 2x9 Speed,4198000,,,,,https://www.rodalink.com/id/shimano-sora-r3000-2x9-speed-groupset.html
Spare Part,Groupset,Shimano Groupset Sepeda Deore M6120 1x12 Speed 2 Piston,3828000,,,,,https://www.rodalink.com/id/shimano-groupset-sepeda-deore-m6120-1x12-speed-2-piston-735329.html
Wheels & Tires,Wheel Set,Shimano Wheelset Sepeda Dura-Ace C50 DB EWH-R9270-CL Clincher,28980000,,,,,https://www.rodalink.com/id/shimano-wheelset-sepeda-dura-ace-c50-db-ewh-r9270-cl-clincher-733907.html
Wheels & Tires,Wheel Set,Fulcrum Wheelset Sepeda Speed 25 DB C21 AFS 2-Way Fit HG11,32480000,16240000,,,,https://www.rodalink.com/id/fulcrum-wheelset-sepeda-speed-25-db-c21-afs-2-way-fit-hg11-738798.html
Wheels & Tires,Wheel Set,Shimano Wheelset Sepeda Ultegra DB EWH-R8170 C36 Carbon 12-Speed CL,19480000,15584000,,,,https://www.rodalink.com/id/shimano-wheelset-sepeda-ultegra-db-ewh-r8170-c36-carbon-12-speed-cl-734059.html
Wheels & Tires,Wheel Set,Shimano Wheelset Sepeda EWH-RS710 C46 Carbon CL,14980000,11984000,,,,https://www.rodalink.com/id/shimano-wheelset-sepeda-ewh-rs710-c46-carbon-cl-736072.html
Wheels & Tires,Wheel Set,Tern Wheelset Sepeda Kitt Design Carbon 406 74/130,9998000,7998400,,,,https://www.rodalink.com/id/tern-wheelset-sepeda-kitt-design-carbon-406-74-130-pa01560.html
Wheels & Tires,Wheel Set,Tern Wheelset Sepeda Kitt Design Carbon 406 100/130,9998000,7998400,,,,https://www.rodalink.com/id/tern-wheelset-sepeda-kitt-design-carbon-406-100-130-pa01559.html
Wheels & Tires,Wheel Set,Shimano Wheelset Sepeda RS171 DB EWH-RS171-CL Clincher,2348000,1878400,,,,https://www.rodalink.com/id/shimano-wheelset-sepeda-rs171-db-ewh-rs171-cl-clincher-731075.html
Wheels & Tires,Wheel Set,Shimano Wheelset Sepeda RS100 EWH-RS100-CL Clincher,1898000,1518400,,,,https://www.rodalink.com/id/shimano-wheelset-sepeda-rs100-ewh-rs100-cl-clincher-728831.html
Wheels & Tires,Ban,Schwalbe Ban Sepeda Pro One Aero 700x28C Tubeless Easy Rear,1198000,,,,,https://www.rodalink.com/id/schwalbe-ban-sepeda-pro-one-aero-700x28c-tubeless-easy-rear-738527.html
Wheels & Tires,Ban,Schwalbe Ban Sepeda Pro One Aero 700x28C Tubeless Easy Front,1198000,,,,,https://www.rodalink.com/id/schwalbe-ban-sepeda-pro-one-aero-700x28c-tubeless-easy-front-738526.html
Wheels & Tires,Ban,Schwalbe Ban Sepeda Racing Ray 29x2.25 Super Race Tubeless Easy,1048000,,,,,https://www.rodalink.com/id/schwalbe-ban-sepeda-racing-ray-29x225-super-race-tubeless-easy-738536.html
Wheels & Tires,Ban,Schwalbe Ban Sepeda Pro One 700x34C Tubeless Easy,1048000,,,,,https://www.rodalink.com/id/schwalbe-ban-sepeda-pro-one-700x34c-tubeless-easy-pa01517.html
Wheels & Tires,Ban,Schwalbe Ban Sepeda Folding Pro One Evolution 700x30C,1048000,,,,,https://www.rodalink.com/id/schwalbe-ban-sepeda-folding-pro-one-evolution-700x30c-731390.html
Wheels & Tires,Ban,Schwalbe Ban Sepeda G-One Overland 700x40C Tubeless Easy,1048000,,,,,https://www.rodalink.com/id/schwalbe-ban-sepeda-g-one-overland-700x40c-tubeless-easy-737936.html
Wheels & Tires,Ban,Schwalbe Ban Sepeda Pro One TLE 700Cx28C,1048000,,,,,https://www.rodalink.com/id/schwalbe-ban-sepeda-pro-one-tle-700cx28c-731389.html
Wheels & Tires,Ban,Schwalbe Ban Sepeda Pro One 700x32C Tubeless Easy,1048000,,,,,https://www.rodalink.com/id/schwalbe-ban-sepeda-pro-one-700x32c-tubeless-easy-737933.html
Wheels & Tires,Ban,Schwalbe Ban Sepeda Tire Pro One TT 700x25C Folding,1198000,1018300,,,,https://www.rodalink.com/id/schwalbe-ban-sepeda-tire-pro-one-tt-700x25c-folding-731391.html
Wheels & Tires,Ban,"Schwalbe Ban Sepeda Nobby Nic TLE 27.5""x2.6""",898000,,,,,https://www.rodalink.com/id/schwalbe-ban-sepeda-nobby-nic-tle-27-5x2-6-733070.html
Wheels & Tires,Ban,Schwalbe Ban Sepeda Wicked Will 29x2.4 Tubeless Easy ST,1048000,890800,,,,https://www.rodalink.com/id/schwalbe-ban-sepeda-wicked-will-29x2-4-tubeless-easy-st-735548.html
Wheels & Tires,Ban,Schwalbe Ban Sepeda Tacky Chan 29x2.4 Super Trail Tubeless Easy Addix Ultra Soft,1048000,890800,,,,https://www.rodalink.com/id/schwalbe-ban-sepeda-tacky-chan-29x2-40-super-trail-tubeless-easy-addix-ultra-soft-738535.html
Wheels & Tires,Ban,Schwalbe Ban Sepeda Eddy Current Front 29x2.6 Tubeless Easy,1048000,890800,,,,https://www.rodalink.com/id/schwalbe-ban-sepeda-eddy-current-front-29x2-6-tubeless-easy-737080.html
Wheels & Tires,Ban,"Schwalbe Ban Sepeda Racing Ralph Evolution Superground TLE 29""x2.25""",1048000,890800,,,,https://www.rodalink.com/id/schwalbe-ban-sepeda-racing-ralph-evolution-superground-tle-29x2-25-733482.html
Wheels & Tires,Ban,Schwalbe Ban Sepeda Rocket Ron 29x2.25 Super Race Tubeless Easy,1048000,890800,,,,https://www.rodalink.com/id/schwalbe-ban-sepeda-rocket-ron-29x225-super-race-tubeless-easy-737942.html
Wheels & Tires,Ban,Schwalbe Ban Sepeda Dirty Dan 29x2.0 Super Race Tubeless Easy,1048000,890800,,,,https://www.rodalink.com/id/schwalbe-ban-sepeda-dirty-dan-29x20-super-race-tubeless-easy-737928.html
Wheels & Tires,Ban,Schwalbe Ban Sepeda Eddy Current Rear 29x2.6 Tubeless Easy,1048000,890800,,,,https://www.rodalink.com/id/schwalbe-ban-sepeda-eddy-current-rear-29x2-6-tubeless-easy-737079.html
Wheels & Tires,Ban,Schwalbe Ban Sepeda Big Betty 29x2.4 Super Gravity Tubeless Ready Addix Soft,1048000,890800,,,,https://www.rodalink.com/id/schwalbe-ban-sepeda-big-betty-29x2-40-super-gravity-tubeless-ready-addix-soft-737931.html
Wheels & Tires,Ban,Schwalbe Ban Sepeda Folding One Performance 700x28C,698000,,,,,https://www.rodalink.com/id/schwalbe-ban-sepeda-folding-one-performance-700x28c-731385.html
Wheels & Tires,Ban,Schwalbe Ban Sepeda Folding One Performance 16x1.35,798000,678300,,,,https://www.rodalink.com/id/schwalbe-ban-sepeda-folding-one-performance-16x1-35-731229.html
Wheels & Tires,Ban,WTB Ban Sepeda Venture 650Bx47C Road TCS,578000,,,,,https://www.rodalink.com/id/wtb-ban-sepeda-venture-650bx47c-road-tcs-731890.html
Wheels & Tires,Ban,WTB Ban Sepeda Resolute 650Bx42C TCS Light,578000,,,,,https://www.rodalink.com/id/wtb-ban-sepeda-resolute-650bx42c-tcs-light-731894.html
Wheels & Tires,Ban,WTB Ban Sepeda Venture 650x47C Tubeless Light Fast Rolling,578000,,,,,https://www.rodalink.com/id/wtb-ban-sepeda-venture-650x47c-tubeless-light-fast-rolling-735775.html
Wheels & Tires,Ban,WTB Ban Sepeda Byway 650Bx47C Road TCS,548000,,,,,https://www.rodalink.com/id/wtb-ban-sepeda-byway-650bx47c-road-tcs-pa01168.html
Wheels & Tires,Ban,WTB Ban Sepeda Horizon 650Bx47C Road TCS,548000,,,,,https://www.rodalink.com/id/wtb-ban-sepeda-horizon-650bx47c-road-tcs-pa01170.html
Wheels & Tires,Ban,Schwalbe Ban Sepeda G-One All-Round 27.5x2.25 DD RaceGuard Tubeless Easy,598000,508300,,,,https://www.rodalink.com/id/schwalbe-ban-sepeda-g-one-all-round-27-5x2-25-dd-raceguard-tubeless-easy-735709.html
Wheels & Tires,Ban,"Schwalbe Ban Sepeda G-One Speed 27.5x2.00"" RaceGuard Tubeless Easy",598000,508300,,,,https://www.rodalink.com/id/schwalbe-ban-sepeda-g-one-speed-27-5x2-00-raceguard-tubeless-easy-735422.html
Wheels & Tires,Ban,Schwalbe Ban Sepeda Kojak 20x1.35,448000,,,,,https://www.rodalink.com/id/ban-sepeda-schwalbe-kojak-20x1-35-729175.html
Wheels & Tires,Ban,"Schwalbe Ban Sepeda Rocket Ron Addix 29""x2.10""",398000,,,,,https://www.rodalink.com/id/schwalbe-ban-sepeda-rocket-ron-addix-29x2-10-732978.html
Wheels & Tires,Ban,"Schwalbe Ban Marathon 16X1.35 Performance, Wired",398000,,,,,https://www.rodalink.com/id/ban-schwalbe-marathon-16x1-35-performance-wired.html
Wheels & Tires,Ban,Schwalbe Ban Sepeda Rocket Ron Performance Line 27.5 x 2.25 Addix Performance Line,398000,,,,,https://www.rodalink.com/id/schwalbe-ban-sepeda-rocket-ron-performance-line-27-5-x-2-25-addix-performance-line-732954.html
Wheels & Tires,Ban,"Schwalbe Ban Sepeda Nobby Nic Addix 29""x2.25""",398000,,,,,https://www.rodalink.com/id/schwalbe-ban-sepeda-nobby-nic-addix-29x2-25-732977.html
Wheels & Tires,Ban,Schwalbe Ban Sepeda Racing Ralph Performance Line 27.5 x 2.25 Addix Performance Line,398000,,,,,https://www.rodalink.com/id/schwalbe-ban-sepeda-racing-ralph-performance-line-27-5-x-2-25-addix-performance-line-732953.html
Wheels & Tires,Ban,"Schwalbe Ban Sepeda Rocket Ron Addix 27.5""x2.10""",398000,,,,,https://www.rodalink.com/id/schwalbe-ban-sepeda-rocket-ron-addix-tubeless-ready-27-5x2-10-733276.html
Wheels & Tires,Ban,Schwalbe Ban Sepeda Racing Ralph 29x2.25 Tubeless Ready,398000,,,,,https://www.rodalink.com/id/schwalbe-ban-sepeda-racing-ralph-29x225-tubeless-ready-732976.html
Wheels & Tires,Ban,Schwalbe Ban Sepeda Nobby Nic 27.5 x 2.25 Performance Line Addix Twin Skin,398000,,,,,https://www.rodalink.com/id/schwalbe-ban-sepeda-nobby-nic-27-5-x-2-25-performance-line-addix-twin-skin-733068.html
Wheels & Tires,Ban,Panaracer Ban Sepeda Razer MX,378000,,,,,https://www.rodalink.com/id/panaracer-razer-mx-tire.html
Wheels & Tires,Ban,WTB Ban Sepeda Judge 27.5x2.40 TCS Tough,698000,349000,,,,https://www.rodalink.com/id/wtb-judge-27-5x2-40-tcs-tough-tire.html
Wheels & Tires,Ban,WTB Ban Sepeda Vigilante 27.5x2.30 TCS Tire,698000,349000,,,,https://www.rodalink.com/id/wtb-vigilante-27-5x2-30-tcs-tire.html
Wheels & Tires,Ban,WTB Ban Sepeda Vigilante 27.5x2.60 TCS Tire,698000,349000,,,,https://www.rodalink.com/id/wtb-vigilante-27-5x2-60-tcs-tire.html
Wheels & Tires,Ban,Schwalbe Nobby Nic 27.5x2.6 SnakeSkin Addix Speedgrip Tire,1048000,314400,,,,https://www.rodalink.com/id/schwalbe-nobby-nic-27-5x2-6-snakeskin-addix-speed-grip-tire.html
Wheels & Tires,Ban,Schwalbe Ban Sepeda Nobby Nic 27.5x2.60 Evolution Line SnakeSkin PaceStar Tubeless Easy,1048000,314400,,,,https://www.rodalink.com/id/schwalbe-nobby-nic-27-5x2-60-evolution-line-snakeskin-pacestar-tubeless-easy-tire.html
Wheels & Tires,Ban,Schwalbe Ban Sepeda Nobby Nic 27.5x3.00 Evolution Line SnakeSkin TrailStar Tubeless Easy,898000,269400,,,,https://www.rodalink.com/id/schwalbe-nobby-nic-27-5x3-00-evolution-line-snakeskin-trailstar-tubeless-easy-tire.html
Wheels & Tires,Ban,Panaracer Ban Firesport 27.5x2.35,248000,,,,,https://www.rodalink.com/id/ban-panaracer-firesport-27-5x2-35.html
Wheels & Tires,Ban,Schwalbe Ban Sepeda Tough Tom 27.5x2.25 K-Guard,198000,,,,,https://www.rodalink.com/id/schwalbe-ban-sepeda-tough-tom-275x225-k-guard-733527.html
Wheels & Tires,Ban,"Polygon Ban Nevegal K1010 29"" X 2.20",158000,,,,,https://www.rodalink.com/id/ban-polygon-nevegal-k1010-29-x-2-20.html
Wheels & Tires,Ban,Kenda Ban Sepeda K-1032 20x3.00,128000,,,,,https://www.rodalink.com/id/kenda-ban-sepeda-k-1032-20x300-735521.html
Wheels & Tires,Ban,Kenda Ban Sepeda K-1032 16x3.00,128000,,,,,https://www.rodalink.com/id/kenda-ban-sepeda-k-1032-16x300-735519.html
Wheels & Tires,Ban,Kenda Ban Sepeda 27.5x2.10 K-1010 Skinwall,128000,,,,,https://www.rodalink.com/id/kenda-ban-sepeda-27-5x2-10-k-1010-skinwall-732704.html
Wheels & Tires,Ban,Kenda Ban Sepeda K-1032 18x3.00,128000,,,,,https://www.rodalink.com/id/kenda-ban-sepeda-k-1032-18x300-735520.html
Wheels & Tires,Ban,Entity Ban Sepeda Spiderbait 29x2.25 Fold,248000,124000,,,,https://www.rodalink.com/id/entity-ban-sepeda-spiderbait-29x225-fold-735704.html
Wheels & Tires,Ban,Schwalbe Nobby Nic 27.5x3.00 Performance Line Tire,398000,119400,,,,https://www.rodalink.com/id/schwalbe-nobby-nic-27-5x3-00-performance-line-tire.html
Wheels & Tires,Ban,Entity Ban Sepeda Spiderbait 29x2.25 Wired,148000,118400,,,,https://www.rodalink.com/id/entity-ban-sepeda-spiderbait-29x225-wired-731932.html
Wheels & Tires,Ban,Kenda Ban Sepeda K-193 20x1.50 with Reflector,118000,,,,,https://www.rodalink.com/id/kenda-ban-sepeda-k-193-20x150-with-reflector-740814.html
Wheels & Tires,Ban,Kenda Ban Sepeda 27.5x2.10 K-1027,118000,,,,,https://www.rodalink.com/id/kenda-ban-sepeda-27-5x2-10-k-1027-731690.html
Wheels & Tires,Ban,Kenda Ban Sepeda K-935 700x45C,94000,,,,,https://www.rodalink.com/id/kenda-ban-sepeda-k-935-700x45c-734918.html
Wheels & Tires,Ban,Kenda Ban Sepeda 20x1 1/8 K-1018 Skin Wall,94000,,,,,https://www.rodalink.com/id/kenda-ban-sepeda-20x1-1-8-k-1018-skin-wall-733042.html
Wheels & Tires,Ban,Polygon Ban 700 X 40C,94000,,,,,https://www.rodalink.com/id/ban-polygon-700-x-40c.html
Wheels & Tires,Ban,Kenda Ban Sepeda K-1085 20x1.35 Skin Wall,94000,,,,,https://www.rodalink.com/id/kenda-ban-sepeda-k-1085-20x135-skin-wall-733044.html
Wheels & Tires,Ban,Polygon Ban 27.5x1.35,94000,,,,,https://www.rodalink.com/id/ban-polygon-27-5x1-35.html
Wheels & Tires,Ban,Polygon Ban Hybrid 02 700 X 38C,94000,,,,,https://www.rodalink.com/id/ban-polygon-hybrid-02-700-x-38c.html
Wheels & Tires,Ban,Polygon Ban 27.5x1.65,94000,,,,,https://www.rodalink.com/id/ban-polygon-27-5x1-65.html
Wheels & Tires,Ban,Kenda Ban Sepeda K-1177 20x1-3/8 Skin Wall,94000,,,,,https://www.rodalink.com/id/kenda-ban-sepeda-k-1177-20x1-38-skin-wall-733043.html
Wheels & Tires,Ban,"Polygon Ban Belakang Koyote 26"" x 2.10",84000,,,,,https://www.rodalink.com/id/ban-belakang-polygon-koyote-26-x-2-10.html
Wheels & Tires,Ban,Polygon Ban 700 x 23C,84000,,,,,https://www.rodalink.com/id/ban-polygon-700-x-23c.html
Wheels & Tires,Ban,"Polygon Ban Kwick 26"" X 1.95",84000,,,,,https://www.rodalink.com/id/ban-polygon-kwick-26-x-1-95.html
Wheels & Tires,Ban,Kenda Ban Sepeda 700x25C K-152,84000,,,,,https://www.rodalink.com/id/kenda-ban-sepeda-700x25c-k-152-732135.html
Wheels & Tires,Ban,Kenda Ban Sepeda K-193P 16x1-3/8 Skin Wall,84000,,,,,https://www.rodalink.com/id/kenda-ban-sepeda-k-193p-16x1-38-skin-wall-733041.html
Wheels & Tires,Ban,"Polygon Ban Depan Koyote 26"" x 2.10",84000,,,,,https://www.rodalink.com/id/ban-depan-polygon-koyote-26-x-2-10.html
Wheels & Tires,Ban,Kenda Ban Sepeda 26x1.95 K-1177,84000,,,,,https://www.rodalink.com/id/kenda-ban-sepeda-26x1-95-k-1177-731698.html
Wheels & Tires,Ban,Kenda Ban Sepeda 700x28C K-176,84000,,,,,https://www.rodalink.com/id/kenda-ban-sepeda-700x28c-k-176-735343.html
Wheels & Tires,Ban,"Polygon Ban Travel Lite 26"" X 1.9",79000,,,,,https://www.rodalink.com/id/ban-polygon-travel-lite-26-x-1-9.html
Wheels & Tires,Ban,Polygon Ban Sepeda Lovina 26X1.50,74000,,,,,https://www.rodalink.com/id/polygon-ban-sepeda-lovina-26x150-733269.html
Wheels & Tires,Ban,"Kenda Ban Sepeda K-887 24""x2.10""",74000,,,,,https://www.rodalink.com/id/kenda-ban-sepeda-k-887-24x2-10-710781.html
Wheels & Tires,Ban,"Polygon Ban 26"" x 1.25",74000,,,,,https://www.rodalink.com/id/ban-polygon-26-x-1-25.html
Wheels & Tires,Ban,Polygon Ban 24x2.00,69000,,,,,https://www.rodalink.com/id/ban-polygon-24x2-00.html
Wheels & Tires,Ban,Polygon Ban 26,64000,,,,,https://www.rodalink.com/id/ban-polygon-26-x-1-75.html
Wheels & Tires,Ban,Polygon Slick 20 X 1.75 Tire,64000,,,,,https://www.rodalink.com/id/polygon-slick-20-x-1-75-tire.html
Wheels & Tires,Ban,Kenda Ban Sepeda K-841 20x1.75,64000,,,,,https://www.rodalink.com/id/kenda-ban-sepeda-k-841-20x1-75-740883.html
Wheels & Tires,Ban,"Polygon Ban SA-226 26"" X 1.5",64000,,,,,https://www.rodalink.com/id/ban-polygon-sa-226-26-x-1-5.html
Wheels & Tires,Ban,Polygon Ban Sepeda 24x1.75,64000,,,,,https://www.rodalink.com/id/polygon-ban-sepeda-24x1-75-702625.html
Wheels & Tires,Ban,Kenda Ban Sepeda K-1191 20x1.50,64000,,,,,https://www.rodalink.com/id/kenda-ban-sepeda-k-1191-20x150-733020.html
Wheels & Tires,Ban,"Polygon Ban Sierra 26"" X 1-3/8",64000,,,,,https://www.rodalink.com/id/ban-polygon-sierra-26-x-1-3-8.html
Wheels & Tires,Ban,"Kenda Ban Sepeda BMX K-905 20""x1.95""",64000,,,,,https://www.rodalink.com/id/kenda-ban-sepeda-bmx-k-905-20x1-95-707861.html
Wheels & Tires,Ban,Polygon K-Rad 20 X 2.125 Tire,64000,,,,,https://www.rodalink.com/id/polygon-k-rad-20-x-2-125-tire.html
Wheels & Tires,Ban,Polygon Ban 20x2.00,54000,,,,,https://www.rodalink.com/id/ban-polygon-20x2-00.html
Wheels & Tires,Ban,"Polygon Ban Vista 24"" X 1-3/8",49000,,,,,https://www.rodalink.com/id/ban-polygon-vista-24-x-1-3-8.html
Wheels & Tires,Ban,Polygon Ban 16,49000,,,,,https://www.rodalink.com/id/ban-polygon-16-x-1-90.html
Wheels & Tires,Ban,Polygon Ban 12,39000,,,,,https://www.rodalink.com/id/ban-polygon-12-x2.html
Wheels & Tires,Ban Dalam,Schwalbe Valve Sepeda UTLV Tubeless,448000,,,,,https://www.rodalink.com/id/schwalbe-valve-sepeda-utlv-tubeless-pa01311.html
Wheels & Tires,Ban Dalam,Schwalbe UTLV Tubeless Valve Sepeda,278000,,,,,https://www.rodalink.com/id/schwalbe-utlv-tubeless-valve-sepeda-722049.html
Wheels & Tires,Ban Dalam,Schwalbe Ban Dalam Sepeda Extralight,158000,,,,,https://www.rodalink.com/id/schwalbe-ban-dalam-sepeda-extralight.html
Wheels & Tires,Ban Dalam,Schwalbe SV-Valve Extension 65 mm,148000,,,,,https://www.rodalink.com/id/schwalbe-sv-valve-extension-65-mm-722051.html
Wheels & Tires,Ban Dalam,Schwalbe Ban Dalam Sepeda 20,99000,,,,,https://www.rodalink.com/id/schwalbe-ban-dalam-sepeda-20.html
Wheels & Tires,Ban Dalam,Schwalbe Ban Dalam Sepeda Road/City,99000,,,,,https://www.rodalink.com/id/schwalbe-ban-dalam-sepeda-road-city.html
Wheels & Tires,Ban Dalam,Panaracer Ban Dalam Sepeda Super,89000,,,,,https://www.rodalink.com/id/panaracer-ban-dalam-sepeda-super.html
Wheels & Tires,Ban Dalam,Schwalbe Ban Dalam Sepeda 16,69000,,,,,https://www.rodalink.com/id/schwalbe-ban-dalam-sepeda-16.html
Wheels & Tires,Ban Dalam,Schwalbe Ban Dalam Sepeda MTB,69000,,,,,https://www.rodalink.com/id/schwalbe-ban-dalam-sepeda-mtb.html
Wheels & Tires,Ban Dalam,Kenda Ban Dalam Sepeda MTB,59000,,,,,https://www.rodalink.com/id/kenda-ban-dalam-sepeda-mtb.html
Wheels & Tires,Ban Dalam,Polygon Ban Dalam Sepeda Road 700C FV,59000,,,,,https://www.rodalink.com/id/polygon-ban-dalam-sepeda-road-700c-fv-736698.html
Wheels & Tires,Ban Dalam,Polygon Ban Dalam Sepeda Road/City,49000,,,,,https://www.rodalink.com/id/polygon-ban-dalam-sepeda-road-city.html
Wheels & Tires,Ban Dalam,Polygon Ban Dalam Sepeda 20,39000,,,,,https://www.rodalink.com/id/polygon-20-tube-pa00325.html
Wheels & Tires,Ban Dalam,Kenda Ban Dalam Sepeda 20,39000,,,,,https://www.rodalink.com/id/kenda-ban-dalam-sepeda-20.html
Wheels & Tires,Ban Dalam,Polygon Ban Dalam Sepeda 16,34000,,,,,https://www.rodalink.com/id/polygon-ban-dalam-sepeda-16.html
Wheels & Tires,Ban Dalam,Polygon Ban Dalam Sepeda MTB,29000,,,,,https://www.rodalink.com/id/polygon-ban-dalam-sepeda-mtb.html
Wheels & Tires,Ban Dalam,Polygon Ban Dalam Sepeda 18,29000,,,,,https://www.rodalink.com/id/polygon-ban-dalam-sepeda-18-pa01115.html
Wheels & Tires,Ban Dalam,Polygon Ban Dalam Sepeda 12,24000,,,,,https://www.rodalink.com/id/ban-dalam-polygon-12-x2-av.html
Wheels & Tires,Ban Dalam,Polygon Tube Valve FV To AV,15000,,,,,https://www.rodalink.com/id/tube-polygon-valve-fv-to-av.html
Wheels & Tires,Rim,"Spank Rim Sepeda 359 Vibrocore 27.5""",1848000,924000,,,,https://www.rodalink.com/id/spank-rim-sepeda-359-vibrocore-275-734864.html
Wheels & Tires,Rim,"Spank Rim Sepeda 350 27.5""",1198000,599000,,,,https://www.rodalink.com/id/spank-rim-sepeda-350-27-5-734870001.html
Wheels & Tires,Rim,"Spank Rim Sepeda 359 27.5""",1198000,599000,,,,https://www.rodalink.com/id/spank-rim-sepeda-359-27-5-734866001.html
Wheels & Tires,Rim,"Spank Rim Sepeda Spoon 32 27.5""",828000,414000,,,,https://www.rodalink.com/id/spank-rim-sepeda-spoon-32-27-5-734877001.html
Wheels & Tires,Rim,"Polygon Rim Sepeda 24x1.0"" 32-Hole FV CNC Double Wall",240000,,,,,https://www.rodalink.com/id/rim-polygon-24-x-1-0-32h-fv-cnc-double-wall.html
Wheels & Tires,Rim,"Araya Rim Sepeda 27.5"" DR-20 Disc Double Wall",148000,,,,,https://www.rodalink.com/id/araya-rim-sepeda-27-5-dr-20-disc-double-wall-736749001.html
Wheels & Tires,Rim,Araya Rim Sepeda 700C DR-20 Disc Double Wall,148000,,,,,https://www.rodalink.com/id/araya-rim-sepeda-700c-dr-20-disc-double-wall-738774001.html
Wheels & Tires,Rim,"Polygon Rim Sepeda Vista 24"" AV (PCS)",50000,,,,,https://www.rodalink.com/id/rim-polygon-vista-24-av-pcs.html
Wheels & Tires,Rim Tape,Schwalbe Rim Tape Sepeda Tubeless 10 m,348000,,,,,https://www.rodalink.com/id/schwalbe-rim-tape-sepeda-tubeless-10-m-pa01372.html
Wheels & Tires,Rim Tape,Michelin Rim Tape Sepeda Blister,59000,,,,,https://www.rodalink.com/id/michelin-rim-tape-sepeda-blister-74874.html
Wheels & Tires,Rim Tape,Polygon Rim Tape Sepeda 20x1-3/8,15000,,,,,https://www.rodalink.com/id/polygon-rim-tape-sepeda-20x1-3-8-734464.html
Wheels & Tires,Rim Tape,Polygon Rim Tape Sepeda Nylon 20x20 mm,15000,,,,,https://www.rodalink.com/id/polygon-rim-tape-sepeda-nylon-20x20-mm734117.html
Wheels & Tires,Rim Tape,Polygon Rim Tape Sepeda Nylon,12000,,,,,https://www.rodalink.com/id/rim-tape-polygon-20mm-40403.html
Wheels & Tires,Rim Tape,Polygon Rim Tape Sepeda 700Cx20 mm,12000,,,,,https://www.rodalink.com/id/polygon-rim-tape-sepeda-700cx20-mm-200228.html
Wheels & Tires,Rim Tape,Schwalbe Rim Tape Sepeda High Pressure,6000,,,,,https://www.rodalink.com/id/schwalbe-rim-tape-sepeda-high-pressure.html
Wheels & Tires,Rim Tape,Schwalbe Rim Tape Sepeda 16-20,6000,,,,,https://www.rodalink.com/id/schwalbe-rim-tape-sepeda-16-20-702210.html
Wheels & Tires,Hub Depan,Shimano Hub Depan Sepeda XTR AHB-M9110-B 32H,1598000,639200,,,,https://www.rodalink.com/id/shimano-front-hub-sepeda-xtr-m9110-15x100-thru-axle-32h-728247001.html
Wheels & Tires,Hub Depan,Entity Front Hub Sepeda 6Bolt Thru Axle & QR 32H,498000,,,,,https://www.rodalink.com/id/entity-front-hub-sepeda-6bolt-thru-axle-qr-32h-731359001.html
Wheels & Tires,Hub Depan,Entity Hub Depan Sepeda Y21 6 Bolt Thru Axle & QR 32H,598000,299000,,,,https://www.rodalink.com/id/entity-hub-depan-sepeda-y21-6-bolt-thru-axle-qr-32h-734722001.html
Wheels & Tires,Hub Depan,Entity Hub Depan Sepeda Y21 6 Bolt Boost 32H,498000,249000,,,,https://www.rodalink.com/id/entity-hub-depan-sepeda-y21-6-bolt-boost-32h-734723001.html
Wheels & Tires,Hub Depan,Entity Hub Depan Sepeda Y22 Center Lock 24H,498000,249000,,,,https://www.rodalink.com/id/entity-hub-depan-sepeda-y22-center-lock-24h-736389001.html
Wheels & Tires,Hub Depan,Shimano Freehub Belakang Sepeda Deore AFH-MT410 TA 12 Speed,428000,171200,,,,https://www.rodalink.com/id/shimano-freehub-belakang-sepeda-deore-afh-mt410-ta-12-speed-pa01470.html
Wheels & Tires,Hub Depan,Shimano Freehub Belakang Sepeda Deore AFH-MT401 QR 12 Speed,398000,159200,,,,https://www.rodalink.com/id/shimano-freehub-belakang-sepeda-deore-afh-mt401-qr-12-speed-pa01465.html
Wheels & Tires,Hub Depan,Fulcrum Spacer R4-109 for Disc Brake Hub,148000,,,,,https://www.rodalink.com/id/fulcrum-spacer-r4-109-for-disc-brake-hub-726981.html
Wheels & Tires,Hub Depan,Shimano Hub Depan Sepeda SLX AHB-M7110-B 32H,328000,131200,,,,https://www.rodalink.com/id/shimano-front-hub-sepeda-slx-m7110-15x100-thru-axle-32h-730037001.html
Wheels & Tires,Hub Depan,Polygon Hub Depan Sepeda Xtrada 3/4,118000,,,,,https://www.rodalink.com/id/hub-depan-polygon-d041dse-9x100x108-qr.html
Wheels & Tires,Hub Depan,Polygon Hub Depan Sepeda Xtrada 5/6,99000,,,,,https://www.rodalink.com/id/hub-depan-polygon-xtrada-5-6-center-lock-32-hole.html
Wheels & Tires,Hub Depan,Shimano Hub Depan Sepeda Deore ABH-MT410B TA 12 Speed,198000,79200,,,,https://www.rodalink.com/id/shimano-hub-depan-sepeda-deore-abh-mt410b-ta-12-speed-pa01471.html
Wheels & Tires,Hub Depan,Polygon Hub Depan Sepeda FH-406 for Monarch,79000,59000,,,,https://www.rodalink.com/id/hub-depan-polygon-fh-406-hole-32.html
Wheels & Tires,Hub Depan,Polygon Hub Depan Sepeda FM-21 Alloy QR,55000,,,,,https://www.rodalink.com/id/polygon-hub-depan-sepeda-fm-21-alloy-qr.html
Wheels & Tires,Hub Depan,Polygon Hub Depan Sepeda JY-301 Steel,25000,,,,,https://www.rodalink.com/id/hub-depan-polygon-jy-301-516-steel-36h-nut.html
Wheels & Tires,Hub Depan,Polygon Hub Depan Sepeda FM-21 Alloy Nut,35000,25000,,,,https://www.rodalink.com/id/polygon-hub-depan-sepeda-fm-21-alloy-nut.html
Wheels & Tires,Hub Depan,Polygon Hub Depan Sepeda JY-435 Steel,25000,,,,,https://www.rodalink.com/id/hub-depan-polygon-jy-435-steel-32h.html
Wheels & Tires,Hub Belakang,Fulcrum Road Freewheel Body HG 9-10-11 Speed R0-113,1598000,,,,,https://www.rodalink.com/id/fulcrum-road-freewheel-body-hg-9-10-11-speed-r0-113-737251.html
Wheels & Tires,Hub Belakang,Fulcrum Bearing Hub Belakang RP9-004,598000,,,,,https://www.rodalink.com/id/fulcrum-bearing-hub-belakang-rp9-004-724733.html
Wheels & Tires,Hub Belakang,Entity Hub Belakang Sepeda 6 Bolt Thru Axle & QR 32H 8-11 Speed,1048000,524000,,,,https://www.rodalink.com/id/entity-hub-belakang-sepeda-6-bolt-thru-axle-qr-32h-8-11-speed-734726001.html
Wheels & Tires,Hub Belakang,Entity Hub Belakang Sepeda Y21 6 Bolt Thru Axle 32H 12 Speed,1048000,524000,,,,https://www.rodalink.com/id/entity-hub-belakang-sepeda-y21-6-bolt-thru-axle-32h-12-speed-734724001.html
Wheels & Tires,Hub Belakang,Entity Hub Belakang Sepeda Center Lock 24H 8-11 Speed,948000,474000,,,,https://www.rodalink.com/id/entity-hub-belakang-sepeda-center-lock-24h-8-11-speed-736390001.html
Wheels & Tires,Hub Belakang,Entity Hub Belakang Sepeda Y21 6 Bolt Boost 32H 12 Speed,948000,474000,,,,https://www.rodalink.com/id/entity-hub-belakang-sepeda-y21-6-bolt-boost-32h-12-speed-734725001.html
Wheels & Tires,Hub Belakang,Entity Hub Belakang Sepeda 6 Bolt Boost 32H 8-11 Speed,948000,474000,,,,https://www.rodalink.com/id/entity-hub-belakang-sepeda-6-bolt-boost-32h-8-11-speed-734727001.html
Wheels & Tires,Hub Belakang,Shimano Freehub Belakang Sepeda Deore XT AFH-M8110-B 32H,698000,279200,,,,https://www.rodalink.com/id/shimano-rear-hub-sepeda-deore-xt-m8110-12x142-thru-axle-32h-730034001.html
Wheels & Tires,Hub Belakang,Shimano Freehub Belakang Sepeda SLX AFH-M7110-B 32H,598000,239200,,,,https://www.rodalink.com/id/shimano-rear-hub-sepeda-slx-m7110-12x142-thru-axle-32h-730032001.html
Wheels & Tires,Hub Belakang,Polygon Hub Belakang Sepeda D242SBT QR 7 Speed,168000,,,,,https://www.rodalink.com/id/polygon-hub-belakang-sepeda-d242sbt-qr-7-speed-733475001.html
Wheels & Tires,Hub Belakang,Shimano Freehub Belakang Sepeda Deore EFH-MT410 TA 12 Speed,398000,159200,,,,https://www.rodalink.com/id/shimano-freehub-belakang-sepeda-deore-efh-mt410-ta-12-speed-pa01467.html
Wheels & Tires,Hub Belakang,Polygon Hub Belakang Sepeda DC-31 Alloy,148000,78000,,,,https://www.rodalink.com/id/polygon-hub-belakang-sepeda-dc-31-alloy.html
Wheels & Tires,Hub Belakang,Polygon Hub Belakang Sepeda FM-31 Alloy Nut,45000,35000,,,,https://www.rodalink.com/id/polygon-hub-belakang-sepeda-fm-31-alloy-nut.html
Wheels & Tires,Quick Release,RockShox Maxle Ultimate Lever Assembly B1,748000,,,,,https://www.rodalink.com/id/rockshox-maxle-ultimate-lever-assembly-b1-726432.html
Wheels & Tires,Quick Release,RockShox Maxle Lite Boost Thru Axle 15x110 mm,928000,464000,,,,https://www.rodalink.com/id/rockshox-maxle-lite-boost-thru-axle-15x110-mm.html
Wheels & Tires,Quick Release,RockShox Maxle Laver Assembly Lite 15mm XC,448000,,,,,https://www.rodalink.com/id/rockshox-maxle-laver-assembly-lite-15mm-xc-726431.html
Wheels & Tires,Quick Release,Polygon Quick Realease Depan QR270 9x100x112,24000,,,,,https://www.rodalink.com/id/polygon-quick-realease-depan-qr270-9x100x112-733476.html
Wheels & Tires,Quick Release,Polygon Quick Realease Belakang QR270 10x135x145,24000,,,,,https://www.rodalink.com/id/polygon-quick-realease-belakang-qr270-10x135x145-733477.html
Wheels & Tires,Spoke & Nipple,Fulcrum Spoke Kiri Belakang Sepeda Racing Quattro Carbon with Nipples,498000,,,,,https://www.rodalink.com/id/fulcrum-spoke-kiri-belakang-sepeda-racing-quattro-carbon-with-nipples-724715.html
Wheels & Tires,Spoke & Nipple,Fulcrum Spoke Depan Sepeda Racing Quattro Carbon with Nipples,498000,,,,,https://www.rodalink.com/id/fulcrum-spoke-depan-sepeda-racing-quattro-carbon-with-nipples-724714.html
Wheels & Tires,Spoke & Nipple,Fulcrum Spoke Kanan Belakang Sepeda Racing Quattro Carbon with Nipples,498000,,,,,https://www.rodalink.com/id/fulcrum-spoke-kanan-belakang-sepeda-racing-quattro-carbon-with-nipples-724716.html
Wheels & Tires,Spoke & Nipple,Fulcrum Spoke & Nipple Sepeda Racing Quattro Rear Left - 4 pcs,328000,,,,,https://www.rodalink.com/id/fulcrum-racing-quattro-rear-left-spokes-nipples-4-pcs.html
Wheels & Tires,Spoke & Nipple,Fulcrum Spoke & Nipple Sepeda Racing Quattro Front - 4 pcs,328000,,,,,https://www.rodalink.com/id/fulcrum-racing-quattro-front-spokes-nipples-4-pcs.html
Wheels & Tires,Spoke & Nipple,Fulcrum Spoke Kit Sepeda Racing 4 DB R4F-DS285 Right,328000,,,,,https://www.rodalink.com/id/fulcrum-racing-4-db-r4f-ds285-right-spoke-kit.html
Wheels & Tires,Spoke & Nipple,Fulcrum Spoke & Nipple Sepeda Racing Quattro Rear Right - 4 pcs,328000,,,,,https://www.rodalink.com/id/fulcrum-racing-quattro-rear-right-spokes-nipples-4-pcs.html
Wheels & Tires,Spoke & Nipple,Fulcrum Spoke & Nipple Sepeda Racing 5 Front - 4 pcs,248000,,,,,https://www.rodalink.com/id/fulcrum-racing-5-front-spokes-nipples-4-pcs.html
Wheels & Tires,Spoke & Nipple,Fulcrum Spoke & Nipple Sepeda Racing 3 Front - 4 pcs,228000,,,,,https://www.rodalink.com/id/fulcrum-racing-3-front-spokes-nipples-4-pcs.html
Wheels & Tires,Spoke & Nipple,Fulcrum Spoke & Nipple Sepeda Racing 7 Rear Left - 4 pcs,228000,,,,,https://www.rodalink.com/id/fulcrum-racing-7-rear-left-spokes-nipples-4-pcs.html
Wheels & Tires,Spoke & Nipple,Fulcrum Spoke & Nipple Sepeda Racing 7 Rear Right - 4 pcs,228000,,,,,https://www.rodalink.com/id/fulcrum-racing-7-rear-right-spokes-nipples-4-pcs.html
Wheels & Tires,Spoke & Nipple,Fulcrum Spoke & Nipple Sepeda Racing 7 Front - 4 pcs,228000,,,,,https://www.rodalink.com/id/fulcrum-racing-7-front-spokes-nipples-4-pcs.html
Wheels & Tires,Spoke & Nipple,Fulcrum Spoke Sepeda Racing Zero & Racing Zero Nite Front,148000,,,,,https://www.rodalink.com/id/fulcrum-racing-zero-racing-zero-nite-front-spokes.html
Wheels & Tires,Spoke & Nipple,Fulcrum Spoke & Nipple Sepeda Racing T Rear,54500,,,,,https://www.rodalink.com/id/fulcrum-racing-t-rear-spokes-nipples.html
Wheels & Tires,Spoke & Nipple,Shimano Nipples Y012Z4070 for WH-RS10/RS20/RS30,12000,,,,,https://www.rodalink.com/id/shimano-nipples-y012z4070-for-wh-rs10-rs20-rs30-201150.html
Wheels & Tires,Spoke & Nipple,Shimano Nipples Y4CK89000 for WH-MT65 M975,12000,,,,,https://www.rodalink.com/id/shimano-nipples-y4ck89000-for-wh-mt65-m975-201148.html
Wheels & Tires,Spoke & Nipple,Fulcrum Nipple Sepeda Racing 3 Red Power 27.5,7000,,,,,https://www.rodalink.com/id/fulcrum-racing-3-red-power-27-5-nipples.html
Wheels & Tires,Spoke & Nipple,Polygon Spoke & Nipple Sepeda 700C,2000,,,,,https://www.rodalink.com/id/polygon-700c-spoke-nipple-pa00202.html
Wheels & Tires,Spoke & Nipple,Polygon Spoke & Nipple Sepeda 27.5,2000,,,,,https://www.rodalink.com/id/polygon-spokes-nipples-for-27-5.html
Wheels & Tires,Spoke & Nipple,Polygon Spoke & Nipple Sepeda 24,2000,,,,,https://www.rodalink.com/id/polygon-spokes-nipples-for-24.html
Wheels & Tires,Spoke & Nipple,Polygon Spoke & Nipple Sepeda,2000,,,,,https://www.rodalink.com/id/polygon-spokes-nipples.html
Apparel,Arm Sleeve,Xzone Leg Sleeve Velonic,168000,,,,,https://www.rodalink.com/id/xzone-leg-sleeve-velonic-742010.html
Apparel,Arm Sleeve,Xzone Arm Sleeve Velonic,138000,,,,,https://www.rodalink.com/id/xzone-arm-sleeve-velonic-742009.html
Apparel,Jersey,Shimano Jersey Sepeda S-Phyre Flash,3498000,2798400,,,,https://www.rodalink.com/id/shimano-jersey-sepeda-s-phyre-flash-735658.html
Apparel,Jersey,Shimano Jersey Sepeda S-Phyre LTD PCW-JSRS-TS11M,3498000,2798400,,,,https://www.rodalink.com/id/shimano-jersey-sepeda-s-phyre-ltd-pcw-jsrs-ts11m-735855.html
Apparel,Jersey,Shimano Jersey Sepeda S-Phyre Leggera,2798000,2238400,,,,https://www.rodalink.com/id/shimano-jersey-sepeda-s-phyre-leggera-735657.html
Apparel,Jersey,Shimano Jersey Sepeda S-Phyre Short Sleeve SS19,2348000,1878400,,,,https://www.rodalink.com/id/shimano-s-phyre-short-sleeve-bike-jersey-ss19.html
Apparel,Jersey,Shimano Jersey Sepeda Aerolite Short Sleeve,1498000,1198400,,,,https://www.rodalink.com/id/shimano-jersey-sepeda-aerolite-short-sleeve-735647.html
Apparel,Jersey,Shimano Jersey Sepeda Sumire PCW-JSPS-VE11W Women,1448000,1158400,,,,https://www.rodalink.com/id/shimano-jersey-sepeda-sumire-women-735646.html
Apparel,Jersey,Shimano Jersey Sepeda Element Short Sleeve,1098000,878400,,,,https://www.rodalink.com/id/shimano-jersey-sepeda-element-short-sleeve-737167.html
Apparel,Jersey,Xzone Jersey Sepeda Road Graf Short Sleeve,598000,299000,,,,https://www.rodalink.com/id/xzone-jersey-sepeda-road-graf-short-sleeve-737976.html
Apparel,Jersey,Polygon Jersey Sepeda Road Racler II,548000,274000,,,,https://www.rodalink.com/id/polygon-road-racler-ii-jersey-735140.html
Apparel,Jersey,Body Toughness Kaos Olahraga Dual Mesh Crew Neck SS,398000,199000,,,,https://www.rodalink.com/id/body-toughness-kaos-olahraga-dual-mesh-crew-neck-ss-733260.html
Apparel,Jersey,Xzone Kaos Olahraga Chill,178000,,,,,https://www.rodalink.com/id/xzone-kaos-olahraga-chill-742186.html
Apparel,Jersey,Xzone Kaos Olahraga Light,178000,,,,,https://www.rodalink.com/id/xzone-kaos-olahraga-light-742185.html
Apparel,Jersey,Xzone T-Shirt Base Layer Sepeda Basic Pro,158000,,,,,https://www.rodalink.com/id/xzone-t-shirt-base-layer-sepeda-basic-pro-734115.html
Apparel,Jersey,Xzone Kaos Olahraga Basic,158000,,,,,https://www.rodalink.com/id/xzone-kaos-olahraga-basic-742184.html
Apparel,Jersey,Xzone Base Layer Sepeda Basic Pro II,158000,,,,,https://www.rodalink.com/id/xzone-t-shirt-base-layer-sepeda-basic-pro-ii-742058.html
Apparel,Jersey,Body Toughness Kaos Olahraga Compression Crew Neck SS,298000,149000,,,,https://www.rodalink.com/id/body-toughness-kaos-olahraga-compression-crew-neck-ss-733257.html
Apparel,Jersey,Body Toughness Kaos Olahraga Compression V-Neck SS,298000,149000,,,,https://www.rodalink.com/id/body-toughness-kaos-olahraga-compression-v-neck-ss-733259.html
Apparel,Jersey,Body Toughness Kaos Olahraga Compression Crew Neck NS,278000,139000,,,,https://www.rodalink.com/id/body-toughness-kaos-olahraga-compression-crew-neck-ns-733256.html
Apparel,Kaos,Shimano T-Shirt Sepeda Vertex Sleeveless Base Layer,698000,558400,,,,https://www.rodalink.com/id/shimano-t-shirt-sepeda-vertex-sleeveless-base-layer-737166.html
Apparel,Celana,Shimano Bibshort Sepeda Sumire  Women CW-PAPS-VE32W,1648000,1318400,,,,https://www.rodalink.com/id/shimano-bib-short-sepeda-sumire-women-735655001.html
Apparel,Celana,Shimano Bibshort Sepeda CW-PAPS-VE31M,1548000,1238400,,,,https://www.rodalink.com/id/shimano-bibshort-sepeda-cw-paps-ve31m-737171.html
Apparel,Celana,Shimano Bibshort Sepeda Kodama CW-PAPS-US51M,1298000,1038400,,,,https://www.rodalink.com/id/shimano-bibshort-sepeda-kodama-cw-paps-us51m-737169.html
Apparel,Celana,Xzone Celana Cargo Sepeda AM Onyx Long,798000,,,,,https://www.rodalink.com/id/xzone-celana-cargo-sepeda-am-onyx-long-742063.html
Apparel,Celana,Xzone Bibshort Sepeda Cargo Reis II,748000,,,,,https://www.rodalink.com/id/xzone-bibshort-sepeda-cargo-reis-ii-739588.html
Apparel,Celana,Xzone Celana Cargo Sepeda AM Onyx Short,598000,,,,,https://www.rodalink.com/id/xzone-celana-cargo-sepeda-am-onyx-short-742062.html
Apparel,Celana,Xzone Celana Panjang Sepeda Basic Pro Padding II,528000,,,,,https://www.rodalink.com/id/xzone-celana-panjang-sepeda-basic-pro-padding-ii-740831.html
Apparel,Celana,Xzone Celana Sepeda Basic Pro Short II,448000,,,,,https://www.rodalink.com/id/xzone-celana-sepeda-basic-pro-short-ii-738967.html
Apparel,Celana,Xzone Bibshort Sepeda Pro Zene Women,798000,399000,,,,https://www.rodalink.com/id/xzone-bibshort-sepeda-pro-zene-women-737442.html
Apparel,Kacamata,Shimano Kacamata Sepeda Equinox CE-EQNX5PH Photochromic,1898000,,,,,https://www.rodalink.com/id/shimano-kacamata-sepeda-equinox-ce-eqnx5ph-photochromic-pa01802.html
Apparel,Kacamata,Shimano Kacamata Sepeda S-Pyhre SL CE-SPSL2 SL Ridescape Gravel,1898000,,,,,https://www.rodalink.com/id/shimano-kacamata-sepeda-s-pyhre-sl-ce-spsl2-sl-ridescape-gravel-740605.html
Apparel,Kacamata,Shimano Kacamata Sepeda S-Pyhre SL CE-SPSL2 SL Ridescape Road,1898000,,,,,https://www.rodalink.com/id/shimano-kacamata-sepeda-s-pyhre-sl-ce-spsl2-sl-ridescape-road-740195.html
Apparel,Kacamata,Shimano Kacamata Sepeda Equinox CE-EQNX5RD Ridescape Road,1598000,,,,,https://www.rodalink.com/id/shimano-kacamata-sepeda-equinox-ce-eqnx5rd-ridescape-road-740197.html
Apparel,Kacamata,Shimano Kacamata Sepeda Equinox CE-EQNX5RS Ridescape Gravel,1598000,,,,,https://www.rodalink.com/id/shimano-kacamata-sepeda-equinox-ce-eqnx5rs-ridescape-gravel-740602.html
Apparel,Kacamata,Shimano Kacamata Sepeda Equinox CE-EQNX5RS Ridescape Off-Road,1598000,,,,,https://www.rodalink.com/id/shimano-kacamata-sepeda-equinox-ce-eqnx5rs-ridescape-off-road-740560.html
Apparel,Kacamata,Shimano Kacamata Sepeda Technium L Photochromic CE-TCNL2,1548000,,,,,https://www.rodalink.com/id/shimano-kacamata-sepeda-technium-l-photochromic-ce-tcnl2-739240.html
Apparel,Kacamata,Shimano Kacamata Sepeda Aerolite Photochromic CE-ARLT2,1398000,,,,,https://www.rodalink.com/id/shimano-kacamata-sepeda-aerolite-photochromic-ce-arlt2-737853001.html
Apparel,Kacamata,Shimano Kacamata Sepeda Technium L CE-TCNL2 Road,1298000,,,,,https://www.rodalink.com/id/shimano-kacamata-sepeda-technium-l-ce-tcnl2-road-739211.html
Apparel,Kacamata,Shimano Kacamata Sepeda Technium CE-TCNM2 Road,1298000,,,,,https://www.rodalink.com/id/shimano-kacamata-sepeda-technium-ce-tcnm2-road-739223.html
Apparel,Kacamata,Altalist Kacamata Sepeda Kaku SP4 Interchangeable Sports,898000,,,,,https://www.rodalink.com/id/altalist-kaku-sp4-interchangeable-sports-sunglasses.html
Apparel,Kacamata,Altalist Kacamata Hayate R2 Triathlon Photochromic,898000,,,,,https://www.rodalink.com/id/altalist-kacamata-sepeda-hayate-r2-triathlon-photochromic-741751.html
Apparel,Kacamata,Shimano Kacamata Sepeda Aerolite RideScape CE-ARLT2,828000,,,,,https://www.rodalink.com/id/shimano-kacamata-sepeda-aerolite-ridescape-ce-arlt2-737854.html
Apparel,Kacamata,Altalist Kacamata Sepeda Kisou PXC Mountain Sport Photochromic,748000,,,,,https://www.rodalink.com/id/altalist-kisou-pxc-mountain-sport-photochromic-sunglasses.html
Apparel,Kacamata,Shimano Kacamata Sepeda Twinspark High Contrast CE-TSPK2,728000,,,,,https://www.rodalink.com/id/shimano-kacamata-sepeda-twinspark-high-contrast-ce-tspk2-739224.html
Apparel,Kacamata,Abus Goggles Sepeda Buteo,998000,698600,,,,https://www.rodalink.com/id/abus-goggles-sepeda-buteo-740036.html
Apparel,Kacamata,Altalist Kacamata Kay L1 Casual Sports Split-Piece,698000,,,,,https://www.rodalink.com/id/altalist-kacamata-kay-l1-casual-sports-split-piece-741750.html
Apparel,Kacamata,Altalist Kacamata Sepeda Kaku SP 2 Photochromic,648000,,,,,https://www.rodalink.com/id/altalist-kacamata-sepeda-kaku-sp-2-photochromic-pa01597.html
Apparel,Kacamata,Altalist Kacamata Sepeda Kaku SP 2 Photochromic Clear,648000,,,,,https://www.rodalink.com/id/altalist-kacamata-sepeda-kaku-sp-2-photochromic-clear-pa01596.html
Apparel,Kacamata,Altalist Kacamata Legacy 3 Sports,648000,,,,,https://www.rodalink.com/id/altalist-kacamata-legacy-3-sports-742985.html
Apparel,Kacamata,Altalist Kacamata Hayate R1 Running,548000,,,,,https://www.rodalink.com/id/altalist-kacamata-hayate-r1-running-741749.html
Apparel,Kacamata,Leatt Goggles Sepeda Vizion 2.5,548000,,,,,https://www.rodalink.com/id/leatt-goggles-sepeda-vizion-2-5-741692.html
Apparel,Kacamata,Altalist Kacamata Legacy 2 Photochromic,498000,,,,,https://www.rodalink.com/id/altalist-kacamata-legacy-2-photochromic-742987.html
Apparel,Kacamata,Altalist Kacamata Sepeda Overglasses 2.0 Polarized,448000,,,,,https://www.rodalink.com/id/altalist-kacamata-sepeda-overglasses-2-0-polarized-741875.html
Apparel,Kacamata,Altalist Kacamata Sepeda Kaku SP 1 Polarized,448000,,,,,https://www.rodalink.com/id/altalist-kacamata-sepeda-kaku-sp-1-polarized-738999.html
Apparel,Kacamata,Altalist Kacamata Legacy 2 Polarized,398000,,,,,https://www.rodalink.com/id/altalist-kacamata-legacy-2-polarized-742986.html
Apparel,Kacamata,Altalist Lensa Kacamata Sepeda SP4 Kaku Photochromic,348000,,,,,https://www.rodalink.com/id/altalist-kacamata-sepeda-kaku-sp-4-photochromic-740714.html
Apparel,Kacamata,Altalist Kacamata Sepeda Kizuna Junior,348000,,,,,https://www.rodalink.com/id/altalist-kacamata-sepeda-kizuna-junior-739911.html
Apparel,Kacamata,Shimano Kacamata Sepeda RX-CLIP CE-RXCLIP,248000,,,,,https://www.rodalink.com/id/shimano-kacamata-sepeda-rx-clip-ce-rxclip-737855001.html
Apparel,Kacamata,Altalist Kacamata Kizuna Polarized,198000,,,,,https://www.rodalink.com/id/altalist-kacamata-kizuna-polarized-742990.html
Apparel,Kacamata,Altalist Kacamata Kizuna Photochromic,198000,,,,,https://www.rodalink.com/id/altalist-kacamata-kizuna-photochromic-742989.html
Apparel,Kacamata,Altalist Kacamata Legacy 1 Photochromic,198000,,,,,https://www.rodalink.com/id/altalist-kacamata-legacy-1-photochromic-742988.html
Apparel,Kacamata,Altalist Kacamata Sepeda Kaku LS 2 Polarized,348000,174000,,,,https://www.rodalink.com/id/altalist-kacamata-sepeda-kaku-ls-2-polarized-739506.html
Apparel,Sarung Tangan / Gloves,Shimano Sarung Tangan Sepeda Advanced ECWGLBSUS21M,498000,398400,,,,https://www.rodalink.com/id/shimano-advanced-ecwglbsus21m-bike-glove-733187.html
Apparel,Sarung Tangan / Gloves,Shimano Sarung Tangan Sepeda Advanced ECW-GLBS-VS41M,498000,398400,,,,https://www.rodalink.com/id/shimano-sarung-tangan-sepeda-advanced-ecw-glbs-vs41m-735666.html
Apparel,Sarung Tangan / Gloves,Shimano Sarung Tangan Sepeda Escape ECWGLBSTS21M,478000,382400,,,,https://www.rodalink.com/id/shimano-sarung-tangan-sepeda-escape-ecwglbsts21m-732211.html
Apparel,Sarung Tangan / Gloves,Shimano Sarung Tangan Sepeda Escape ECW-GLBS-VS21M,478000,382400,,,,https://www.rodalink.com/id/shimano-escape-ecw-glbs-vs21m-bike-gloves-735667.html
Apparel,Sarung Tangan / Gloves,Shimano Sarung Tangan Sepeda Classic ECW-GLBS-TS11M,428000,342400,,,,https://www.rodalink.com/id/shimano-sarung-tangan-sepeda-classic-ecw-glbs-ts11m-737163.html
Apparel,Sarung Tangan / Gloves,Polygon Sarung Tangan Sepeda AM Aventra,278000,,,,,https://www.rodalink.com/id/polygon-sarung-tangan-sepeda-am-aventra-740920.html
Apparel,Sarung Tangan / Gloves,Polygon Sarung Tangan Sepeda XC Tyros,228000,,,,,https://www.rodalink.com/id/polygon-sarung-tangan-sepeda-xc-tyros-740832.html
Apparel,Sarung Tangan / Gloves,Polygon Sarung Tangan Sepeda Road Cynik,228000,,,,,https://www.rodalink.com/id/polygon-sarung-tangan-sepeda-road-cynik-740833.html
Apparel,Sarung Tangan / Gloves,Shimano Sarung Tangan Sepeda Value,278000,222400,,,,https://www.rodalink.com/id/shimano-value-bike-gloves.html
Apparel,Sarung Tangan / Gloves,Xzone Sarung Tangan Sepeda Road Flair Gloves,178000,,,,,https://www.rodalink.com/id/xzone-sarung-tangan-sepeda-road-flair-gloves-740834.html
Apparel,Sarung Tangan / Gloves,Polygon Sarung Tangan Sepeda AM Durango II,298000,149000,,,,https://www.rodalink.com/id/polygon-sarung-tangan-sepeda-am-durango-ii-735137.html
Apparel,Sarung Tangan / Gloves,Polygon Sarung Tangan Sepeda AM Areli,298000,149000,,,,https://www.rodalink.com/id/polygon-areli-all-mountain-gloves-729886.html
Apparel,Sarung Tangan / Gloves,Polygon Sarung Tangan Sepeda Kids Space,128000,,,,,https://www.rodalink.com/id/polygon-sarung-tangan-sepeda-kids-space-740330.html
Apparel,Sarung Tangan / Gloves,Polygon Sarung Tangan Sepeda Kids Friends Dino,128000,,,,,https://www.rodalink.com/id/polygon-sarung-tangan-sepeda-kids-friends-dino-740331.html
Apparel,Sarung Tangan / Gloves,Xzone Sarung Tangan Sepeda Kids Car,128000,,,,,https://www.rodalink.com/id/polygon-sarung-tangan-sepeda-kids-car-740329.html
Apparel,Sarung Tangan / Gloves,Polygon Sarung Tangan Sepeda Kids Unicorn,128000,,,,,https://www.rodalink.com/id/polygon-sarung-tangan-sepeda-kids-unicorn-733111.html
Apparel,Sarung Tangan / Gloves,Xzone Sarung Tangan Sepeda Kids Flower,128000,,,,,https://www.rodalink.com/id/polygon-sarung-tangan-sepeda-kids-flower-740328.html
Apparel,Sarung Tangan / Gloves,Xzone Sarung Tangan Sepeda Road Ace,228000,114000,,,,https://www.rodalink.com/id/xzone-sarung-tangan-sepeda-road-ace-735134.html
Apparel,Sarung Tangan / Gloves,Xzone Sarung Tangan Sepeda Road Basic II,158000,79000,,,,https://www.rodalink.com/id/xzone-sarung-tangan-sepeda-road-basic-ii-733110.html
Apparel,Sarung Tangan / Gloves,Polygon Sarung Tangan Sepeda XC Misty,158000,79000,,,,https://www.rodalink.com/id/polygon-xc-misty-bike-gloves-733581.html
Apparel,Topi,Xzone Headwear Hijab Sepeda Basic,198000,,,,,https://www.rodalink.com/id/xzone-headwear-hijab-sepeda-basic-738522001.html
Apparel,Leg Sleeve,Polygon Leg Sleeve Sepeda Felic,168000,84000,,,,https://www.rodalink.com/id/polygon-leg-warmer-felic.html
Protection,Helm Sepeda,Leatt Helmet Sepeda MTB Gravity 4.0 Full Face,4248000,,,,,https://www.rodalink.com/id/leatt-helmet-sepeda-mtb-gravity-4-0-full-face-741707.html
Protection,Helm Sepeda,Abus Helm Sepeda GameChanger 2.0 MIPS Asian Fit,4248000,,,,,https://www.rodalink.com/id/abus-helm-sepeda-gamechanger-2-0-mips-pa01823.html
Protection,Helm Sepeda,Abus Helm Sepeda GameChanger 2.0 MIPS,4248000,,,,,https://www.rodalink.com/id/abus-helm-sepeda-gamechanger-2-0-mips-738413.html
Protection,Helm Sepeda,Abus Helm Sepeda GameChanger Tri,5498000,3848600,,,,https://www.rodalink.com/id/abus-helm-sepeda-gamechanger-tri-736768.html
Protection,Helm Sepeda,Lazer Helm Sepeda Z1 KinetiCore AF,3748000,,,,,https://www.rodalink.com/id/lazer-helm-sepeda-z1-kineticore-af-738939.html
Protection,Helm Sepeda,Abus Helm Sepeda GameChanger TT,5198000,3638600,,,,https://www.rodalink.com/id/abus-helm-sepeda-gamechanger-tt-736497.html
Protection,Helm Sepeda,Abus Helm Sepeda GameChanger 2.0 Movistar Team 24,3498000,,,,,https://www.rodalink.com/id/abus-helm-sepeda-gamechanger-2-0-movistar-team-24-740038.html
Protection,Helm Sepeda,Abus Helm Sepeda GameChanger 2.0 Asian Fit,3498000,,,,,https://www.rodalink.com/id/abus-helm-sepeda-gamechanger-2-0-pa01822.html
Protection,Helm Sepeda,Abus Helm Sepeda GameChanger 2.0,3498000,,,,,https://www.rodalink.com/id/abus-helm-sepeda-gamechanger-2-0-738427.html
Protection,Helm Sepeda,Leatt Helm Sepeda Enduro 2.0 Full Face,2998000,,,,,https://www.rodalink.com/id/leatt-helm-sepeda-enduro-2-0-full-face-741752.html
Protection,Helm Sepeda,Lazer Helm Sepeda Volante KinetiCore,4898000,2938800,,,,https://www.rodalink.com/id/lazer-helm-sepeda-volante-kineticore-738501.html
Protection,Helm Sepeda,Lazer Helm Sepeda Vento KinetiCore,3998000,2398800,,,,https://www.rodalink.com/id/lazer-helm-sepeda-vento-kineticore-736888.html
Protection,Helm Sepeda,Abus Helm Sepeda AirBreaker,3398000,2378600,,,,https://www.rodalink.com/id/abus-airbreaker-bike-helmet-729835.html
Protection,Helm Sepeda,Lazer Helm Sepeda Genesis Asian Fit,2648000,1588800,,,,https://www.rodalink.com/id/lazer-helm-sepeda-genesis-asian-fit-735828.html
Protection,Helm Sepeda,Lazer Helm Sepeda Strada KinetiCore,1998000,,,,,https://www.rodalink.com/id/lazer-helm-sepeda-strada-kineticore-740733.html
Protection,Helm Sepeda,Abus Helm Sepeda Hidrop Fullface,2498000,1748600,,,,https://www.rodalink.com/id/abus-helm-sepeda-hidrop-fullface-740039.html
Protection,Helm Sepeda,Lazer Helm Sepeda Coyote,1748000,,,,,https://www.rodalink.com/id/lazer-helm-sepeda-coyote-pa01067.html
Protection,Helm Sepeda,Lazer Helm Sepeda Coyote KinetiCore,1748000,,,,,https://www.rodalink.com/id/lazer-helm-sepeda-coyote-kineticore-740149.html
Protection,Helm Sepeda,Leatt Helm Sepeda MTB Gravity 1.0 Full Face,1748000,,,,,https://www.rodalink.com/id/leatt-helm-sepeda-mtb-gravity-1-0-full-face-741706.html
Protection,Helm Sepeda,Abus Helm Sepeda Aventor QL,1998000,1398600,,,,https://www.rodalink.com/id/abus-helm-sepeda-aventor-ql-739450.html
Protection,Helm Sepeda,Abus Helm Sepeda Aventor,1998000,1398600,,,,https://www.rodalink.com/id/abus-aventor-bike-helmet.html
Protection,Helm Sepeda,Lazer Helm Sepeda Tonic KinetiCore AF,1298000,,,,,https://www.rodalink.com/id/lazer-helm-sepeda-tonic-kineticore-af-737794.html
Protection,Helm Sepeda,Lazer Helm Sepeda Strada KinetiCore,1598000,958800,,,,https://www.rodalink.com/id/lazer-helm-sepeda-strada-kineticore-736889.html
Protection,Helm Sepeda,Lazer Lifebeam Kit,1648000,1153600,,,,https://www.rodalink.com/id/lazer-lifebeam-kit.html
Protection,Helm Sepeda,Lazer Helm Sepeda Tonic KinetiCore,1148000,,,,,https://www.rodalink.com/id/lazer-helm-sepeda-tonic-kineticore-740410.html
Protection,Helm Sepeda,Lazer Helm Sepeda Sphere MIPS,1848000,1108800,,,,https://www.rodalink.com/id/lazer-helm-sepeda-sphere-mips-734931.html
Protection,Helm Sepeda,Lazer Helm Sepeda Strada KinetiCore,1598000,958800,,,,https://www.rodalink.com/id/lazer-helm-sepeda-lazer-strada-kc-738106.html
Protection,Helm Sepeda,Lazer Helm Sepeda Sphere,1548000,928800,,,,https://www.rodalink.com/id/lazer-sphere-bike-helmet-733580.html
Protection,Helm Sepeda,Lazer Helm Sepeda Impala Off Road,1398000,838800,,,,https://www.rodalink.com/id/lazer-impala-off-road-bike-helmet.html
Protection,Helm Sepeda,Abus Helm Sepeda Macator,748000,,,,,https://www.rodalink.com/id/abus-helm-sepeda-macator-731841.html
Protection,Helm Sepeda,Polygon Helm Sepeda Road Gale,648000,,,,,https://www.rodalink.com/id/polygon-helm-sepeda-road-gale-742288.html
Protection,Helm Sepeda,Entity Helm Sepeda Road RH15,598000,,,,,https://www.rodalink.com/id/entity-rh15-road-bike-helmet.html
Protection,Helm Sepeda,Abus Helm Sepeda Hyban 2.0,848000,593600,,,,https://www.rodalink.com/id/abus-hyban-2-0-urban-bike-helmet-731842.html
Protection,Helm Sepeda,Entity Helm Sepeda Mountain MH15,548000,,,,,https://www.rodalink.com/id/entity-mh15-mountain-bike-helmet-726109.html
Protection,Helm Sepeda,Entity Helm Sepeda Urban SH15,498000,,,,,https://www.rodalink.com/id/entity-urban-sh15-bike-helmet-726110.html
Protection,Helm Sepeda,Xzone Helm Sepeda MTB Dirt,448000,,,,,https://www.rodalink.com/id/xzone-helm-sepeda-mtb-dirt-740473.html
Protection,Helm Sepeda,Polygon Helm Sepeda MTB Pathfinder,398000,,,,,https://www.rodalink.com/id/polygon-helm-sepeda-mtb-pathfinder-740471.html
Protection,Helm Sepeda,Lazer Helm Sepeda Chiru Off Road,628000,376800,,,,https://www.rodalink.com/id/lazer-chiru-off-road-bike-helmet.html
Protection,Helm Sepeda,Xzone Helm Sepeda Urban Haben II,548000,274000,,,,https://www.rodalink.com/id/xzone-haben-ii-urban-bike-helmet.html
Protection,Helm Sepeda,Xzone Helm Sepeda Anak Flower,248000,,,,,https://www.rodalink.com/id/xzone-helm-sepeda-anak-flower-741052.html
Protection,Helm Sepeda,Polygon Helm Sepeda BMX Spinnix,248000,,,,,https://www.rodalink.com/id/polygon-helm-sepeda-bmx-spinnix-741198.html
Protection,Helm Sepeda,Polygon Helm Sepeda Moxie,428000,214000,,,,https://www.rodalink.com/id/polygon-moxie-bike-helmet-732904.html
Protection,Helm Sepeda,Polygon Helm Sepeda Anak Unicorn,158000,,,,,https://www.rodalink.com/id/polygon-helm-sepeda-anak-unicron-732369.html
Protection,Helm Sepeda,Polygon Helm Sepeda Anak Superhero,158000,,,,,https://www.rodalink.com/id/polygon-helm-sepeda-anak-superhero-742286.html
Protection,Helm Sepeda,Polygon Helm Sepeda Anak Space,158000,,,,,https://www.rodalink.com/id/polygon-helm-sepeda-anak-space-739590.html
Protection,Helm Sepeda,Polygon Helm Sepeda Anak Friends Dino,158000,,,,,https://www.rodalink.com/id/polygon-helm-sepeda-anak-friends-dino-739589.html
Protection,Helm Sepeda,Xzone Helm Sepeda BMX Athon II,298000,149000,,,,https://www.rodalink.com/id/xzone-helm-sepeda-bmx-athon-ii-732134.html
Protection,Helm Sepeda,Polygon Helm Sepeda BMX Pixel,248000,124000,,,,https://www.rodalink.com/id/polygon-pixel-bmx-helmet-728869.html
Protection,Body Protector,Leatt Body Protector Pelindung Dada ReaFlex,2998000,,,,,https://www.rodalink.com/id/leatt-body-protector-pelindung-dada-reaflex-741697001.html
Protection,Body Protector,Leatt Body Protector Pelindung Lutut ReaFlex Pro,1498000,,,,,https://www.rodalink.com/id/leatt-body-protector-pelindung-lutut-reaflex-pro-pa01824.html
Protection,Body Protector,Xzone Body Protector Anak Flower Elbow & Knee Set,168000,,,,,https://www.rodalink.com/id/xzone-body-protector-anak-flower-elbow-knee-set-pa01658.html
Protection,Body Protector,Polygon Body Protector Anak Unicorns Elbow & Knee Set,168000,,,,,https://www.rodalink.com/id/polygon-body-protector-anak-unicorns-elbow-knee-set-pa01747.html
Protection,Body Protector,Polygon Body Protector Anak Space Elbow & Knee Set,168000,,,,,https://www.rodalink.com/id/polygon-body-protector-anak-space-elbow-knee-set-pa01746.html
Protection,Body Protector,Polygon Body Protector Anak Friends Dino Elbow & Knee Set,168000,,,,,https://www.rodalink.com/id/polygon-body-protector-anak-friends-dino-elbow-knee-set-pa01745.html
Protection,Body Protector,Xzone Body Protector Anak Car Elbow & Knee Set,168000,,,,,https://www.rodalink.com/id/xzone-body-protector-anak-car-elbow-knee-set-pa01657.html
Protection,Reflector,Polygon Bracket Reflector Sepeda B-9 Front,10000,3000,,,,https://www.rodalink.com/id/polygon-bracket-reflector-sepeda-b-9-front.html
Protection,Reflector,Polygon Bracket Reflector Sepeda B-12 Rear,10000,3000,,,,https://www.rodalink.com/id/polygon-bracket-reflector-sepeda-b-12-rear.html
Footwear,Sepatu,Shimano Sepatu Sepeda Road SH-RC903E PWR Wide Fit,5498000,,,,,https://www.rodalink.com/id/shimano-sepatu-sepeda-road-sh-rc903e-pwr-wide-fit-740364.html
Footwear,Sepatu,Shimano Sepatu Sepeda Road SH-RC903E Wide Fit,4998000,,,,,https://www.rodalink.com/id/shimano-sepatu-sepeda-road-sh-rc903-wide-fit-737392.html
Footwear,Sepatu,Shimano Sepatu Sepeda Road SH-RC903SE - Special Edition,4998000,,,,,https://www.rodalink.com/id/shimano-sepatu-sepeda-road-sh-rc903se-special-edition-737878.html
Footwear,Sepatu,Shimano Sepatu Sepeda Off-Road SH-XC903 S-Phyre Wide Fit,4848000,,,,,https://www.rodalink.com/id/shimano-sepatu-sepeda-off-road-sh-xc903-s-phyre-wide-fit-739872.html
Footwear,Sepatu,Shimano Sepatu Sepeda Road SH-RC703E Wide Fit - Special Edition,3298000,,,,,https://www.rodalink.com/id/shimano-sepatu-sepeda-road-sh-rc703e-wide-fit-special-edition-740191.html
Footwear,Sepatu,Shimano Sepatu Sepeda Gravity SH-GE900HS,3248000,,,,,https://www.rodalink.com/id/shimano-sepatu-sepeda-gravity-sh-ge900hs-740885.html
Footwear,Sepatu,Shimano Sepatu Sepeda XC Racing SH-XC703E Wide Fit,3248000,,,,,https://www.rodalink.com/id/shimano-sepatu-sepeda-xc-racing-sh-xc703e-wide-fit-740890.html
Footwear,Sepatu,Shimano Sepatu Sepeda Road SH-RC703 Wide Fit,3198000,,,,,https://www.rodalink.com/id/shimano-sepatu-sepeda-road-sh-rc703-wide-fit-738961.html
Footwear,Sepatu,Shimano Sepatu Sepeda Road Competition S-Phyre SH-RC902 Wide Fit,3498000,2798400,,,,https://www.rodalink.com/id/shimano-rc902-wide-fit-road-competition-bike-shoes-732474.html
Footwear,Sepatu,Shimano Sepatu Sepeda Off-Road SH-XC503E Wide Fit,2248000,,,,,https://www.rodalink.com/id/shimano-sepatu-sepeda-off-road-sh-xc503e-wide-fit-740889.html
Footwear,Sepatu,Shimano Sepatu Sepeda Road SH-RC503E Wide Fit,2248000,,,,,https://www.rodalink.com/id/shimano-sepatu-sepeda-road-sh-rc503e-wide-fit-740886.html
Footwear,Sepatu,Shimano Sepatu Sepeda Downhill SH-GF600,1998000,,,,,https://www.rodalink.com/id/shimano-sepatu-sepeda-downhill-sh-gf600-738207.html
Footwear,Sepatu,Shimano Sepatu Sepeda Trail Enduro SH-GE700,1998000,,,,,https://www.rodalink.com/id/shimano-sepatu-sepeda-trail-enduro-sh-ge700-738624.html
Footwear,Sepatu,Shimano Sepatu Sepeda Gravel SH-RX600 Wide Fit,1848000,,,,,https://www.rodalink.com/id/shimano-sepatu-sepeda-gravel-sh-rx600-wide-fit-737320.html
Footwear,Sepatu,Shimano Sepatu Sepeda Road SH-RC702E Wide Fit,2298000,1838400,,,,https://www.rodalink.com/id/shimano-sepatu-sepeda-road-sh-rc702e-wide-fit-735375.html
Footwear,Sepatu,Shimano Sepatu Sepeda XC Racing SH-XC302E Wide Fit,1648000,,,,,https://www.rodalink.com/id/shimano-sepatu-sepeda-xc-racing-sh-xc302e-wide-fit-740888.html
Footwear,Sepatu,Shimano Sepatu Sepeda Road SH-RC302M,1598000,,,,,https://www.rodalink.com/id/shimano-sepatu-sepeda-road-sh-rc302m-740578.html
Footwear,Sepatu,Shimano Sepatu Sepeda Road SH-RC302E Wide Fit,1598000,,,,,https://www.rodalink.com/id/shimano-sepatu-sepeda-road-sh-rc302e-wide-fit-739565.html
Footwear,Sepatu,Shimano Sepatu Sepeda Trail Enduro SH-GE500,1498000,,,,,https://www.rodalink.com/id/shimano-sepatu-sepeda-trail-enduro-sh-ge500-738204.html
Footwear,Sepatu,Shimano Sepatu Sepeda Gravity SH-GF400,1398000,,,,,https://www.rodalink.com/id/shimano-sepatu-sepeda-gravity-sh-gf400-738206.html
Footwear,Sepatu,Shimano Sepatu Sepeda XC Racing SH-XC102,1398000,,,,,https://www.rodalink.com/id/shimano-sepatu-sepeda-xc-racing-sh-xc102-740887.html
Footwear,Sepatu,Shimano Sepatu Sepeda Road SH-RC102,1378000,,,,,https://www.rodalink.com/id/shimano-sepatu-sepeda-road-sh-rc102-739870.html
Footwear,Sepatu,Shimano Sepatu Sepeda Road SH-RC502 Wide Fit,1648000,1318400,,,,https://www.rodalink.com/id/shimano-sepatu-sepeda-road-sh-rc502-wide-fit-735373.html
Footwear,Sepatu,Shimano Sepatu Sepeda Road SH-RC502 Women,1648000,1318400,,,,https://www.rodalink.com/id/shimano-sh-rc502-women-road-performance-bike-shoes-735374.html
Footwear,Sepatu,Shimano Sepatu Sepeda Trekking SH-SD501,1198000,,,,,https://www.rodalink.com/id/shimano-sepatu-sepeda-trekking-sh-sd501-732475.html
Footwear,Sepatu,Shimano Sepatu Sepeda Road SH-RC300 Wide Fit,1248000,998400,,,,https://www.rodalink.com/id/shimano-sepatu-sepeda-road-sh-rc300-wide-fit-732473.html
Footwear,Sepatu,Shimano Sepatu Sepeda Triathlon SH-TR501,998000,798400,,,,https://www.rodalink.com/id/shimano-tr501-triathlon-bike-shoes-732476.html
Footwear,Sepatu,Shimano Sepatu Sepeda Road Competition SH-RC100,848000,678400,,,,https://www.rodalink.com/id/shimano-sh-rc100-road-competition-bike-shoes-732472.html
Footwear,Cleat Sepatu,Shimano Cleat Sepatu Sepeda ISM-SH12,228000,,,,,https://www.rodalink.com/id/shimano-cleat-sepatu-sepeda-ism-sh12-737338.html
Footwear,Cleat Sepatu,Shimano Cleat Sepatu Sepeda ISM-SH11,228000,,,,,https://www.rodalink.com/id/shimano-cleat-sepatu-sepeda-ism-sh11-737445.html
Footwear,Cleat Sepatu,Shimano Cleat Sepatu Sepeda SM-SH12 Y40B98140,228000,,,,,https://www.rodalink.com/id/shimano-cleat-sepatu-sepeda-sh12.html
Footwear,Cleat Sepatu,Shimano Cleat Sepatu Sepeda ISM-SH10,228000,,,,,https://www.rodalink.com/id/shimano-cleat-sepatu-sepeda-ism-sh10-737444.html
Footwear,Cleat Sepatu,Shimano Cleat Sepatu Sepeda SM-SH10 Y42U98020,228000,,,,,https://www.rodalink.com/id/shimano-cleat-sepatu-sepeda-sh10.html
Footwear,Cleat Sepatu,Shimano Cleat Cover Sepatu Sepeda SM-SH45,188000,,,,,https://www.rodalink.com/id/shimano-cleat-cover-sepatu-sepeda-sm-sh45-700524.html
Footwear,Cleat Sepatu,Shimano Cleat Sepatu Sepeda SM-SH56 Multi-Release Y41S98092,178000,,,,,https://www.rodalink.com/id/shimano-sh56-bike-shoe-cleat-700530.html
Footwear,Cleat Sepatu,Shimano Cleat Sepatu Sepeda SM-SH51 Single Y42498220,178000,,,,,https://www.rodalink.com/id/shimano-cleat-sepatu-sepeda-sh51.html
Footwear,Cleat Sepatu,Shimano Cleat Sepatu Sepeda ISM-SH51A,178000,,,,,https://www.rodalink.com/id/shimano-cleat-sepatu-sepeda-ism-sh51a-737451.html
Footwear,Cleat Sepatu,Shimano Cleat Sepatu Sepeda ISM-SH56A,178000,,,,,https://www.rodalink.com/id/shimano-cleat-sepatu-sepeda-ism-sh56a-737452.html
Footwear,Cleat Sepatu,Cycliste Cleat Sepeda Look CP-01,128000,,,,,https://www.rodalink.com/id/cycliste-cleat-sepeda-look-cp-01-738958.html
Footwear,Cleat Sepatu,Shimano Cleat Spacer Sepatu Sepeda SM-SH20 Y40B98150,118000,,,,,https://www.rodalink.com/id/shimano-cleat-spacer-sepeda-sm-sh20-716844.html
Footwear,Cleat Sepatu,Zeray Cleat Cover Pedal Sepeda FP-SC-07,99000,49500,,,,https://www.rodalink.com/id/zeray-cleat-cover-pedal-sepeda-fp-sc-07-734290.html
Footwear,Cleat Sepatu,Zeray Cleat Sepatu Sepeda SC-03,99000,49500,,,,https://www.rodalink.com/id/zeray-cleat-sepatu-sepeda-sc-03-735778.html
Footwear,Cleat Sepatu,Zeray Cleat Cover Sepatu Sepeda SC-05,99000,49500,,,,https://www.rodalink.com/id/zeray-cleat-cover-sepatu-sepeda-sc-05-735008.html
Footwear,Aksesoris Sepatu,Shimano SH-RC900 Right Repair Kit 2 Dials,628000,,,,,https://www.rodalink.com/id/shimano-rc900-right-repair-kit-2-dials.html
Footwear,Aksesoris Sepatu,Shimano SH-RC900 Left Repair Kit 2 Dials,628000,,,,,https://www.rodalink.com/id/shimano-rc900-left-repair-kit-2-dials.html
Footwear,Aksesoris Sepatu,Shimano SH-XC900 Boa IP1 Right Repair Kit 2 Dials,628000,,,,,https://www.rodalink.com/id/shimano-xc900-boa-ip1-right-repair-kit-2-dials.html
Footwear,Aksesoris Sepatu,Shimano SH-RC900 S-PHYRE Boa IP1 Right Repair Kit 2 Dials,628000,,,,,https://www.rodalink.com/id/shimano-sh-rc900-s-phyre-boa-ip1-right-repair-kit.html
Footwear,Aksesoris Sepatu,Shimano SH-XC900 Boa IP1 Left Repair Kit 2 Dials,628000,,,,,https://www.rodalink.com/id/shimano-xc900-boa-ip1-left-repair-kit-2-dials.html
Footwear,Aksesoris Sepatu,Shimano SH-RC900 S-PHYRE Boa IP1 Left Repair Kit 2 Dials,628000,,,,,https://www.rodalink.com/id/shimano-sh-rc900-s-phyre-boa-ip1-left-repair-kit.html
Footwear,Aksesoris Sepatu,Shimano SH-RP901 Boa IP1 Right Repair Kit 1 Dials,378000,,,,,https://www.rodalink.com/id/shimano-rp901-boa-ip1-right-repair-kit-1-dial.html
Footwear,Aksesoris Sepatu,Shimano SH-RC/XC700 Right Repair Kit 1 Dials,378000,,,,,https://www.rodalink.com/id/shimano-rc-xc700-right-repair-kit-1-dial.html
Footwear,Aksesoris Sepatu,Shimano SH-RC700 Boa IP1 Right Repair Kit 1 Dials,378000,,,,,https://www.rodalink.com/id/shimano-rc700-boa-ip1-right-repair-kit-1-dial.html
Footwear,Aksesoris Sepatu,Shimano SH-RP901 Boa IP1 Left Repair Kit 1 Dials,378000,,,,,https://www.rodalink.com/id/shimano-rp901-boa-ip1-left-repair-kit-1-dial.html
Footwear,Aksesoris Sepatu,Shimano SH-RC/XC700 Boa IP1 Left Repair Kit 1 Dials,378000,,,,,https://www.rodalink.com/id/shimano-rc-xc700-boa-ip1-left-repair-kit-1-dial.html
Training,Aksesoris & Spare Part Training,Elite Rizer Gradient Simulator,16980000,,,,,https://www.rodalink.com/id/elite-rizer-gradient-simulator-733979.html
Training,Aksesoris & Spare Part Training,Elite Sterzo Smart Steering Block,1498000,,,,,https://www.rodalink.com/id/elite-sterzo-smart-steering-block-733212.html
Training,Aksesoris & Spare Part Training,Elite Belt And Back Pulley For Direto,398000,,,,,https://www.rodalink.com/id/elite-belt-and-back-pulley-for-direto-731764.html
Training,Aksesoris & Spare Part Training,Minoura Cable Remote Only For Trainer,118000,,,,,https://www.rodalink.com/id/minoura-cable-remote-only-for-trainer.html
Training,Aksesoris & Spare Part Training,Minoura Magriser G,118000,59000,,,,https://www.rodalink.com/id/minoura-magriser-g.html
Perawatan Sepeda,Sealant Ban,WTB Sealant Tubeless Tire Sepeda TCS,89000,,,,,https://www.rodalink.com/id/wtb-sealant-tubeless-tire-sepeda-tcs-pa01354.html
Perawatan Sepeda,Minyak Rem,Shimano Mineral Oil Sepeda Y83998030 500 ml,248000,,,,,https://www.rodalink.com/id/shimano-y83998030-mineral-oil-sepeda-500-ml-731508.html
Perawatan Sepeda,Minyak Rem,Finish Line Pelumas Rem Sepeda Mineral Brake Fluid,168000,,,,,https://www.rodalink.com/id/finish-line-pelumas-rem-sepeda-mineral-brake-fluid.html
Perawatan Sepeda,Minyak Rem,Finish Line Pelumas Rem Sepeda DOT Brake Fluid,168000,,,,,https://www.rodalink.com/id/finish-line-pelumas-rem-sepeda-dot-brake-fluid.html
Perawatan Sepeda,Minyak Rem,Shimano Mineral Oil Rem Sepeda Y83998020 100 ml,128000,,,,,https://www.rodalink.com/id/shimano-mineral-oil-rem-sepeda-y83998020-100-ml-731507.html
Perawatan Sepeda,Pelumas Rantai,Finish Line Pelumas Rantai Sepeda Teflon Plus Dry,2148000,,,,,https://www.rodalink.com/id/finish-line-pelumas-rantai-sepeda-teflon-plus-dry-pa01027.html
Perawatan Sepeda,Pelumas Rantai,Finish Line Pelumas Sepeda Krytech Wax Lube,2148000,,,,,https://www.rodalink.com/id/finish-line-pelumas-sepeda-krytech-wax-lube-pa00292.html
Perawatan Sepeda,Pelumas Rantai,Finish Line Pelumas Sepeda Wet Lube,2148000,,,,,https://www.rodalink.com/id/finish-line-pelumas-sepeda-wet-lube-pa00290.html
Perawatan Sepeda,Pelumas Rantai,Finish Line Pelumas Sepeda Pro Chain Cleaner Kit,498000,,,,,https://www.rodalink.com/id/pelumas-finish-line-shop-chain-cleaner-kit.html
Perawatan Sepeda,Pelumas Rantai,Finish Line Pelumas Sepeda Cleaning & Dry Lubricant Kit,398000,,,,,https://www.rodalink.com/id/pelumas-finish-line-bike-care-pack-ecotech-dry-bike-wash-4oz.html
Perawatan Sepeda,Pelumas Rantai,Finish Line Pelumas Sepeda Cleaning & Wet Lubricant Kit,398000,,,,,https://www.rodalink.com/id/finish-line-pelumas-sepeda-cleaning-wet-lubricant-kit.html
Perawatan Sepeda,Pelumas Rantai,Finish Line Pelumas Sepeda 1-Step Cleaner & Lubricant,248000,,,,,https://www.rodalink.com/id/finish-line-pelumas-sepeda-1-step-cleaner-lubricant-110564.html
Perawatan Sepeda,Pelumas Rantai,Finish Line Botol Pelumas Sepeda No Drip Chain Luber,138000,,,,,https://www.rodalink.com/id/pelumas-finish-line-no-drip-chain-luber-2oz.html
Perawatan Sepeda,Pelumas Rantai,Strasse High Performance Chain Lube with PTFE,118000,,,,,https://www.rodalink.com/id/strasse-high-performance-chain-lube-with-ptfe-742449.html
Perawatan Sepeda,Pelumas Rantai,Finish Line Pelumas Sepeda Ceramic Wax Lube,108000,,,,,https://www.rodalink.com/id/finish-line-pelumas-sepeda-ceramic-wax-lube.html
Perawatan Sepeda,Pelumas Rantai,Strasse Dry Chain Lube,69000,,,,,https://www.rodalink.com/id/strasse-dry-chain-lube-742450.html
Perawatan Sepeda,Pelumas Rantai,Novapro Pelumas Sepeda Grid Lube,65000,,,,,https://www.rodalink.com/id/novapro-pelumas-sepeda-grid-lube-742245.html
Perawatan Sepeda,Pelumas Rantai,Novapro Pelumas Sepeda Dry Lube,55000,,,,,https://www.rodalink.com/id/novapro-pelumas-sepeda-dry-lube-742243.html
Perawatan Sepeda,Pelumas Rantai,Novapro Pelumas Sepeda Wet Lube,35000,,,,,https://www.rodalink.com/id/novapro-pelumas-sepeda-wet-lube-742244.html
Perawatan Sepeda,Pembersih,Finish Line Pro Detailer Polish/Protect CT 1 Liter,448000,,,,,https://www.rodalink.com/id/finish-line-pro-detailer-polish-protect-ct-1-liter-737925.html
Perawatan Sepeda,Pembersih,Finish Line Pro Detailer Polish and Protectant 1 liter,378000,,,,,https://www.rodalink.com/id/finish-line-pro-detailer-polish-and-protectant-1-liter.html
Perawatan Sepeda,Pembersih,Brooks Proofide Leather Dressing,278000,,,,,https://www.rodalink.com/id/brooks-proofide-leather-dressing-pa00810.html
Perawatan Sepeda,Pembersih,Finish Line Pembersih Sepeda Super Bike Wash,228000,,,,,https://www.rodalink.com/id/finish-line-pembersih-sepeda-super-bike-wash-pa01624.html
Perawatan Sepeda,Pembersih,Finish Line Tools Pembersih Sepeda Gear Floss Microfiber Rope,118000,,,,,https://www.rodalink.com/id/tali-pembersih-finish-line-gear-floss-20-pcs.html
Perawatan Sepeda,Degreaser,Finish Line Pembersih Drivetrain Sepeda Citrus Degreaser 1 Gl,1498000,,,,,https://www.rodalink.com/id/finish-line-pembersih-drivetrain-sepeda-citrus-degreaser-1-gl-700517.html
Perawatan Sepeda,Degreaser,Finish Line Multi Degreaser EcoTech,328000,,,,,https://www.rodalink.com/id/finish-line-multi-degreaser-ecotech-pa01623.html
Perawatan Sepeda,Degreaser,Finish Line Rust Remover Sepeda Chill Zone 17 oz,278000,,,,,https://www.rodalink.com/id/finish-line-rust-remover-sepeda-chill-zone-16-oz-736439.html
Perawatan Sepeda,Degreaser,Finish Line Pelumas Sepeda Speed Bike Degreaser,278000,,,,,https://www.rodalink.com/id/pelumas-finish-line-speed-clean-degreaser-18oz.html
Perawatan Sepeda,Degreaser,Finish Line Pelumas Sepeda EcoTech Degreaser,228000,,,,,https://www.rodalink.com/id/pelumas-finish-line-ecotech-cleaner-degreaser-12oz.html
Perawatan Sepeda,Degreaser,Finish Line Pembersih Drivetrain Sepeda Citrus Degreaser,228000,,,,,https://www.rodalink.com/id/finish-line-citrus-degreaser-drivetrain-cleaner-pa00295.html
Perawatan Sepeda,Degreaser,Finish Line Pelumas Sepeda E-Shift Groupset Cleaner 9 oz,198000,,,,,https://www.rodalink.com/id/pelumas-finish-line-e-shift-electric-groupset-cleaner-9oz.html
Perawatan Sepeda,Degreaser,Finish Line Pelumas Sepeda Pedal & Cleat CT,198000,,,,,https://www.rodalink.com/id/finish-line-pelumas-sepeda-pedal-cleat-ct-737924.html
Perawatan Sepeda,Degreaser,Finish Line Bicycle Disc Brake Cleaner - 10 oz Aerosol,168000,,,,,https://www.rodalink.com/id/finish-line-bicycle-disc-brake-cleaner-10-oz-aerosol-730566.html
Perawatan Sepeda,Degreaser,Finish Line Pelumas Sepeda Showroom Polish and Protectant,,,,,,https://www.rodalink.com/id/finish-line-pelumas-sepeda-showroom-polish-and-protectant-737665.html
Perawatan Sepeda,Degreaser,Finish Line Pelumas Sepeda Pedal & Cleat Lubricant,128000,,,,,https://www.rodalink.com/id/finish-line-pelumas-sepeda-pedal-cleat-lubricant.html
Perawatan Sepeda,Suspension Care,Finish Line Pelumas Sepeda Stanchion Fluoro Oil,168000,,,,,https://www.rodalink.com/id/pelumas-finish-line-stanchion-fluoro-oil.html
Perawatan Sepeda,Suspension Care,Finish Line Max Suspension Spray - 9oz Aerosol,168000,,,,,https://www.rodalink.com/id/finish-line-max-suspension-spray-9oz-aerosol.html
Perawatan Sepeda,Suspension Care,Rockshox Pembersih Suspensi Sepeda,148000,,,,,https://www.rodalink.com/id/rockshox-pembersih-suspensi-sepeda.html
Perawatan Sepeda,Grease / Pelumas,Shimano Special Grease Sepeda Y0411001 500 gr,748000,,,,,https://www.rodalink.com/id/shimano-special-grease-y0411001-702495.html
Perawatan Sepeda,Grease / Pelumas,Finish Line Pelumas Bearing Sepeda Ceramic Grease 1 lb,548000,,,,,https://www.rodalink.com/id/finish-line-ceramic-grease.html
Perawatan Sepeda,Grease / Pelumas,Finish Line Pelumas Sepeda Premium Grease,168000,,,,,https://www.rodalink.com/id/pelumas-finish-line-premium-grease-3-5oz-500083.html
Perawatan Sepeda,Grease / Pelumas,Finish Line Pelumas Bearing Sepeda Ceramic Grease 2 oz,168000,,,,,https://www.rodalink.com/id/pelumas-finish-line-ceramic-grease-2oz.html
Perawatan Sepeda,Grease / Pelumas,Kind Shock Pelumas Sepeda Post Paste Grease,84000,,,,,https://www.rodalink.com/id/kind-shock-pelumas-sepeda-post-paste-grease.html
Perawatan Sepeda,Lain-lain,Finish Line Easy Pro Brush Set,298000,,,,,https://www.rodalink.com/id/finish-line-easy-pro-brush-set.html
Perawatan Sepeda,Lain-lain,Finish Line Pelumas Sepeda Fiber Grip,168000,,,,,https://www.rodalink.com/id/finish-line-fiber-grip-bike-lubricate-pa00291.html
Perawatan Sepeda,Lain-lain,Finish Line Rebuild Kit Shop Chain Cleaner,138000,,,,,https://www.rodalink.com/id/finish-line-rebuild-kit-shop-chain-cleaner-732521.html
Perawatan Sepeda,Lain-lain,RockShox Hose Barb for Reverb Remote,94000,,,,,https://www.rodalink.com/id/rockshox-hose-barb-for-reverb-remote-726428.html
Perawatan Sepeda,Lain-lain,Finish Line Pelumas Sepeda Anti Seize Assembly Lubricant,89000,,,,,https://www.rodalink.com/id/finish-line-pelumas-sepeda-anti-seize-assembly-lubricant.html
Perawatan Sepeda,Lain-lain,Finish Line Anti-Seize Assembly Lube 3x6.5 ml,89000,,,,,https://www.rodalink.com/id/finish-line-anti-seize-assembly-lube-3x6-5-ml-724109.html
Perawatan Sepeda,Lain-lain,Rockshox Reverb / Reverb Stealth Brass Keys Size 3,74000,,,,,https://www.rodalink.com/id/rockshox-reverb-reverb-stealth-brass-keys-size-3-726423.html
Perawatan Sepeda,Lain-lain,Strasse Active Odor Killer 60ml - White Tea,64000,,,,,https://www.rodalink.com/id/strasse-active-odor-killer-60ml-white-tea-742447001.html
Perawatan Sepeda,Lain-lain,Strasse Active Odor Killer 60ml - Bergamout,64000,,,,,https://www.rodalink.com/id/strasse-active-odor-killer-60ml-bergamout-742446001.html
Perawatan Sepeda,Lain-lain,Strasse Shoe Odor Killer 60ml,59000,,,,,https://www.rodalink.com/id/strasse-shoe-odor-killer-60ml-742444001.html
Perawatan Sepeda,Lain-lain,Strasse Helmet Odor Killer 60ml,44000,,,,,https://www.rodalink.com/id/strasse-helmet-odor-killer-60ml-742445001.html
Perawatan Sepeda,Lain-lain,Rock Shox Ball Nylon Mon/Mon Plus,12000,,,,,https://www.rodalink.com/id/rock-shox-ball-nylon-mon-mon-plus-729523.html
Aksesoris & Spare Part,Cyclo Computer,"Bryton Cyclo Computer Sepeda Rider S800T with Heart Rate, Cadence, Speed",6998000,,,,,https://www.rodalink.com/id/bryton-cyclo-computer-sepeda-rider-s800t-with-heart-rate-cadence-speed.html
Aksesoris & Spare Part,Cyclo Computer,Bryton Cyclo Computer Sepeda Rider 15 Neo with Cadence,1198000,,,,,https://www.rodalink.com/id/bryton-cyclo-computer-sepeda-rider-15-neo-with-cadence-735304001.html
Aksesoris & Spare Part,Cyclo Computer,Bryton Cyclo Computer Sepeda Rider 15 Neo,948000,,,,,https://www.rodalink.com/id/bryton-cyclo-computer-sepeda-rider-15-neo-732324001-732324001.html
Aksesoris & Spare Part,Cyclo Computer,Bryton Race Mount for Riders,498000,,,,,https://www.rodalink.com/id/bryton-race-mounts-for-riders-732465.html
Aksesoris & Spare Part,Cyclo Computer,Bryton Sport Mount,449000,,,,,https://www.rodalink.com/id/bryton-sport-mount-732327.html
Aksesoris & Spare Part,Cyclo Computer,Cat Eye USB Communication Kit,348000,,,,,https://www.rodalink.com/id/cat-eye-usb-communication-kit.html
Aksesoris & Spare Part,Cyclo Computer,Bryton Combo Mount Adapter,248000,,,,,https://www.rodalink.com/id/bryton-combo-mount-adapter-732466.html
Aksesoris & Spare Part,Cyclo Computer,Cateye Cyclo Computer Sepeda Quick Wireless RS100W,348000,243600,,,,https://www.rodalink.com/id/cateye-cyclo-computer-sepeda-rs100w-quick-wireless-728905001.html
Aksesoris & Spare Part,Cyclo Computer,Cateye Cyclo Computer Sepeda Velo 7 CC-VL520,198000,,,,,https://www.rodalink.com/id/cyclo-computer-cat-eye-vl520-velo-7.html
Aksesoris & Spare Part,Cyclo Computer,Cateye Cyclo Computer Sepeda Velo 9 CC-VL820,248000,173600,,,,https://www.rodalink.com/id/cyclo-computer-cat-eye-velo-9-34349.html
Aksesoris & Spare Part,Cyclo Computer,CatEye Out-Front Bracket OF-100,99000,,,,,https://www.rodalink.com/id/cat-eye-out-front-bracket-of-100.html
Aksesoris & Spare Part,Cyclo Computer,Rodalink Barfly Mounting Sepeda Cyclo And Lamp,89000,,,,,https://www.rodalink.com/id/rodalink-barfly-mounting-sepeda-cyclo-and-lamp-737201.html
Aksesoris & Spare Part,Cyclo Computer,Cat Eye Cadence Magnet 1699766,49000,,,,,https://www.rodalink.com/id/cadence-magnet-cat-eye.html
Aksesoris & Spare Part,Cyclo Computer,Cat Eye Wheel Magnet 1699691N,49000,,,,,https://www.rodalink.com/id/wheel-magnet-cat-eye.html
Aksesoris & Spare Part,Carrier,Topeak Carrier Depan Sepeda Tetrarack M1 Mountain,1348000,,,,,https://www.rodalink.com/id/topeak-carrier-depan-sepeda-tetrarack-m1-mountain-731960.html
Aksesoris & Spare Part,Carrier,Topeak Carrier Depan Sepeda Tetrarack R1 Road,1348000,,,,,https://www.rodalink.com/id/topeak-carrier-depan-sepeda-tetrarack-r1-road-731962.html
Aksesoris & Spare Part,Carrier,Topeak Carrier Belakang Sepeda Tetrarack R2 Road,1348000,,,,,https://www.rodalink.com/id/topeak-carrier-belakang-sepeda-tetrarack-r2-road-731963.html
Aksesoris & Spare Part,Carrier,Polygon Carrier Belakang Sepeda for Bend and Heist,248000,,,,,https://www.rodalink.com/id/polygon-carrier-belakang-sepeda-for-bend-and-heist-735420.html
Aksesoris & Spare Part,Carrier,Cycliste Carrier Sepeda CT-1 for Fork Down Tube with Strap,228000,,,,,https://www.rodalink.com/id/cycliste-carrier-sepeda-ct-1-for-fork-down-tube-with-strap-739907.html
Aksesoris & Spare Part,Carrier,Polygon Carrier Belakang Sepeda 24 Steel Black,79000,,,,,https://www.rodalink.com/id/polygon-carrier-sepeda-24-steel-black.html
Aksesoris & Spare Part,Carrier,Polygon Carrier Belakang Sepeda 24 Steel Silver,60000,,,,,https://www.rodalink.com/id/polygon-carrier-sepeda-24-steel-silver.html
Aksesoris & Spare Part,Child Seat,Polisport Boncengan Sepeda Anak Groovy RS+ with Frame Mounting,1078000,,,,,https://www.rodalink.com/id/polisport-boncengan-sepeda-anak-groovy-rs-with-frame-mounting-pa01730.html
Aksesoris & Spare Part,Child Seat,Polisport Boncengan Sepeda Anak Groovy with Frame Mounting,878000,,,,,https://www.rodalink.com/id/polisport-baby-carrier-sepeda-groovy-with-frame-mounting-pa01285.html
Aksesoris & Spare Part,Child Seat,Polisport Boncengan Sepeda Anak Groovy with Carrier Mounting,878000,,,,,https://www.rodalink.com/id/polisport-baby-carrier-sepeda-groovy-with-carrier-mounting-pa01284.html
Aksesoris & Spare Part,Child Seat,Polisport Boncengan Sepeda Anak Joy with Carrier Mounting,748000,,,,,https://www.rodalink.com/id/polisport-baby-carrier-sepeda-joy-with-carrier-mounting-pa01302.html
Aksesoris & Spare Part,Child Seat,Polisport Boncengan Sepeda Anak Joy with Frame Mounting,748000,,,,,https://www.rodalink.com/id/polisport-baby-carrier-sepeda-joy-with-frame-mounting-pa01283.html
Aksesoris & Spare Part,Child Seat,Polisport Boncengan Sepeda Anak Bubbly Mini+ 2 with Frame Mounting,598000,508300,,,,https://www.rodalink.com/id/polisport-baby-carrier-sepeda-bubbly-mini-with-frame-mounting-731976.html
Aksesoris & Spare Part,Bike Rack,Thule Towbar Rack Sepeda Velospace XT 3-Bike,19700000,,,,,https://www.rodalink.com/id/thule-towbar-rack-sepeda-velospace-xt-3-bike-727901.html
Aksesoris & Spare Part,Bike Rack,Thule Towbar Rack Sepeda Velospace XT 2-Bike,18000000,,,,,https://www.rodalink.com/id/thule-towbar-rack-sepeda-velospace-xt-2-bike-733659.html
Aksesoris & Spare Part,Bike Rack,Thule Outway Platform 2 Trunk Bike Rack,10000000,,,,,https://www.rodalink.com/id/thule-outway-platform-2-trunk-bike-rack-735313.html
Aksesoris & Spare Part,Bike Rack,Thule Roof Carrier Sepeda FastRide 564,7250000,,,,,https://www.rodalink.com/id/thule-roof-carrier-sepeda-fastride-564-735312.html
Aksesoris & Spare Part,Bike Rack,Thule Backpac 973 Thrunk Bike Carrier,7900000,6000000,,,,https://www.rodalink.com/id/thule-thule-backpac-2-boot-bike-rack.html
Aksesoris & Spare Part,Bike Rack,Thule Roof Carrier Sepeda ProRide,4800000,,,,,https://www.rodalink.com/id/thule-proride-roof-bike-carrier.html
Aksesoris & Spare Part,Bike Rack,Thule Hangon 972 Tilt 3 Towing Bike Rack,4600000,,,,,https://www.rodalink.com/id/thule-hangon-972-tilt-3-towing-bike-rack-733160.html
Aksesoris & Spare Part,Bike Rack,Thule Xpress 2 Towbar Bike Carrier,2500000,,,,,https://www.rodalink.com/id/thule-xpress-2-towbar-bike-carrier.html
Aksesoris & Spare Part,Bike Rack,Thule Screw M6x16 50333,300000,,,,,https://www.rodalink.com/id/thule-screw-m6x16-50333.html
Aksesoris & Spare Part,Bike Rack,Thule Strap 1200 mm for Freeway 968,300000,,,,,https://www.rodalink.com/id/thule-strap-1200-mm-for-freeway-968.html
Aksesoris & Spare Part,Botol Minum,Camelbak Botol Minum Sepeda Podium Titanium 530 ml,1648000,,,,,https://www.rodalink.com/id/camelbak-botol-minum-sepeda-podium-titanium-530-ml-742381.html
Aksesoris & Spare Part,Botol Minum,Elite Botol Minum Sepeda Kit Crono CX Carbon 500 ml,998000,,,,,https://www.rodalink.com/id/elite-botol-minum-sepeda-kit-crono-cx-carbon-500-ml-742151001.html
Aksesoris & Spare Part,Botol Minum,Camelbak Botol Minum Sepeda Podium VSS 650 ml,728000,,,,,https://www.rodalink.com/id/camelbak-botol-minum-sepeda-podium-vss-650-ml-742383.html
Aksesoris & Spare Part,Botol Minum,Camelbak Botol Minum Sepeda Podium VSS 530 ml,648000,,,,,https://www.rodalink.com/id/camelbak-botol-minum-sepeda-podium-vss-530-ml-742382.html
Aksesoris & Spare Part,Botol Minum,Camelbak Botol Minum Sepeda Thrive Chug with Tritan Renew 1500 ml,328000,,,,,https://www.rodalink.com/id/camelbak-botol-minum-sepeda-thrive-chug-with-tritan-renew-1500-ml-742384.html
Aksesoris & Spare Part,Botol Minum,Camelbak Botol Minum Sepeda Podium Dirt Chill C 620 ml,298000,,,,,https://www.rodalink.com/id/camelbak-botol-minum-sepeda-podium-dirt-chill-c-620-ml-740029.html
Aksesoris & Spare Part,Botol Minum,Camelbak Botol Minum Sepeda Podium Dirt B 620 ml,298000,,,,,https://www.rodalink.com/id/camelbak-podium-dirt-b-620-ml-bottle.html
Aksesoris & Spare Part,Botol Minum,Camelbak Botol Minum Sepeda Podium Chill Dirt 620 ml,298000,,,,,https://www.rodalink.com/id/camelbak-botol-minum-sepeda-podium-chill-dirt-620-ml-742379.html
Aksesoris & Spare Part,Botol Minum,Camelbak Botol Minum Sepeda Podium Chill B 710 ml,278000,,,,,https://www.rodalink.com/id/camelbak-podium-chill-b-710-ml-bottle.html
Aksesoris & Spare Part,Botol Minum,Camelbak Botol Minum Sepeda Podium Chill 710 ml,278000,,,,,https://www.rodalink.com/id/camelbak-botol-minum-sepeda-podium-chill-710-ml-742377.html
Aksesoris & Spare Part,Botol Minum,Camelbak Botol Minum Sepeda Podium Chill C 710 ml,278000,,,,,https://www.rodalink.com/id/camelbak-botol-minum-sepeda-podium-chill-c-710-ml-740028.html
Aksesoris & Spare Part,Botol Minum,Camelbak Botol Minum Sepeda Podium Chill 620 ml,248000,,,,,https://www.rodalink.com/id/camelbak-botol-minum-sepeda-podium-chill-620-ml-742376.html
Aksesoris & Spare Part,Botol Minum,Camelbak Botol Minum Sepeda Anak Thrive 400 ml,248000,,,,,https://www.rodalink.com/id/camelbak-botol-minum-sepeda-anak-thrive-400-ml-742389.html
Aksesoris & Spare Part,Botol Minum,Camelbak Botol Minum Sepeda Thrive Chug with Tritan Renew 600 ml,248000,,,,,https://www.rodalink.com/id/camelbak-botol-minum-sepeda-thrive-chug-with-tritan-renew-600-ml-742388.html
Aksesoris & Spare Part,Botol Minum,Camelbak Botol Minum Sepeda Podium Chill B 620 ml,248000,,,,,https://www.rodalink.com/id/camelbak-podium-chill-b-620-ml-bottle.html
Aksesoris & Spare Part,Botol Minum,Camelbak Botol Minum Sepeda Podium Chill PF Edition 620 ml,248000,,,,,https://www.rodalink.com/id/camelbak-botol-minum-sepeda-podium-chill-pf-edition-620-ml-731814001.html
Aksesoris & Spare Part,Botol Minum,Camelbak Botol Minum Sepeda Podium Chill RC Edition 620 ml,248000,,,,,https://www.rodalink.com/id/camelbak-botol-minum-sepeda-podium-chill-rc-edition-620-ml-731813.html
Aksesoris & Spare Part,Botol Minum,Camelbak Botol Minum Sepeda Podium Chill C 620 ml,248000,,,,,https://www.rodalink.com/id/camelbak-botol-minum-sepeda-podium-chill-c-620-ml-740027.html
Aksesoris & Spare Part,Botol Minum,Camelbak Botol Minum Sepeda Podium B 710 ml,198000,,,,,https://www.rodalink.com/id/camelbak-podium-b-710-ml-bottle.html
Aksesoris & Spare Part,Botol Minum,Camelbak Botol Minum Sepeda Podium C 710 ml,198000,,,,,https://www.rodalink.com/id/camelbak-botol-minum-sepeda-podium-c-710-ml-739115.html
Aksesoris & Spare Part,Botol Minum,Camelbak Botol Minum Sepeda Podium 710 ml,198000,,,,,https://www.rodalink.com/id/camelbak-botol-minum-sepeda-podium-710-ml-742375.html
Aksesoris & Spare Part,Botol Minum,Camelbak Botol Minum Sepeda Podium B 620 ml,178000,,,,,https://www.rodalink.com/id/camelbak-podium-b-620-ml-bottle.html
Aksesoris & Spare Part,Botol Minum,Elite Botol Minum Sepeda Fly Team Movistar 2020,178000,,,,,https://www.rodalink.com/id/elite-botol-minum-sepeda-fly-team-movistar-pa00894.html
Aksesoris & Spare Part,Botol Minum,Elite Botol Minum Sepeda Fly Team Grenadier 2021,178000,,,,,https://www.rodalink.com/id/elite-botol-minum-sepeda-fly-team-grenadier-pa00836.html
Aksesoris & Spare Part,Botol Minum,Camelbak Botol Minum Sepeda Podium C 620 ml,178000,,,,,https://www.rodalink.com/id/camelbak-botol-minum-sepeda-podium-c-620-ml-739114.html
Aksesoris & Spare Part,Botol Minum,Elite Botol Minum Fly Team DSM 750 ml,178000,,,,,https://www.rodalink.com/id/elite-botol-minum-fly-team-dsm-750-ml-739228001.html
Aksesoris & Spare Part,Botol Minum,Elite Botol Minum Sepeda Fly Team Movistar 2022,178000,,,,,https://www.rodalink.com/id/elite-botol-minum-sepeda-fly-team-movistar-2022-series-pa01443.html
Aksesoris & Spare Part,Botol Minum,Camelbak Botol Minum Sepeda Podium 620 ml,178000,,,,,https://www.rodalink.com/id/camelbak-botol-minum-sepeda-podium-620-ml-742374.html
Aksesoris & Spare Part,Botol Minum,Elite Botol Minum Sepeda Fly MTB 2020,178000,,,,,https://www.rodalink.com/id/elite-botol-minum-sepeda-fly-mtb-2020-new-edition-pa01172.html
Aksesoris & Spare Part,Botol Minum,Elite Botol Minum Sepeda Fly Team TDF 750 ml 2021,178000,,,,,https://www.rodalink.com/id/elite-botol-minum-sepeda-fly-team-tdf-750-ml-735105001.html
Aksesoris & Spare Part,Botol Minum,Elite Botol Minum Sepeda Storage Byasi 600 ml,168000,,,,,https://www.rodalink.com/id/elite-botol-minum-sepeda-storage-byasi-600-ml-740368.html
Aksesoris & Spare Part,Botol Minum,Elite Botol Minum Sepeda Fly 2020,148000,,,,,https://www.rodalink.com/id/elite-fly-ml-bottle-pa01099.html
Aksesoris & Spare Part,Botol Minum,Elite Botol Minum Sepeda Fly Team BMC Vit Pro 550 ml 2021,148000,,,,,https://www.rodalink.com/id/elite-fly-u-bmc-vit-pro-550-ml-bottle-735347001.html
Aksesoris & Spare Part,Botol Minum,Elite Botol Minum Sepeda Fly Team Groupama-FDJ 550 ml 2024,148000,,,,,https://www.rodalink.com/id/elite-botol-minum-sepeda-fly-team-groupama-fdj-550-ml-739025001.html
Aksesoris & Spare Part,Botol Minum,Elite Botol Minum Sepeda Fly Team Ineos Style 550 ml 2024,148000,,,,,https://www.rodalink.com/id/elite-botol-minum-sepeda-fly-team-ineos-550-ml-739021.html
Aksesoris & Spare Part,Botol Minum,Elite Botol Minum Sepeda Fly Team UAE Emirates 550 ml 2026,148000,,,,,https://www.rodalink.com/id/elite-botol-minum-sepeda-fly-team-uae-emirates-550-ml-2025-740999002.html
Aksesoris & Spare Part,Botol Minum,Elite Botol Minum Sepeda Fly Team Bahrain 550 ml 2023,148000,,,,,https://www.rodalink.com/id/elite-botol-minum-sepeda-fly-team-bahrain-550-ml-740354001.html
Aksesoris & Spare Part,Botol Minum,Elite Botol Minum Sepeda Fly Team Cofidis 550 ml,148000,,,,,https://www.rodalink.com/id/elite-botol-minum-sepeda-fly-team-cofidis-550-ml-741004001.html
Aksesoris & Spare Part,Botol Minum,Elite Botol Minum Sepeda Fly Tex MTB 550 ml,148000,,,,,https://www.rodalink.com/id/elite-botol-minum-sepeda-fly-tex-mtb-550-ml-737823.html
Aksesoris & Spare Part,Botol Minum,Elite Botol Minum Sepeda Fly Team Intermarche Wanty 550 ml 2025,148000,,,,,https://www.rodalink.com/id/elite-botol-minum-sepeda-fly-team-intermarche-wanty-550-ml-2025-741006001.html
Aksesoris & Spare Part,Botol Minum,Elite Botol Minum Sepeda Fly Team Arkea Samsic 550 ml 2020,148000,,,,,https://www.rodalink.com/id/elite-botol-minum-sepeda-fly-team-arkea-samsic-550-ml-740356001.html
Aksesoris & Spare Part,Botol Minum,Elite Botol Minum Sepeda Fly Giro D'Italia 550 ml,148000,,,,,https://www.rodalink.com/id/elite-botol-minum-sepeda-fly-giro-d-italia-550-ml-741008.html
Aksesoris & Spare Part,Botol Minum,Elite Botol Minum Sepeda Fly Team Bahrain Victorius 550 ml 2025,148000,,,,,https://www.rodalink.com/id/elite-botol-minum-sepeda-fly-team-bahrain-victorius-550-ml-739023001.html
Aksesoris & Spare Part,Botol Minum,Elite Botol Minum Sepeda Fly Cofidis 550 ml 2024,148000,,,,,https://www.rodalink.com/id/elite-botol-minum-sepeda-fly-cofidis-550-ml-739024.html
Aksesoris & Spare Part,Botol Minum,Elite Botol Minum Sepeda Fly Alpecin 550 ml 2025,148000,,,,,https://www.rodalink.com/id/elite-botol-minum-sepeda-fly-alpecin-550-ml-739026.html
Aksesoris & Spare Part,Botol Minum,Elite Botol Minum Sepeda Fly Team Canyon Sram 550 ml 2025,148000,,,,,https://www.rodalink.com/id/elite-botol-minum-sepeda-fly-team-canyon-sram-550-ml-2025-741123001.html
Aksesoris & Spare Part,Botol Minum,Elite Botol Minum Sepeda Fly TDF Black Map 550 ml 2025,148000,,,,,https://www.rodalink.com/id/elite-botol-minum-sepeda-fly-tdf-black-map-550-ml-2025-741009001.html
Aksesoris & Spare Part,Botol Minum,Elite Botol Sepeda Byasi Lifeline Tool Storage 550 ml,148000,,,,,https://www.rodalink.com/id/elite-botol-sepeda-byasi-lifeline-tool-storage-550-ml-739200001.html
Aksesoris & Spare Part,Botol Minum,Elite Botol Minum Sepeda Fly Tex 550 ml 2024,148000,,,,,https://www.rodalink.com/id/elite-botol-minum-sepeda-fly-tex-550-ml-740358001.html
Aksesoris & Spare Part,Botol Minum,Elite Botol Minum Sepeda Fly Team Jayco Alula 550 ml 2025,148000,,,,,https://www.rodalink.com/id/elite-botol-minum-sepeda-fly-team-jayco-alula-550-ml-2025-741002001.html
Aksesoris & Spare Part,Botol Minum,Elite Botol Minum Sepeda Fly Team Picnic Postnl 550 ml 2025,148000,,,,,https://www.rodalink.com/id/elite-botol-minum-sepeda-fly-team-picnic-postnl-550-ml-2025-741005001.html
Aksesoris & Spare Part,Botol Minum,Elite Botol Minum Sepeda Fly Team Arkea B&B Hotels 550 ml,148000,,,,,https://www.rodalink.com/id/elite-botol-minum-sepeda-fly-team-arkea-bb-hotels-550-ml-741001001.html
Aksesoris & Spare Part,Botol Minum,Elite Botol Minum Sepeda Fly La Vuelta Black Map 550 ml,148000,,,,,https://www.rodalink.com/id/elite-botol-minum-sepeda-fly-la-vuelta-black-map-550-ml-741011001.html
Aksesoris & Spare Part,Botol Minum,Elite Botol Minum Sepeda Fly MTB XTR 550 ml,148000,,,,,https://www.rodalink.com/id/elite-botol-minum-sepeda-fly-mtb-xtr-550-ml-741357001.html
Aksesoris & Spare Part,Botol Minum,Elite Botol Minum Sepeda Fly 550 ml 2021,148000,,,,,https://www.rodalink.com/id/elite-botol-minum-sepeda-fly-550-ml-2021-series-731824.html
Aksesoris & Spare Part,Botol Minum,Elite Botol Minum Sepeda Fly Team Cervelo 2020,148000,,,,,https://www.rodalink.com/id/elite-botol-minum-sepeda-fly-team-cervelo-pa00893.html
Aksesoris & Spare Part,Botol Minum,Elite Botol Minum Sepeda Fly Team Cofidis 550 ml  2021,148000,,,,,https://www.rodalink.com/id/elite-botol-minum-sepeda-fly-team-cofidis-550-ml-735455001.html
Aksesoris & Spare Part,Botol Minum,Elite Botol Minum Sepeda Fly Tex 550 ml,148000,,,,,https://www.rodalink.com/id/elite-botol-minum-sepeda-fly-tex-550-ml-737821.html
Aksesoris & Spare Part,Botol Minum,Elite Botol Minum Sepeda Fly Tex Maillot Jaune 550 ml,148000,,,,,https://www.rodalink.com/id/elite-botol-minum-sepeda-fly-tex-maillot-jaune-550-ml-737974.html
Aksesoris & Spare Part,Botol Minum,Elite Botol Minum Sepeda Fly Team Jayco Alula 550 ml,148000,,,,,https://www.rodalink.com/id/elite-botol-minum-sepeda-fly-team-jayco-alula-550-ml-739020001.html
Aksesoris & Spare Part,Botol Minum,Elite Botol Minum Sepeda Fly Team Ineos Grenadier 550 ml 2025,148000,,,,,https://www.rodalink.com/id/elite-botol-minum-sepeda-fly-team-ineos-grenadier-550-ml-2025-pa01769.html
Aksesoris & Spare Part,Botol Minum,Elite Botol Minum Sepeda Fly Team EF Pro Cycling Cannondale 550 ml 2025,148000,,,,,https://www.rodalink.com/id/elite-botol-minum-sepeda-fly-team-ef-pro-cycling-cannondale-550-ml-2025-741003002.html
Aksesoris & Spare Part,Botol Minum,Elite Botol Minum Sepeda Fly TDF Femmes 550 ml 2025,148000,,,,,https://www.rodalink.com/id/elite-botol-minum-sepeda-fly-tdf-femmes-550-ml-2025-741010001.html
Aksesoris & Spare Part,Botol Minum,Elite Botol Minum Sepeda Borraccia Jet Green Plus 550 ml,128000,,,,,https://www.rodalink.com/id/elite-botol-minum-sepeda-borraccia-jet-green-plus-550-ml-740353.html
Aksesoris & Spare Part,Botol Minum,Elite Botol Minum Sepeda Ice Fly 500 ml,248000,124000,,,,https://www.rodalink.com/id/elite-botol-minum-sepeda-ice-fly-500-ml-729468.html
Aksesoris & Spare Part,Botol Minum,Elite Botol Minum Sepeda Ice Fly Coca Cola 500 ml,248000,124000,,,,https://www.rodalink.com/id/elite-botol-minum-sepeda-ice-fly-coca-cola-500-ml-729469001.html
Aksesoris & Spare Part,Botol Minum,Polygon Botol Minum Sepeda Flee Leak-Proof 680 ml,89000,,,,,https://www.rodalink.com/id/polygon-botol-minum-sepeda-flee-leak-proof-680-ml-740727.html
Aksesoris & Spare Part,Botol Minum,Polygon Botol Minum Sepeda Collosus T7/T8 500 ml,89000,,,,,https://www.rodalink.com/id/polygon-botol-minum-sepeda-collosus-t7-t8-500-ml-736834001.html
Aksesoris & Spare Part,Botol Minum,Polygon Botol Minum Sepeda Flee Leak-Proof 550 ml,79000,,,,,https://www.rodalink.com/id/polygon-botol-minum-sepeda-flee-leak-proof-550-ml-740729.html
Aksesoris & Spare Part,Botol Minum,Elite Botol Minum Sepeda Loli TSG 600 ml,64000,,,,,https://www.rodalink.com/id/elite-botol-minum-sepeda-loli-tsg-600-ml-737657001.html
Aksesoris & Spare Part,Botol Minum,Polygon Botol Minum Sepeda Wing 680 ml,59000,,,,,https://www.rodalink.com/id/polygon-botol-minum-sepeda-wing-680-ml-740728.html
Aksesoris & Spare Part,Botol Minum,Polygon Botol Minum Sepeda Wing 550 ml,49000,,,,,https://www.rodalink.com/id/polygon-botol-minum-sepeda-wing-550-ml-740730.html
Aksesoris & Spare Part,Botol Minum,Polygon Botol Minum Sepeda Cycling 1000 ml,24000,,,,,https://www.rodalink.com/id/polygon-botol-minum-sepeda-cycling-1000-ml-736336001.html
Aksesoris & Spare Part,Botol Minum,Polygon Botol Minum Sepeda Cycling 500 ml,17000,,,,,https://www.rodalink.com/id/polygon-botol-minum-sepeda-cycling-500-ml-736335001.html
Aksesoris & Spare Part,Cage Botol Minum,Elite Tempat Botol Minum Sepeda Leggero Carbon,928000,,,,,https://www.rodalink.com/id/elite-leggero-carbon-bottle-cage.html
Aksesoris & Spare Part,Cage Botol Minum,Elite Tempat Botol Minum Sepeda Leggero Carbon,928000,,,,,https://www.rodalink.com/id/elite-tempat-botol-minum-sepeda-leggero-carbon-731797001.html
Aksesoris & Spare Part,Cage Botol Minum,Elite Tempat Botol Minum Sepeda Rocko Carbon,398000,,,,,https://www.rodalink.com/id/elite-rocko-carbon-bottle-cage-727742.html
Aksesoris & Spare Part,Cage Botol Minum,Elite Tempat Botol Minum Sepeda Vico Carbon,398000,,,,,https://www.rodalink.com/id/elite-tempat-botol-minum-sepeda-vico-carbon-731763.html
Aksesoris & Spare Part,Cage Botol Minum,Elite Tempat Botol Minum Sepeda Struka,398000,,,,,https://www.rodalink.com/id/elite-tempat-botol-minum-sepeda-struka-739250001.html
Aksesoris & Spare Part,Cage Botol Minum,Topeak Tempat Botol Minum Sepeda Feza Reinforced Carbon,328000,,,,,https://www.rodalink.com/id/topeak-tempat-botol-minum-sepeda-feza-reinforced-carbon-738626001.html
Aksesoris & Spare Part,Cage Botol Minum,Elite Tempat Botol Minum Sepeda Custom Race Plus Shiny FRP,298000,,,,,https://www.rodalink.com/id/elite-tempat-botol-minum-sepeda-custom-race-plus-shiny-frp-740357.html
Aksesoris & Spare Part,Cage Botol Minum,Elite Tempat Botol Minum Sepeda Ambo,278000,,,,,https://www.rodalink.com/id/elite-tempat-botol-minum-sepeda-ambo-739016001.html
Aksesoris & Spare Part,Cage Botol Minum,Elite Tempat Botol Minum Sepeda Custom Race X Skin,248000,,,,,https://www.rodalink.com/id/elite-tempat-botol-minum-sepeda-custom-race-x-skin-pa01778.html
Aksesoris & Spare Part,Cage Botol Minum,Elite Tempat Botol Minum Sepeda Custom Race X Glossy,248000,,,,,https://www.rodalink.com/id/elite-tempat-botol-minum-sepeda-custom-race-x-glossy-pa01779.html
Aksesoris & Spare Part,Cage Botol Minum,Elite Tempat Botol Minum Sepeda Custom Race X Pink Fluo,248000,,,,,https://www.rodalink.com/id/elite-tempat-botol-minum-sepeda-custom-race-x-pink-fluo-742114001.html
Aksesoris & Spare Part,Cage Botol Minum,Topeak Tempat Botol Minum Sepeda Dualside Cage TDSC01,228000,,,,,https://www.rodalink.com/id/cage-botol-minum-topeak-dual-side-cage-tdsc01-33623.html
Aksesoris & Spare Part,Cage Botol Minum,Elite Tempat Botol Minum Sepeda Cannibal XC Skin,228000,,,,,https://www.rodalink.com/id/elite-cannibal-xc-skin-bottle-cage-727741.html
Aksesoris & Spare Part,Cage Botol Minum,Pro Tempat Botol Minum Sepeda Alloy Left Side,228000,,,,,https://www.rodalink.com/id/pro-tempat-botol-minum-sepeda-alloy-left-side-731435001.html
Aksesoris & Spare Part,Cage Botol Minum,Pro Tempat Botol Minum Sepeda Alloy Right Side,228000,,,,,https://www.rodalink.com/id/pro-tempat-botol-minum-sepeda-alloy-right-side-731436001.html
Aksesoris & Spare Part,Cage Botol Minum,Elite Tempat Botol Minum Sepeda Cannibal XC,228000,,,,,https://www.rodalink.com/id/elite-cannibal-xc-bottle-cage-727740.html
Aksesoris & Spare Part,Cage Botol Minum,Elite Tempat Botol Minum Sepeda Custom Race Plus FRP,198000,,,,,https://www.rodalink.com/id/elite-tempat-botol-minum-sepeda-custom-race-plus-731796.html
Aksesoris & Spare Part,Cage Botol Minum,Elite Tempat Botol Minum Sepeda T-Race,198000,,,,,https://www.rodalink.com/id/elite-t-race-bottle-cage-733994.html
Aksesoris & Spare Part,Cage Botol Minum,Elite Tempat Botol Minum Sepeda Custom Race Skin,198000,,,,,https://www.rodalink.com/id/elite-custom-race-skin-bottle-cage.html
Aksesoris & Spare Part,Cage Botol Minum,Elite Tempat Botol Minum Sepeda Ala,198000,,,,,https://www.rodalink.com/id/elite-tempat-botol-minum-sepeda-ala.html
Aksesoris & Spare Part,Cage Botol Minum,Topeak Tempat Botol Minum Sepeda Modula Java Cage TMD07B,178000,,,,,https://www.rodalink.com/id/cage-botol-minum-topeak-modula-java-cage.html
Aksesoris & Spare Part,Cage Botol Minum,Polygon Tempat Botol Minum Sepeda BC-01 Carbon,128000,,,,,https://www.rodalink.com/id/polygon-tempat-botol-minum-sepeda-bc-01-carbon-740785001.html
Aksesoris & Spare Part,Cage Botol Minum,Topeak Tempat Botol Minum Sepeda Ninja Master+ X1 TNJC-X1,128000,,,,,https://www.rodalink.com/id/topeak-tempat-botol-minum-sepeda-ninja-master-cage-x1-tnjc-x1-734688001.html
Aksesoris & Spare Part,Cage Botol Minum,Topeak Tempat Botol Minum Sepeda Shuttle Cage AL TA9511,118000,,,,,https://www.rodalink.com/id/cage-botol-minum-topeak-shuttle-cage-al-ta9511-33677.html
Aksesoris & Spare Part,Cage Botol Minum,Topeak Cagemount,84000,,,,,https://www.rodalink.com/id/cage-mount-topeak-tcm01.html
Aksesoris & Spare Part,Cage Botol Minum,Topeak Tempat Botol Minum Sepeda Mono Cage TMN02,79000,,,,,https://www.rodalink.com/id/cage-botol-topeak-mono-cage.html
Aksesoris & Spare Part,Cage Botol Minum,Topeak Tempat Botol Minum Sepeda Modula Cage EX TMD05,74000,,,,,https://www.rodalink.com/id/topeak-modula-cage-ex-tmd05-bottle-cage-pa00225.html
Aksesoris & Spare Part,Cage Botol Minum,Polygon Tempat Botol Minum Sepeda Side Plastic,74000,,,,,https://www.rodalink.com/id/polygon-tempat-botol-minum-sepeda-side-plastic-735151.html
Aksesoris & Spare Part,Cage Botol Minum,Topeak Tempat Botol Minum Sepeda Mono Cage CX TMN03,74000,,,,,https://www.rodalink.com/id/cage-botol-minum-topeak-mono-cage-cx-33641.html
Aksesoris & Spare Part,Cage Botol Minum,Polygon Swinger For Bottle Cage,20000,,,,,https://www.rodalink.com/id/swinger-cage-botol-minum-polygon.html
Aksesoris & Spare Part,Tas,Thule RoundTrip Transition Bike Travel Case,13500000,,,,,https://www.rodalink.com/id/thule-roundtrip-transition-bike-travel-case.html
Aksesoris & Spare Part,Tas,Brooks Tote Bag Sepeda Clapham,3498000,,,,,https://www.rodalink.com/id/brooks-tote-bag-sepeda-clapham-740009001.html
Aksesoris & Spare Part,Tas,Thule Backpack Enroute 4 30 L,2895000,,,,,https://www.rodalink.com/id/thule-backpack-enroute-4-30-l-pa01543.html
Aksesoris & Spare Part,Tas,Brooks Backpack Pickwick 26 L,3298000,2638400,,,,https://www.rodalink.com/id/brooks-pickwick-back-pack-26-l.html
Aksesoris & Spare Part,Tas,Thule Backpack Enroute 4 26 L,2595000,,,,,https://www.rodalink.com/id/thule-backpack-enroute-4-26-l-pa01541.html
Aksesoris & Spare Part,Tas,Brooks Handlebar Roll Bag Sepeda Scape 10-12 L,2398000,,,,,https://www.rodalink.com/id/brooks-handlebar-roll-bag-sepeda-scape-10-12-l-733204001.html
Aksesoris & Spare Part,Tas,Thule Backpack Camera EnRoute,3100000,2350000,,,,https://www.rodalink.com/id/thule-enroute-camera-backpack.html
Aksesoris & Spare Part,Tas,Brooks Seat Bag Sepeda Scape 8-10 L,2298000,,,,,https://www.rodalink.com/id/brooks-seat-bag-sepeda-scape-8-10-l-733291001.html
Aksesoris & Spare Part,Tas,Thule Backpack Enroute 4 23 L,2295000,,,,,https://www.rodalink.com/id/thule-backpack-enroute-4-23-l-pa01542.html
Aksesoris & Spare Part,Tas,Thule Duffel Bag Chasm 40 L,2600000,2200000,,,,https://www.rodalink.com/id/thule-chasm-duffel-bag-40-l.html
Aksesoris & Spare Part,Tas,Brooks Pannier Bag Sepeda Scape 10-13 L,2098000,,,,,https://www.rodalink.com/id/brooks-pannier-bag-sepeda-scape-10-13-l-733290001.html
Aksesoris & Spare Part,Tas,Thule Backpack Enroute 4 21 L,1995000,,,,,https://www.rodalink.com/id/thule-backpack-enroute-4-21-l-pa01540.html
Aksesoris & Spare Part,Tas,Topeak Carrier Bag Sepeda MTS Trunkbag DXP Strap Type,1248000,,,,,https://www.rodalink.com/id/tas-carrier-topeak-mtx-trunkbag-dxp-with-strap-mount-tt9643b.html
Aksesoris & Spare Part,Tas,Brooks Tool Bag Sepeda D-Shaped,1498000,1198400,,,,https://www.rodalink.com/id/tas-tool-brooks-d-shaped-707067.html
Aksesoris & Spare Part,Tas,Topeak Handlebar Bag Sepeda Tourguide DX TT3022B2,1198000,,,,,https://www.rodalink.com/id/topeak-handlebar-bag-sepeda-tourguide-dx-tt3022b2.html
Aksesoris & Spare Part,Tas,Topeak Carrier Bag Sepeda MTS Trunkbag DXP 2.0 Strap Type,1198000,,,,,https://www.rodalink.com/id/topeak-carrier-bag-sepeda-mts-trunkbag-dxp-strap-type-740113001.html
Aksesoris & Spare Part,Tas,Topeak Front Bag Sepeda FrontLoader 8L TBP-FL2B,1048000,,,,,https://www.rodalink.com/id/topeak-frontloader-bag-8l-tbp-fl2b.html
Aksesoris & Spare Part,Tas,Topeak Carrier Bag Sepeda Backloader X,1048000,,,,,https://www.rodalink.com/id/topeak-carrier-bag-sepeda-backloader-x-pa00815.html
Aksesoris & Spare Part,Tas,Brooks Tool Bag Sepeda Challenge,1298000,1038400,,,,https://www.rodalink.com/id/tas-tool-brooks-challenge-31439.html
Aksesoris & Spare Part,Tas,Topeak Carrier Bag Sepeda Backloader,978000,,,,,https://www.rodalink.com/id/topeak-backloader-carrier-bag.html
Aksesoris & Spare Part,Tas,Brooks Saddle Bag Sepeda Challenger 0.5 L Brookslab,1798000,899000,,,,https://www.rodalink.com/id/brooks-challenger-0-5-l-brookslab-saddle-bag-733202001.html
Aksesoris & Spare Part,Tas,Brooks Saddle Bag Sepeda Scape Pocket,898000,,,,,https://www.rodalink.com/id/brooks-saddle-bag-sepeda-scape-pocket-733205.html
Aksesoris & Spare Part,Tas,Brooks Top Tube Bag Sepeda Scape,898000,,,,,https://www.rodalink.com/id/brooks-top-tube-bag-sepeda-scape-733206002.html
Aksesoris & Spare Part,Tas,Brooks Pouch Bag Sepeda Scape Feed,898000,,,,,https://www.rodalink.com/id/brooks-pouch-bag-sepeda-scape-feed-pa01776.html
Aksesoris & Spare Part,Tas,Topeak Handlebar Bag Sepeda Compact TT3020B2,748000,,,,,https://www.rodalink.com/id/topeak-handlebar-bag-sepeda-compact-tt3020b2.html
Aksesoris & Spare Part,Tas,Topeak Carrier Bag Sepeda Midloader,698000,,,,,https://www.rodalink.com/id/topeak-tas-carrier-sepeda-midloader.html
Aksesoris & Spare Part,Tas,Topeak Saddle Bag Sepeda Mondopack Hydro,648000,,,,,https://www.rodalink.com/id/tas-sadel-topeak-mondopack-hydro-tc2287b.html
Aksesoris & Spare Part,Tas,Topeak Top Tube Bag Sepeda Fuel Tank,598000,,,,,https://www.rodalink.com/id/topeak-top-tube-bag-sepeda-fuel-tank.html
Aksesoris & Spare Part,Tas,Topeak Saddle Bag Sepeda Mondopack,548000,,,,,https://www.rodalink.com/id/tas-sadel-topeak-mondopack.html
Aksesoris & Spare Part,Tas,Topeak Saddle Bag Sepeda Weatherproof Dynawedge,498000,,,,,https://www.rodalink.com/id/topeak-saddle-bag-sepeda-dynawedge.html
Aksesoris & Spare Part,Tas,Topeak Omni Ridecase TT9849B,448000,,,,,https://www.rodalink.com/id/topeak-omni-ridecase-tt9849b.html
Aksesoris & Spare Part,Tas,Topeak Smartphone Drybag for 5-6 inch Screen,398000,,,,,https://www.rodalink.com/id/drybag-topeak-smartphone-drybag-6-tt9840b.html
Aksesoris & Spare Part,Tas,Topeak Saddle Bag Sepeda Aero Wedge Pack QuickClick,378000,,,,,https://www.rodalink.com/id/topeak-saddle-bag-sepeda-aero-wedge-pack-quickclick.html
Aksesoris & Spare Part,Tas,Topeak Smartphone Drybag for 4-5 inch Screen,348000,,,,,https://www.rodalink.com/id/topeak-smartphone-drybag-for-4-5-inch-screen.html
Aksesoris & Spare Part,Tas,Polygon Frame Bag Sepeda Weatherproof 3.5 L,328000,,,,,https://www.rodalink.com/id/polygon-frame-bag-sepeda-weatherproof-3-5-l-741137001.html
Aksesoris & Spare Part,Tas,Topeak Saddle Bag Sepeda Wedge Pack II,298000,,,,,https://www.rodalink.com/id/topeak-saddle-bag-sepeda-wedge-pack-ii.html
Aksesoris & Spare Part,Tas,Topeak Saddle Bag Sepeda Elementa Seat,298000,,,,,https://www.rodalink.com/id/topeak-saddle-bag-sepeda-elementa-seat-738669.html
Aksesoris & Spare Part,Tas,Topeak Top Tube Bag Sepeda Tribag,298000,,,,,https://www.rodalink.com/id/topeak-top-tube-bag-sepeda-tribag.html
Aksesoris & Spare Part,Tas,Topeak Saddle Bag Sepeda Aero Wedge Strap Mount,278000,,,,,https://www.rodalink.com/id/topeak-saddle-bag-sepeda-aero-wedge-strap-mount.html
Aksesoris & Spare Part,Tas,Polygon Handlebar Bag Sepeda Weatherproof 2.5 L,248000,,,,,https://www.rodalink.com/id/polygon-handlebar-bag-sepeda-weatherproof-2-5-l-741138001.html
Aksesoris & Spare Part,Tas,Cateye Smartphone Case 01,228000,,,,,https://www.rodalink.com/id/cateye-smartphone-case-01.html
Aksesoris & Spare Part,Tas,Polygon Top Tube Bag Sepeda Weatherproof 0.6 L,198000,,,,,https://www.rodalink.com/id/polygon-top-tube-bag-sepeda-weatherproof-0-6-l-741139001.html
Aksesoris & Spare Part,Tas,Polygon Saddle Bag Sepeda Pack,278000,194600,,,,https://www.rodalink.com/id/polygon-saddle-bag-sepeda-pack-737940001.html
Aksesoris & Spare Part,Tas,Polygon Saddle Bag Sepeda Weatherproof 0.5 L,178000,,,,,https://www.rodalink.com/id/polygon-saddle-bag-sepeda-weatherproof-0-5-l-741136001.html
Aksesoris & Spare Part,Tas,Polygon Top Tube Bag Sepeda with Phone Display 1 L,178000,,,,,https://www.rodalink.com/id/polygon-top-tube-bag-sepeda-with-phone-display-1-l-741140001.html
Aksesoris & Spare Part,Tas,Polygon Smartphone Drybag for 6 inch,118000,,,,,https://www.rodalink.com/id/polygon-smartphone-bag-sepeda-6-inch-733384001.html
Aksesoris & Spare Part,Tas,Topeak Fixer Saddle Bag Sepeda F25 QuickClick,99000,,,,,https://www.rodalink.com/id/topeak-f25-wedge-pack-fixer-tc1018.html
Aksesoris & Spare Part,Tools Sepeda,Topeak Tool Set Prepstation Pro TPS-05,11480000,,,,,https://www.rodalink.com/id/topeak-prepstation-pro.html
Aksesoris & Spare Part,Tools Sepeda,Hozan Bracket Tap with Center Guide C-405,5798000,,,,,https://www.rodalink.com/id/hozan-bracket-tap-sepeda-with-center-guide-c-405.html
Aksesoris & Spare Part,Tools Sepeda,Topeak Tool Sepeda D-Torq Wrench DX TT2531,3698000,,,,,https://www.rodalink.com/id/topeak-tool-sepeda-d-torq-wrench-dx-tt2531.html
Aksesoris & Spare Part,Tools Sepeda,Topeak Torque Wrench Sepeda E-TorqBar 1-10 Nm,1798000,,,,,https://www.rodalink.com/id/topeak-torque-wrench-sepeda-e-torqbar-1-10-nm-738625.html
Aksesoris & Spare Part,Tools Sepeda,Hozan Tool Replacement Head Sepeda C-707 13,1698000,,,,,https://www.rodalink.com/id/hozan-tool-replacement-head-sepeda-c-707-13.html
Aksesoris & Spare Part,Tools Sepeda,Shimano Brannock Device Fitting Setting Tool,1498000,,,,,https://www.rodalink.com/id/shimano-brannock-device-fitting-setting-tool-735470.html
Aksesoris & Spare Part,Tools Sepeda,Shimano TL-CN35 9-12 Speed Chain Tool,1248000,,,,,https://www.rodalink.com/id/shimano-tl-cn35-9-12-speed-chain-tool-730089.html
Aksesoris & Spare Part,Tools Sepeda,Topeak Nano Torqbar Sepeda DX,878000,,,,,https://www.rodalink.com/id/tool-topeak-nano-torqbar-dx.html
Aksesoris & Spare Part,Tools Sepeda,Shimano Bottom Bracket Press Fit Removal TL-BB13,848000,,,,,https://www.rodalink.com/id/tool-sepeda-shimano-tl-bb13-press-fit-bb-removel.html
Aksesoris & Spare Part,Tools Sepeda,Shimano Disc Brake Hose Cut TL-BH62,848000,,,,,https://www.rodalink.com/id/tool-shimano-tl-bh62-disc-brake-hose-cut.html
Aksesoris & Spare Part,Tools Sepeda,Pro Folding Tool Sepeda Internal Routing for Cables-Hose,798000,,,,,https://www.rodalink.com/id/pro-folding-tool-sepeda-internal-routing-for-cables-hose-731437.html
Aksesoris & Spare Part,Tools Sepeda,Shimano Tool Spanner BB Headset Pedal TL-FC31,748000,,,,,https://www.rodalink.com/id/tool-sepeda-shimano-tl-fc31-for-headset-and-bottom-bracket.html
Aksesoris & Spare Part,Tools Sepeda,Shimano Chain Cutter TL-CN32,648000,,,,,https://www.rodalink.com/id/shimano-chain-cutter-tl-cn32.html
Aksesoris & Spare Part,Tools Sepeda,Shimano Tool Sepeda TL-SR24 Sprocket Remover,648000,,,,,https://www.rodalink.com/id/shimano-tl-sr24-sprocket-remover-tool-730091.html
Aksesoris & Spare Part,Tools Sepeda,Shimano Hub Setting TL-HB16,598000,,,,,https://www.rodalink.com/id/tool-sepeda-shimano-tl-hb16-hub-setting.html
Aksesoris & Spare Part,Tools Sepeda,Shimano TL-FC39  E8000 Chainring Installation Tool,598000,,,,,https://www.rodalink.com/id/shimano-tl-fc39-e8000-chainring-installation-tool-732152.html
Aksesoris & Spare Part,Tools Sepeda,Shimano Pedal Axle Adjuster Sepeda TL-PD63,578000,,,,,https://www.rodalink.com/id/shimano-pedal-axle-adjuster-sepeda-tl-pd63-708998.html
Aksesoris & Spare Part,Tools Sepeda,Topeak Folding Tool Sepeda Alien II,578000,,,,,https://www.rodalink.com/id/folding-tool-topeak-alien-ii-tt2353.html
Aksesoris & Spare Part,Tools Sepeda,Topeak SmartGauge D2X TSG-D2X Digital Tire Pressure Gauge,528000,,,,,https://www.rodalink.com/id/topeak-smartgauge-d2x-tsg-d2x-digital-tire-pressure-gauge-733643.html
Aksesoris & Spare Part,Tools Sepeda,Hozan Spoke Cutter Sepeda C-216,498000,,,,,https://www.rodalink.com/id/hozan-spoke-cutter-sepeda-c-216.html
Aksesoris & Spare Part,Tools Sepeda,Hozan Star-Fangled Nut Setter Sepeda C-460,498000,,,,,https://www.rodalink.com/id/hozan-star-fangled-nut-setter-sepeda-c-460.html
Aksesoris & Spare Part,Tools Sepeda,Topeak Tool Box Sepeda Ninja Master+ T8 TNJA-T8,498000,,,,,https://www.rodalink.com/id/topeak-tool-box-sepeda-ninja-master-t8-tnja-t8-737737.html
Aksesoris & Spare Part,Tools Sepeda,Shimano Bottom Bracket Press Fit Installer TL-BB12,478000,,,,,https://www.rodalink.com/id/tool-sepeda-shimano-tl-bb12-press-fit-installer.html
Aksesoris & Spare Part,Tools Sepeda,Topeak Folding Tool Sepeda Mini 20 Pro TT2536B,448000,,,,,https://www.rodalink.com/id/tool-topeak-mini-20-pro-tt2536b-31511.html
Aksesoris & Spare Part,Tools Sepeda,Shimano Chain Cutter Sepeda TL-CN10 Quick-Link Y13022000,428000,,,,,https://www.rodalink.com/id/shimano-chain-cutter-sepeda-tl-cn10-quick-link-y13022000-725679.html
Aksesoris & Spare Part,Tools Sepeda,Shimano Adapter Installation Bottom Bracket TL-FC36,398000,,,,,https://www.rodalink.com/id/tool-sepeda-shimano-tl-fc36-bb-adapter-installation.html
Aksesoris & Spare Part,Tools Sepeda,Topeak Tools Sepeda Chain Whip Sprocket Remover,398000,,,,,https://www.rodalink.com/id/topeak-tools-sepeda-chain-whip-sprocket-remover-714606.html
Aksesoris & Spare Part,Tools Sepeda,Shimano TL-FC38 E6000 Chainring Installation Tool,398000,,,,,https://www.rodalink.com/id/shimano-tl-fc38-e6000-chainring-installation-tool-732151.html
Aksesoris & Spare Part,Tools Sepeda,Topeak Tool Sepeda Torx Wrench Set TPS-SP05,348000,,,,,https://www.rodalink.com/id/topeak-tool-sepeda-torx-wrench-set-tps-sp05-714610.html
Aksesoris & Spare Part,Tools Sepeda,Shimano Tool Spare Pin Sepeda TL-CN34/CN35,348000,,,,,https://www.rodalink.com/id/shimano-tool-spare-pin-sepeda-tl-cn34-cn35-731657.html
Aksesoris & Spare Part,Tools Sepeda,Topeak Folding Tool Sepeda Hexus X 21F,328000,,,,,https://www.rodalink.com/id/topeak-hexus-x.html
Aksesoris & Spare Part,Tools Sepeda,Shimano Lock Ring Removal TL-LR20,328000,,,,,https://www.rodalink.com/id/tool-sepeda-shimano-tl-lr20-lock-ring-removal.html
Aksesoris & Spare Part,Tools Sepeda,Shimano Nipple Wrench TL-WH78,298000,,,,,https://www.rodalink.com/id/shimano-nipple-wrench-tl-wh78.html
Aksesoris & Spare Part,Tools Sepeda,Shimano Tool Sepeda Adapter SM-BBR60 TL-FC37,298000,,,,,https://www.rodalink.com/id/shimano-tool-sepeda-adapter-sm-bbr60-tl-fc37-733828.html
Aksesoris & Spare Part,Tools Sepeda,Entity Tool Chain Breaker Sepeda CBT015,248000,,,,,https://www.rodalink.com/id/entity-tool-chain-breaker-sepeda-cbt015-735864.html
Aksesoris & Spare Part,Tools Sepeda,Ritchey Torque Key Sepeda 5NM,248000,,,,,https://www.rodalink.com/id/tool-ritchey-multi-bit-torqkey-5nm.html
Aksesoris & Spare Part,Tools Sepeda,Shimano TL-LR21 Lock Ring Tool,248000,,,,,https://www.rodalink.com/id/shimano-tl-lr21-lock-ring-tool-740945.html
Aksesoris & Spare Part,Tools Sepeda,Shimano Hub Spanner TL-HS38 18mm,228000,,,,,https://www.rodalink.com/id/shimano-hub-spanner-tl-hs38-18mm.html
Aksesoris & Spare Part,Tools Sepeda,Entity Tool Cassette Removal Sepeda CRT015,228000,,,,,https://www.rodalink.com/id/entity-tool-cassette-removal-sepeda-crt015-735865.html
Aksesoris & Spare Part,Tools Sepeda,Shimano Adapter Removal TL-UN66 for BB,198000,,,,,https://www.rodalink.com/id/tool-sepeda-shimano-tl-un74-s-adapter-removal.html
Aksesoris & Spare Part,Tools Sepeda,Shimano Cone Adjusting Tool Set TL-PD33,198000,,,,,https://www.rodalink.com/id/tool-sepeda-shimano-tl-pd33-cone-adjusting-toolset.html
Aksesoris & Spare Part,Tools Sepeda,Shimano TL-FH17A Y1Y19801T Seal Ring Press,198000,,,,,https://www.rodalink.com/id/shimano-tl-fh17a-y1y19801t-seal-ring-press-739006.html
Aksesoris & Spare Part,Tools Sepeda,Entity Tool Chain Whip Sepeda CWT015,198000,,,,,https://www.rodalink.com/id/entity-tool-chain-whip-sepeda-cwt015-735866.html
Aksesoris & Spare Part,Tools Sepeda,Topeak Folding Tool Sepeda X-Tool+,178000,,,,,https://www.rodalink.com/id/topeak-x-tool-folding-tool-pa00755.html
Aksesoris & Spare Part,Tools Sepeda,Shimano Tool Sepeda TL-LR15 Lock Ring Removal,178000,,,,,https://www.rodalink.com/id/shimano-tllr15-lock-ring-removal-702897.html
Aksesoris & Spare Part,Tools Sepeda,Topeak Powerlink Pliers,178000,,,,,https://www.rodalink.com/id/topeak-powerlink-pliers-720944.html
Aksesoris & Spare Part,Tools Sepeda,Topeak Power Lever Sepeda X TTL007,178000,,,,,https://www.rodalink.com/id/topeak-power-lever-sepeda-x-ttl007-733641.html
Aksesoris & Spare Part,Tools Sepeda,Shimano Nipple Wrench TL-WH77,158000,,,,,https://www.rodalink.com/id/shimano-nipple-wrench-tl-wh77.html
Aksesoris & Spare Part,Tools Sepeda,Pro Tool Tire Lever Sepeda 2.1 Tubeless,158000,,,,,https://www.rodalink.com/id/pro-tool-tire-lever-sepeda-21-tubeless-733841.html
Aksesoris & Spare Part,Tools Sepeda,Shimano Front Chainwheel Removal TL-UN96 M952,148000,,,,,https://www.rodalink.com/id/tool-sepeda-shimano-tl-un96-m952-fc-removal.html
Aksesoris & Spare Part,Tools Sepeda,Fulcrum Nipple Guide Magnet Tool Sepeda T-05,148000,,,,,https://www.rodalink.com/id/fulcrum-nipple-guide-magnet-tool-sepeda-t-05-734148.html
Aksesoris & Spare Part,Tools Sepeda,Topeak Universal Crank Puller,148000,,,,,https://www.rodalink.com/id/topeak-universal-crank-puller-718793.html
Aksesoris & Spare Part,Tools Sepeda,Shimano Hub Cone Spanner TL-HS22 17x24 mm,138000,,,,,https://www.rodalink.com/id/shimano-hub-cone-spanner-tl-hs22-17x24-mm.html
Aksesoris & Spare Part,Tools Sepeda,Topeak Power Lever Sepeda TTL005,128000,,,,,https://www.rodalink.com/id/topeak-power-lever-ttl005.html
Aksesoris & Spare Part,Tools Sepeda,Entity Tool Spoke Key Wrench Set Sepeda SKW003,128000,,,,,https://www.rodalink.com/id/entity-tool-spoke-key-wrench-set-sepeda-skw003-735867.html
Aksesoris & Spare Part,Tools Sepeda,Polygon Cotterless Crank Tool Sepeda,128000,,,,,https://www.rodalink.com/id/tool-polygon-cotterless-crank-tool.html
Aksesoris & Spare Part,Tools Sepeda,Polygon Folding Tool Sepeda Army 12F,128000,,,,,https://www.rodalink.com/id/polygon-folding-tool-sepeda-army-12f-739719.html
Aksesoris & Spare Part,Tools Sepeda,Shimano TL-HS23 18x28 mm Cone Wrench,118000,,,,,https://www.rodalink.com/id/shimano-tl-hs23-18x28-mm-cone-wrench-731658.html
Aksesoris & Spare Part,Tools Sepeda,Shimano Setting Tool Sepeda G-Pulley TL-RD200,118000,,,,,https://www.rodalink.com/id/shimano-setting-tool-sepeda-g-pulley-tl-rd200-738784.html
Aksesoris & Spare Part,Tools Sepeda,Shimano TL-HB017 Hub Bearing Remover,99000,,,,,https://www.rodalink.com/id/shimano-tl-hb017-hub-bearing-remover-740947.html
Aksesoris & Spare Part,Tools Sepeda,Topeak Shuttle Lever Sepeda 1.2,99000,,,,,https://www.rodalink.com/id/tool-topeak-shuttle-lever-1-2-ttl002.html
Aksesoris & Spare Part,Tools Sepeda,Polygon Freewheel Turner Sepeda,94000,,,,,https://www.rodalink.com/id/tool-freewheel-tunner.html
Aksesoris & Spare Part,Tools Sepeda,Polygon Kunci Pembuka BB Shimano Hollowtech II,89000,,,,,https://www.rodalink.com/id/tool-sepeda-polygon-bb-wrench-yc-27bb.html
Aksesoris & Spare Part,Tools Sepeda,Shimano Wop Indicator Brake Pad & Rotor,89000,,,,,https://www.rodalink.com/id/shimano-wop-indicator-brake-pad-rotor-739451.html
Aksesoris & Spare Part,Tools Sepeda,Cycliste Folding Tool Sepeda Force 9F,89000,,,,,https://www.rodalink.com/id/cycliste-folding-tool-sepeda-force-9f-739720.html
Aksesoris & Spare Part,Tools Sepeda,Shimano Chain Wear Indicator,79000,,,,,https://www.rodalink.com/id/shimano-chain-wear-indicator-740724.html
Aksesoris & Spare Part,Tools Sepeda,Entity Tool Shimano Crank Sepeda SCT030,79000,,,,,https://www.rodalink.com/id/entity-tool-shimano-crank-sepeda-sct030-735868.html
Aksesoris & Spare Part,Tools Sepeda,Polygon Cassette Sprocket Tool Sepeda,74000,,,,,https://www.rodalink.com/id/tool-polygon-untuk-cassette-sprocket.html
Aksesoris & Spare Part,Tools Sepeda,Polygon Bottom Bracket Tool Sepeda,74000,,,,,https://www.rodalink.com/id/tool-polygon-untuk-bottom-bracket.html
Aksesoris & Spare Part,Tools Sepeda,Polygon Chain Cutter Sepeda,74000,,,,,https://www.rodalink.com/id/tool-polygon-chain-cutter.html
Aksesoris & Spare Part,Tools Sepeda,Shimano Spanner for Lock Nut TL-PD77,64000,,,,,https://www.rodalink.com/id/tool-sepeda-shimano-tl-pd77-spanner-for-lock-nut.html
Aksesoris & Spare Part,Tools Sepeda,Cycliste Tire Lever Sepeda TL01 Nylon,59000,,,,,https://www.rodalink.com/id/cycliste-tire-lever-sepeda-tl01-nylon-738548.html
Aksesoris & Spare Part,Tools Sepeda,Polygon Tool Spanner Sepeda,49000,,,,,https://www.rodalink.com/id/tool-spanner-polygon.html
Aksesoris & Spare Part,Tools Sepeda,Shimano Nipple Wrench for Wheel Set #4A0080,49000,,,,,https://www.rodalink.com/id/shimano-nipple-wrench-for-wheel-set.html
Aksesoris & Spare Part,Tools Sepeda,Polygon Tool for Freewheel Sepeda,44000,,,,,https://www.rodalink.com/id/tool-polygon-untuk-freewheel.html
Aksesoris & Spare Part,Tools Sepeda,Shimano Adapter Installation Tool BB9000 TL-FC24,34000,,,,,https://www.rodalink.com/id/shimano-adapter-installation-tool-bb9000-tl-fc24.html
Aksesoris & Spare Part,Tools Sepeda,Shimano Front Chainwheel Installation TL-UN75,34000,,,,,https://www.rodalink.com/id/tool-sepeda-shimano-tl-un75-fc-installation.html
Aksesoris & Spare Part,Tools Sepeda,Polygon Kunci Pembuka Cap Crank BB Hollowtech II,30000,,,,,https://www.rodalink.com/id/tool-sepeda-polygon-bb-wrench-yc-27.html
Aksesoris & Spare Part,Tools Sepeda,Shimano Axle Removal Tool Sepeda TLPD40,29000,,,,,https://www.rodalink.com/id/shimano-axle-removal-tool-sepeda-tlpd40-725289.html
Aksesoris & Spare Part,Tools Sepeda,Shimano Adjust Nut Sepeda TL-FC17,24000,,,,,https://www.rodalink.com/id/shimano-adjust-nut-sepeda-tl-fc17.html
Aksesoris & Spare Part,Tools Sepeda,Shimano Crank Arm Intallation Sepeda TL-FC16,24000,,,,,https://www.rodalink.com/id/shimano-crank-arm-intallation-sepeda-tl-fc16-703020.html
Aksesoris & Spare Part,Tools Sepeda,Tubi Tire Repair Plugs,19000,,,,,https://www.rodalink.com/id/tubi-tire-repair-plugs-737253.html
Aksesoris & Spare Part,Stand Sepeda,"Pro Stand Sepeda Fit 20-29""",848000,,,,,https://www.rodalink.com/id/pro-stand-sepeda-fit-20-29-742401001.html
Aksesoris & Spare Part,Stand Sepeda,Topeak Stand Dinding Sepeda Solo TW017 Bike Holder,698000,,,,,https://www.rodalink.com/id/stand-topeak-solo-bike-hanger.html
Aksesoris & Spare Part,Stand Sepeda,Elite Stand Dinding Sepeda Taka Wall Mount,1098000,549000,,,,https://www.rodalink.com/id/elite-taka-bike-hanger-726143001.html
Aksesoris & Spare Part,Stand Sepeda,Pro Stand Sepeda Universal,428000,,,,,https://www.rodalink.com/id/pro-stand-sepeda-universal-733145001.html
Aksesoris & Spare Part,Stand Sepeda,Topeak Stand Sepeda Flash Fat,298000,,,,,https://www.rodalink.com/id/stand-topeak-flash-fat-tw007-for-mtb.html
Aksesoris & Spare Part,Stand Sepeda,Cycliste Stand Display Sepeda SD07 MTB/Road On Axle,198000,,,,,https://www.rodalink.com/id/cycliste-stand-display-sepeda-sd07-mtbroad-on-axle-741928001.html
Aksesoris & Spare Part,Stand Sepeda,Cycliste Stand Sepeda Display SD06,158000,,,,,https://www.rodalink.com/id/cycliste-stand-sepeda-display-sd06-737020001.html
Aksesoris & Spare Part,Stand Sepeda,Minoura Wheel Holder Sepeda Vergo-TF,298000,149000,,,,https://www.rodalink.com/id/minoura-wheel-holder-sepeda-vergo-tf-729171001.html
Aksesoris & Spare Part,Stand Sepeda,Minoura Stand Sepeda Portable PHS-10 for Road Bike,298000,149000,,,,https://www.rodalink.com/id/stand-minoura-phs-10-for-road.html
Aksesoris & Spare Part,Stand Sepeda,Rodalink Stand Sepeda SD01 for Road/MTB,148000,,,,,https://www.rodalink.com/id/rodalink-stand-sepeda-sd01-for-road-mtb-736857001.html
Aksesoris & Spare Part,Stand Sepeda,Polygon Stand Sepeda Adjustable Fit on Bridge 20-28 inch,128000,,,,,https://www.rodalink.com/id/polygon-adjustable-fit-on-bridge-20-28-inch-bike-stand.html
Aksesoris & Spare Part,Stand Sepeda,"Polygon Kickstand Sepeda 26""-28"" Fit on Chainstay",128000,,,,,https://www.rodalink.com/id/polygon-kickstand-sepeda-26-28-fit-on-chainstay-731449001.html
Aksesoris & Spare Part,Stand Sepeda,Rodalink Stand Dinding Sepeda SD03 for Road/MTB Wall Hanger,96000,,,,,https://www.rodalink.com/id/rodalink-stand-dinding-sepeda-sd03-for-road-mtb-wall-hanger-736856001.html
Aksesoris & Spare Part,Stand Sepeda,Rodalink Stand Sepeda SD02 for Road/MTB Storage,96000,,,,,https://www.rodalink.com/id/rodalink-stand-sepeda-sd02-for-road-mtb-storage-736859001.html
Aksesoris & Spare Part,Stand Sepeda,Cycliste Stand Sepeda SU-01 MTB/Road On Chainstay,69000,,,,,https://www.rodalink.com/id/cycliste-stand-sepeda-su-01-mtbroad-on-chainstay-741425001.html
Aksesoris & Spare Part,Stand Sepeda,Minoura Stand Sepeda for Brompton,298000,59600,,,,https://www.rodalink.com/id/minoura-stand-sepeda-for-brompton.html
Aksesoris & Spare Part,Stand Sepeda,"Polygon Kickstand Sepeda 27.5"" Clamp on Chainstay",59000,,,,,https://www.rodalink.com/id/polygon-kickstand-sepeda-27-5-clamp-on-chainstay-731846001.html
Aksesoris & Spare Part,Stand Sepeda,"Cycliste Stand Sepeda KS01 26-27.5"" Clamp On C/S",59000,,,,,https://www.rodalink.com/id/cycliste-stand-sepeda-ks01-26-27-5-clamp-on-cs-742256001.html
Aksesoris & Spare Part,Stand Sepeda,Polygon Stand Sepeda Hybrid 02,59000,49000,,,,https://www.rodalink.com/id/stand-polygon-hybrid-02.html
Aksesoris & Spare Part,Stand Sepeda,Rodalink Stand Sepeda SD04 for Push Bike,49000,,,,,https://www.rodalink.com/id/rodalink-stand-sepeda-sd04-for-push-bike-736858001.html
Aksesoris & Spare Part,Stand Sepeda,Polygon Stand Sepeda Hybrid,89000,49000,,,,https://www.rodalink.com/id/stand-polygon-hybrid.html
Aksesoris & Spare Part,Stand Sepeda,Polygon Stand Sepeda NH 26,54000,27000,,,,https://www.rodalink.com/id/stand-polygon-nh-26.html
Aksesoris & Spare Part,Stand Sepeda,Polygon Stand Sepeda BMX,24000,,,,,https://www.rodalink.com/id/stand-polygon-for-bmx.html
Aksesoris & Spare Part,Stand Sepeda,Cycliste Stand Sepeda 12 Kids,24000,,,,,https://www.rodalink.com/id/cycliste-stand-sepeda-12-kids-740979001.html
Aksesoris & Spare Part,Stand Sepeda,Cycliste Stand Sepeda 18 Kids,24000,,,,,https://www.rodalink.com/id/cycliste-stand-sepeda-18-kids-740981001.html
Aksesoris & Spare Part,Stand Sepeda,Cycliste Stand Sepeda 16 Kids,24000,,,,,https://www.rodalink.com/id/cycliste-stand-sepeda-16-kids-740980001.html
Aksesoris & Spare Part,Stand Sepeda,Polygon Stand Sepeda 20/24/26,34000,17000,,,,https://www.rodalink.com/id/stand-polygon-31319.html
Aksesoris & Spare Part,Pompa,Topeak Pompa Sepeda Joeblow Tubi TJB-T2STG,1498000,,,,,https://www.rodalink.com/id/topeak-pompa-sepeda-joeblow-tubi-tjb-t2stg-733642.html
Aksesoris & Spare Part,Pompa,Polygon Pompa Sepeda Alloy Smart Tubeless,698000,,,,,https://www.rodalink.com/id/polygon-pompa-sepeda-alloy-smart-tubeless-740723.html
Aksesoris & Spare Part,Pompa,Topeak Pompa Sepeda JoeBlow Race,598000,,,,,https://www.rodalink.com/id/pompa-topeak-joeblow-race-40115.html
Aksesoris & Spare Part,Pompa,Topeak Pompa Shock Sepeda Pocketshock DXG 360 psi,578000,,,,,https://www.rodalink.com/id/topeak-pocketshock-dxg-360-psi-mini-pump.html
Aksesoris & Spare Part,Pompa,Topeak Pompa Sepeda Joeblow Roadie EX TJB-RE1,548000,,,,,https://www.rodalink.com/id/topeak-pompa-sepeda-joeblow-roadie-ex-tjb-re1-737738.html
Aksesoris & Spare Part,Pompa,Topeak Pompa Sepeda JoeBlow Sport III,548000,,,,,https://www.rodalink.com/id/topeak-pompa-sepeda-joeblow-sport-iii.html
Aksesoris & Spare Part,Pompa,Topeak CO2 Inflator Kit Tubi Master GX DF,548000,,,,,https://www.rodalink.com/id/topeak-co2-inflator-kit-tubi-master-gx-df-736053.html
Aksesoris & Spare Part,Pompa,Topeak Pompa Mini Sepeda Mountain TT G,478000,,,,,https://www.rodalink.com/id/topeak-mountain-tt-g-mini-pump.html
Aksesoris & Spare Part,Pompa,Topeak Pompa Mini Sepeda Roadie 2Stage TRD-2STG,478000,,,,,https://www.rodalink.com/id/topeak-pompa-mini-sepeda-roadie-2stage-trd-2stg-735899.html
Aksesoris & Spare Part,Pompa,Pro Pompa Ban Sepeda Touring II 160 psi,478000,,,,,https://www.rodalink.com/id/pro-pompa-ban-sepeda-touring-ii-160-psi-740818.html
Aksesoris & Spare Part,Pompa,Topeak Pompa Mini Sepeda RaceRocket HP TRR-HP1,448000,,,,,https://www.rodalink.com/id/topeak-pompa-mini-sepeda-racerocket-hp-trr-hp1-pa01208.html
Aksesoris & Spare Part,Pompa,Topeak Pompa Mini Sepeda RaceRocket TRR-1,398000,,,,,https://www.rodalink.com/id/topeak-pompa-mini-sepeda-racerocket-trr-1-pa01209.html
Aksesoris & Spare Part,Pompa,Polygon Pompa Shock Sepeda PS-02 300 psi,298000,,,,,https://www.rodalink.com/id/polygon-pompa-shock-sepeda-ps-02-300-psi-741121.html
Aksesoris & Spare Part,Pompa,Polygon Pompa Sepeda Alloy PF-02 HPHV Smart Head,248000,,,,,https://www.rodalink.com/id/polygon-pompa-sepeda-alloy-pf-02-hphv-smart-head-741981.html
Aksesoris & Spare Part,Pompa,Polygon Pompa Sepeda Alloy PF-01 Smart Head,198000,,,,,https://www.rodalink.com/id/polygon-pompa-sepeda-alloy-pf-01-smart-head-740790.html
Aksesoris & Spare Part,Pompa,Topeak Pompa Mini Sepeda Peakini II,188000,,,,,https://www.rodalink.com/id/topeak-peakini-ii-mini-hand-pump-701926.html
Aksesoris & Spare Part,Pompa,Topeak Smarthead EX,158000,,,,,https://www.rodalink.com/id/topeak-smarthead-ex-for-joeblow-race.html
Aksesoris & Spare Part,Pompa,Polygon Pompa Sepeda Steel STX,158000,,,,,https://www.rodalink.com/id/polygon-floor-pump-sepeda-steel-stx-732597.html
Aksesoris & Spare Part,Pompa,Polygon Pompa Sepeda Shorty Dual Head 160 psi,128000,,,,,https://www.rodalink.com/id/polygon-pompa-sepeda-shorty-dual-head-160-psi-738547.html
Aksesoris & Spare Part,Pompa,Cycliste Pompa Ban Sepeda Floor Pump 160 psi,99000,,,,,https://www.rodalink.com/id/cycliste-pompa-ban-sepeda-floor-pump-160-psi-737208.html
Aksesoris & Spare Part,Pompa,Polygon Pompa Mini Sepeda Alloy MP-01 Telescope,79000,,,,,https://www.rodalink.com/id/polygon-pompa-mini-sepeda-alloy-mp-01-telescope-738465.html
Aksesoris & Spare Part,Kunci Sepeda,Abus Kunci Sepeda Combination Bordo Lite 6055C Mini,898000,,,,,https://www.rodalink.com/id/abus-kunci-sepeda-combination-bordo-lite-6055c-mini-740037001.html
Aksesoris & Spare Part,Kunci Sepeda,Polygon Kunci Sepeda PG-HL01 Hidden In Handlebar Cable,298000,,,,,https://www.rodalink.com/id/polygon-kunci-sepeda-pg-hl01-hidden-in-handlebar-cable-739822001.html
Aksesoris & Spare Part,Kunci Sepeda,Polygon x Abus Kunci Sepeda 1200 Web with Number,228000,,,,,https://www.rodalink.com/id/polygon-kunci-sepeda-1200-web-with-number-726887.html
Aksesoris & Spare Part,Kunci Sepeda,Abus Kunci Sepeda Star 4508K,228000,,,,,https://www.rodalink.com/id/abus-kunci-sepeda-star-4508k-68261.html
Aksesoris & Spare Part,Kunci Sepeda,Polygon x Abus Kunci Sepeda 1500 Web with Key,228000,,,,,https://www.rodalink.com/id/polygon-kunci-sepeda-1500-web-with-key-726888.html
Aksesoris & Spare Part,Kunci Sepeda,Abus Kunci Sepeda 1500 Web,228000,,,,,https://www.rodalink.com/id/abus-kunci-sepeda-1500-web-pa00224.html
Aksesoris & Spare Part,Kunci Sepeda,Abus Kunci Sepeda 1200 Web,198000,,,,,https://www.rodalink.com/id/abus-1200-web-lock-724200.html
Aksesoris & Spare Part,Kunci Sepeda,"Polygon Kunci Sepeda Spiral with Key, Number & Light",92000,,,,,https://www.rodalink.com/id/polygon-kunci-sepeda-spiral-with-key-number-light.html
Aksesoris & Spare Part,Kunci Sepeda,Polygon Kunci Sepeda Spiral with Resetable Combination,74000,,,,,https://www.rodalink.com/id/polygon-kunci-sepeda-spiral-with-resetable-combination.html
Aksesoris & Spare Part,Kunci Sepeda,Polygon Kunci Sepeda Spiral Combination,64000,,,,,https://www.rodalink.com/id/polygon-kunci-sepeda-spiral-combination-741642001.html
Aksesoris & Spare Part,Kunci Sepeda,Polygon Kunci Sepeda Spiral Power,64000,,,,,https://www.rodalink.com/id/polygon-spiral-power-lock.html
Aksesoris & Spare Part,Kunci Sepeda,Cycliste Kunci Sepeda Combo Keyless LC8356,54000,,,,,https://www.rodalink.com/id/cycliste-kunci-sepeda-combo-keyless-lc8356-738354001.html
Aksesoris & Spare Part,Fender/Spakbor,Topeak Fender Set Sepeda Defender M1 & XC11,578000,,,,,https://www.rodalink.com/id/topeak-fender-sepeda-defender-m1-xc11.html
Aksesoris & Spare Part,Fender/Spakbor,Topeak Fender Set Sepeda Defender M1 & M2,448000,,,,,https://www.rodalink.com/id/fender-topeak-defender-m1-m2-for-mtb-26.html
Aksesoris & Spare Part,Fender/Spakbor,Topeak Fender Set Sepeda Defender RC1 & RC11,378000,,,,,https://www.rodalink.com/id/fender-topeak-defender-rc1-rc11-set.html
Aksesoris & Spare Part,Fender/Spakbor,Polygon Fender Set Sepeda UG20 untuk Folding atau Mini Velo,298000,,,,,https://www.rodalink.com/id/polygon-fender-set-sepeda-ug20-untuk-folding-atau-mini-velo-736725.html
Aksesoris & Spare Part,Fender/Spakbor,Polygon Fender Set Sepeda Hybrid Black,228000,,,,,https://www.rodalink.com/id/fender-polygon-hybrid.html
Aksesoris & Spare Part,Fender/Spakbor,Polygon Fender Depan Sepeda Collosus DH 2012,385000,192500,,,,https://www.rodalink.com/id/fender-polygon-carbon-collosus-l-dh.html
Aksesoris & Spare Part,Fender/Spakbor,Polygon Fender Depan Sepeda Collosus SX/TX 2012,350000,175000,,,,https://www.rodalink.com/id/fender-polygon-carbon-collosus-l-sx-tx.html
Aksesoris & Spare Part,Fender/Spakbor,Polisport Fender Set Sepeda Colorado,128000,,,,,https://www.rodalink.com/id/fender-polisport-colorado-24-26-set.html
Aksesoris & Spare Part,Fender/Spakbor,Polisport Fender Belakang Sepeda Cross Country,118000,,,,,https://www.rodalink.com/id/fender-polisport-cross-country-rear.html
Aksesoris & Spare Part,Fender/Spakbor,Polygon Fender Set Sepeda Sierra,118000,,,,,https://www.rodalink.com/id/fender-polygon-sierra.html
Aksesoris & Spare Part,Fender/Spakbor,Cycliste Fender Depan Sepeda MTB FSM01,118000,,,,,https://www.rodalink.com/id/cycliste-fender-depan-sepeda-mtb-fsm01-741332.html
Aksesoris & Spare Part,Fender/Spakbor,Cycliste Fender Belakang Sepeda MTB FSM02,118000,,,,,https://www.rodalink.com/id/cycliste-fender-belakang-sepeda-mtb-fsm02-741333.html
Aksesoris & Spare Part,Fender/Spakbor,Polygon Fender Set Sepeda for Road Bike,228000,114000,,,,https://www.rodalink.com/id/fender-set-polygon-for-road-bike.html
Aksesoris & Spare Part,Fender/Spakbor,Polygon Fender Set Sepeda Sierra AX24,128000,88000,,,,https://www.rodalink.com/id/polygon-fender-sepeda-sierra-ax24.html
Aksesoris & Spare Part,Fender/Spakbor,Cycliste Fender Belakang Sepeda Road FSR02,79000,,,,,https://www.rodalink.com/id/cycliste-fender-belakang-sepeda-road-fsr02-741334.html
Aksesoris & Spare Part,Fender/Spakbor,Polygon Fender Set Sepeda 01,59000,,,,,https://www.rodalink.com/id/fender-polygon-01.html
Aksesoris & Spare Part,Fender/Spakbor,Polygon Fender Depan Sepeda for Fork Gen 2,49000,,,,,https://www.rodalink.com/id/polygon-fender-depan-sepeda-for-fork-gen-2-pa01398.html
Aksesoris & Spare Part,Fender/Spakbor,Polygon Fender Depan Sepeda for Fork,49000,,,,,https://www.rodalink.com/id/fender-polygon-for-fork.html
Aksesoris & Spare Part,Fender/Spakbor,Polygon Fender Depan Sepeda Downtube 02,45000,22500,,,,https://www.rodalink.com/id/fender-polygon-downtube-02.html
Aksesoris & Spare Part,Fender/Spakbor,Polygon Clip Konektor Fender Sepeda for Sierra DX,10000,,,,,https://www.rodalink.com/id/pop-off-fender-polygon-sierra-dx.html
Aksesoris & Spare Part,Lampu Sepeda,Cateye Lampu Depan Sepeda Volt6000 EL6000RC,8798000,,,,,https://www.rodalink.com/id/lampu-depan-cat-eye-volt-6000.html
Aksesoris & Spare Part,Lampu Sepeda,Bryton Lampu Belakang Sepeda Gardia R300L Radar,1980000,,,,,https://www.rodalink.com/id/bryton-lampu-belakang-sepeda-gardia-r300l-radar-738505001.html
Aksesoris & Spare Part,Lampu Sepeda,Polygon Lampu Depan Sepeda PLG-2000 USB Low-High Beam,728000,,,,,https://www.rodalink.com/id/polygon-lampu-depan-sepeda-plg-2000-usb-low-high-beam-742202001.html
Aksesoris & Spare Part,Lampu Sepeda,Cateye Lampu Belakang Sepeda Sync Wearable SLNW100,598000,,,,,https://www.rodalink.com/id/cateye-sync-wearable-sl-nw100-lamp.html
Aksesoris & Spare Part,Lampu Sepeda,Cateye Lampu Belakang Sepeda Rapid X3 LD720 150 Lumens,598000,,,,,https://www.rodalink.com/id/cat-eye-lampu-belakang-sepeda-rapid-x3-ld720-150-lumens.html
Aksesoris & Spare Part,Lampu Sepeda,Cateye Lampu Belakang Sepeda Rapid X2 Kinetic LD710K,498000,,,,,https://www.rodalink.com/id/lampu-belakang-cat-eye-rapid-x2-kinetic.html
Aksesoris & Spare Part,Lampu Sepeda,Cateye Lampu Belakang Sepeda Wearable X WA100,448000,,,,,https://www.rodalink.com/id/cat-eye-lampu-belakang-sepeda-wearable-x-wa100.html
Aksesoris & Spare Part,Lampu Sepeda,Polygon Lampu Depan Sepeda PLG-1200 USB Low-High Beam,328000,,,,,https://www.rodalink.com/id/polygon-lampu-depan-sepeda-plg-1200-usb-low-high-beam-741842001.html
Aksesoris & Spare Part,Lampu Sepeda,Polygon Lampu Belakang Sepeda USB PG-100 Emoji DIY Brake Sensor,248000,,,,,https://www.rodalink.com/id/polygon-lampu-belakang-sepeda-usb-pg-100-emoji-diy-brake-sensor-739722001.html
Aksesoris & Spare Part,Lampu Sepeda,Cycliste Lampu Belakang Sepeda USB CE-100BS Emoji Brake Sensor,228000,,,,,https://www.rodalink.com/id/cycliste-lampu-belakang-sepeda-usb-ce-100bs-emoji-brake-sensor-740745001.html
Aksesoris & Spare Part,Lampu Sepeda,Cateye Lampu Belakang Sepeda Reflex Auto LD570,198000,,,,,https://www.rodalink.com/id/lampu-belakang-cat-eye-reflex-auto.html
Aksesoris & Spare Part,Lampu Sepeda,Cateye Lampu Belakang Sepeda Tight Kinetic LD180K,198000,,,,,https://www.rodalink.com/id/cateye-lampu-belakang-sepeda-tight-kinetic-ld-180k-733378001.html
Aksesoris & Spare Part,Lampu Sepeda,Tern Lampu Depan Sepeda Valo Direct,598000,179400,,,,https://www.rodalink.com/id/tern-lampu-sepeda-valo-direct-732320001.html
Aksesoris & Spare Part,Lampu Sepeda,Cycliste Lampu Belakang Sepeda CE-30BS Brake Sensor Colorful,168000,,,,,https://www.rodalink.com/id/cycliste-lampu-belakang-sepeda-ce-30bs-brake-sensor-colorful-741881001.html
Aksesoris & Spare Part,Lampu Sepeda,Cycliste Lampu Belakang Sepeda CE-60BS Brake Sensor,168000,,,,,https://www.rodalink.com/id/cycliste-lampu-belakang-sepeda-ce-60bs-brake-sensor-740608001.html
Aksesoris & Spare Part,Lampu Sepeda,Cateye Lampu Belakang Sepeda Omni 5 LD155,148000,,,,,https://www.rodalink.com/id/lampu-belakang-cat-eye-omni-5.html
Aksesoris & Spare Part,Lampu Sepeda,Cycliste Lampu Set Sepeda USB CE-250F + CE-10R,128000,,,,,https://www.rodalink.com/id/cycliste-lampu-set-sepeda-usb-ce-250f-ce-10r-741345001.html
Aksesoris & Spare Part,Lampu Sepeda,Cycliste Lampu Belakang Sepeda CE-40BS Brake Sensor,128000,,,,,https://www.rodalink.com/id/cycliste-lampu-belakang-sepeda-ce-40bs-brake-sensor-740609001.html
Aksesoris & Spare Part,Lampu Sepeda,Cycliste Lampu Depan Sepeda CE-250HB USB with Helmet Bracket,128000,,,,,https://www.rodalink.com/id/cycliste-lampu-depan-sepeda-ce-250hb-usb-with-helmet-bracket-741745001.html
Aksesoris & Spare Part,Lampu Sepeda,Cycliste Lampu Depan Sepeda CE-300 Sensor,128000,,,,,https://www.rodalink.com/id/cycliste-lampu-depan-sepeda-ce-300-sensor-741883001.html
Aksesoris & Spare Part,Lampu Sepeda,Cycliste Lampu Belakang Sepeda CE-Strip LED,99000,,,,,https://www.rodalink.com/id/cycliste-lampu-belakang-sepeda-ce-strip-led-740872001.html
Aksesoris & Spare Part,Lampu Sepeda,Polygon Lampu Set Sepeda Goma,178000,89000,,,,https://www.rodalink.com/id/polygon-lampu-set-sepeda-goma.html
Aksesoris & Spare Part,Lampu Sepeda,Polygon Lampu Set Sepeda Sentinel,158000,79000,,,,https://www.rodalink.com/id/polygon-lampu-set-sepeda-sentinel.html
Aksesoris & Spare Part,Lampu Sepeda,Cycliste Lampu Belakang Sepeda USB CE-15,59000,,,,,https://www.rodalink.com/id/cycliste-lampu-belakang-sepeda-usb-ce-15-741499001.html
Aksesoris & Spare Part,Lampu Sepeda,Cateye Rubber Base for Rapid X2 5447030,24000,,,,,https://www.rodalink.com/id/rubber-base-cat-eye.html
Aksesoris & Spare Part,Bel Sepeda,Cycliste Bel Sepeda Electric USB With Alarm,148000,,,,,https://www.rodalink.com/id/cycliste-bel-sepeda-electric-usb-with-alarm-738546001.html
Aksesoris & Spare Part,Bel Sepeda,Polygon Bel Sepeda Cooper,79000,,,,,https://www.rodalink.com/id/polygon-bel-sepeda-cooper-736009.html
Aksesoris & Spare Part,Bel Sepeda,Polygon Bel Sepeda Twist,79000,,,,,https://www.rodalink.com/id/polygon-bel-sepeda-twist-736829001.html
Aksesoris & Spare Part,Bel Sepeda,Cat Eye Bel Sepeda Wind PB-1000,74000,,,,,https://www.rodalink.com/id/cat-eye-bell-wind-pb1000.html
Aksesoris & Spare Part,Bel Sepeda,Cat Eye Bel Sepeda PB-600,49000,,,,,https://www.rodalink.com/id/bell-cat-eye-pb-600.html
Aksesoris & Spare Part,Bel Sepeda,Polygon Bel Sepeda Compass,22000,,,,,https://www.rodalink.com/id/polygon-compass-bell-734473001.html
Aksesoris & Spare Part,Bel Sepeda,Polygon Bel Sepeda Ring,19000,,,,,https://www.rodalink.com/id/polygon-ring-bell-734472001.html
Aksesoris & Spare Part,Bel Sepeda,Cycliste Bel Sepeda Classic,19000,,,,,https://www.rodalink.com/id/cycliste-bel-sepeda-classic-741646001.html
Aksesoris & Spare Part,Keranjang Sepeda,Cycliste Keranjang Sepeda Universal dengan Handlebar Mount,128000,,,,,https://www.rodalink.com/id/cycliste-keranjang-sepeda-universal-dengan-handlebar-mount-742164001.html
Aksesoris & Spare Part,Peralatan Touring,Pro Computer Mount Sepeda Vibe Evo,798000,399000,,,,https://www.rodalink.com/id/pro-computer-mount-sepeda-vibe-evo-736109.html
Aksesoris & Spare Part,Peralatan Touring,Cateye Charging Cradle,248000,,,,,https://www.rodalink.com/id/charging-cat-eye-cradle-cra-002.html
Aksesoris & Spare Part,Peralatan Touring,Bryton Silicone Protective Case Rider 550/650,198000,,,,,https://www.rodalink.com/id/bryton-silicone-protective-case-rider-550-650-742175.html
Aksesoris & Spare Part,Peralatan Touring,Bryton Silicone Protective Case Rider S810,198000,,,,,https://www.rodalink.com/id/bryton-silicone-protective-case-rider-s810-742176.html
Aksesoris & Spare Part,Peralatan Touring,Minoura Phone Grip Holder iH-220-M,348000,174000,,,,https://www.rodalink.com/id/phone-grip-holder-minoura-ih-220m.html
Aksesoris & Spare Part,Peralatan Touring,Minoura Phone Grip Holder iH-520-STD,348000,174000,,,,https://www.rodalink.com/id/minoura-phone-grip-holder-ih-520-std.html
Aksesoris & Spare Part,Peralatan Touring,Shimano Underwater Lens Protector CM-SM02,348000,104400,,,,https://www.rodalink.com/id/shimano-cm-sm02-underwater-lens-protector.html
Aksesoris & Spare Part,Peralatan Touring,CatEye CFB-100 Center Fork Bracket,49000,,,,,https://www.rodalink.com/id/cateye-cfb-100-center-fork-bracket.html
Aksesoris & Spare Part,Peralatan Touring,SIS GO Isotonic Energy Gel Apple,40000,,,,,https://www.rodalink.com/id/sis-go-isotonic-energy-gel-apple-738191.html
Aksesoris & Spare Part,Peralatan Touring,SIS GO Isotonic Energy Gel Lemon Lime,40000,,,,,https://www.rodalink.com/id/sis-go-isotonic-energy-gel-lemon-lime-738190.html
Aksesoris & Spare Part,Peralatan Touring,SIS GO Isotonic Energy Gel Orange,40000,,,,,https://www.rodalink.com/id/sis-go-isotonic-energy-gel-orange-738189.html
Aksesoris & Spare Part,Peralatan Touring,Strive Protein Bar Kopi Hazelnut,29500,,,,,https://www.rodalink.com/id/strive-protein-bar-kopi-hazelnut-738048.html
Aksesoris & Spare Part,Peralatan Touring,Strive Protein Bar Blueberry,29500,,,,,https://www.rodalink.com/id/strive-protein-bar-blueberry-738050.html
Aksesoris & Spare Part,Peralatan Touring,Strive Protein Bar Original,29500,,,,,https://www.rodalink.com/id/strive-protein-bar-original-738049.html
Aksesoris & Spare Part,Peralatan Touring,Strive Energy Bar Salted Caramel - 45 gr,21000,,,,,https://www.rodalink.com/id/strive-energy-bar-salted-caramel-45-gr.html
Aksesoris & Spare Part,Peralatan Touring,Strive Energy Bar Coco Pandan - 45 gr,21000,,,,,https://www.rodalink.com/id/strive-energy-bar-coco-pandan-45-gr.html
Aksesoris & Spare Part,Peralatan Touring,Strive Energy Bar Choco - 45 gr,21000,,,,,https://www.rodalink.com/id/strive-energy-bar-choco-45-gr-732606.html
Aksesoris & Spare Part,Peralatan Touring,Strive Energy Bar Peanut Butter Coffee - 45 gr,21000,,,,,https://www.rodalink.com/id/strive-energy-bar-peanut-butter-coffee-45-gr.html
Aksesoris & Spare Part,Peralatan Touring,Strive Energy Bar Selai Nanas,21000,,,,,https://www.rodalink.com/id/strive-energy-bar-selai-nanas-736825.html
Aksesoris & Spare Part,Peralatan Touring,EJ Sport Energy Gel Banana,21000,,,,,https://www.rodalink.com/id/ej-sport-energy-gel-banana-739151.html
Aksesoris & Spare Part,Peralatan Touring,Strive Energy Gel Markisa,17000,,,,,https://www.rodalink.com/id/strive-energy-gel-markisa-737327.html
Aksesoris & Spare Part,Peralatan Touring,Strive Energy Gel Mangga,17000,,,,,https://www.rodalink.com/id/strive-energy-gel-mangga-737328.html
Aksesoris & Spare Part,Peralatan Touring,Strive Energy Gel Pineapple,17000,,,,,https://www.rodalink.com/id/strive-energy-gel-pineapple-735513.html
Aksesoris & Spare Part,Peralatan Touring,Strive Bite Size Energy Bar Choco,10000,,,,,https://www.rodalink.com/id/strive-bite-size-energy-bar-choco-738053.html
Aksesoris & Spare Part,Peralatan Touring,Strive Bite Size Energy Bar Peanut Butter,10000,,,,,https://www.rodalink.com/id/strive-bite-size-energy-bar-peanut-butter-738052.html
Aksesoris & Spare Part,Peralatan Touring,Strive Bite Size Energy Bar Coco Pandan,10000,,,,,https://www.rodalink.com/id/strive-bite-size-energy-bar-coco-pandan-738055.html
Aksesoris & Spare Part,Peralatan Touring,Strive Bite Size Energy Bar Salted Caramel,10000,,,,,https://www.rodalink.com/id/strive-bite-size-energy-bar-salted-caramel-738051.html
Aksesoris & Spare Part,Peralatan Touring,Strive Bite Size Energy Bar Nanas,10000,,,,,https://www.rodalink.com/id/strive-bite-size-energy-bar-nanas-738054.html
Aksesoris & Spare Part,Aksesoris Lainnya,Schwalbe Airmax Pro Pressure Gauge,248000,,,,,https://www.rodalink.com/id/schwalbe-airmax-pro-pressure-gauge-738837.html
Aksesoris & Spare Part,Aksesoris Lainnya,Bryton Conversion Kit,198000,,,,,https://www.rodalink.com/id/bryton-conversion-kit-738509.html
Aksesoris & Spare Part,Aksesoris Lainnya,Tern Luggage Truss Gen 2,428000,128400,,,,https://www.rodalink.com/id/tern-luggage-truss-gen-2.html
Aksesoris & Spare Part,Aksesoris Lainnya,Polygon Lower Pivot Bolt Set for Siskiu D and T,128000,,,,,https://www.rodalink.com/id/polygon-lower-pivot-bolt-set-for-siskiu-d-and-t-733646.html
Aksesoris & Spare Part,Aksesoris Lainnya,Topeak Pakgo X BB Strap And Buckle,99000,,,,,https://www.rodalink.com/id/topeak-pakgo-x-bb-strap-and-buckle-738322.html
Aksesoris & Spare Part,Aksesoris Lainnya,Cycliste Rear Derailleur Protector,9000,,,,,https://www.rodalink.com/id/cycliste-rear-derailleur-protector-742022.html
Aksesoris & Spare Part,Roof Rack Kit & Wingbar,Thule Footpack Edge Raised Rail,5150000,,,,,https://www.rodalink.com/id/thule-footpack-edge-raised-rail-737270.html
Aksesoris & Spare Part,Roof Rack Kit & Wingbar,Thule Footpack Edge Flush Rail,3900000,,,,,https://www.rodalink.com/id/thule-footpack-edge-flush-rail-732604.html
Aksesoris & Spare Part,Roof Rack Kit & Wingbar,Thule Footpack Evo Raised Rail,3650000,,,,,https://www.rodalink.com/id/thule-footpack-evo-raised-rail-736000.html
Aksesoris & Spare Part,Roof Rack Kit & Wingbar,Thule Footpack Evo Fixpoint,3300000,,,,,https://www.rodalink.com/id/thule-footpack-evo-fixpoint-737137.html
Aksesoris & Spare Part,Roof Rack Kit & Wingbar,Thule Evo Flush Rail,3300000,,,,,https://www.rodalink.com/id/thule-evo-flush-rail.html
Aksesoris & Spare Part,Roof Rack Kit & Wingbar,Thule Evo Clamp Roof Rack Component,3300000,,,,,https://www.rodalink.com/id/thule-evo-clamp-roof-rack-component.html
Aksesoris & Spare Part,Roof Rack Kit & Wingbar,Thule WingBar Evo Roof Bars,3200000,,,,,https://www.rodalink.com/id/thule-wingbar-evo-roof-bars.html
Aksesoris & Spare Part,Roof Rack Kit & Wingbar,Thule WingBar Edge Evo 104 Roof Bars,1950000,,,,,https://www.rodalink.com/id/thule-wingbar-edge-evo-104-roof-bars-pa01529.html
Aksesoris & Spare Part,Roof Rack Kit & Wingbar,Thule WingBar Edge Evo 95 Roof Bars,1700000,,,,,https://www.rodalink.com/id/thule-wingbar-edge-evo-95-roof-bars-pa01532.html
Aksesoris & Spare Part,Roof Rack Kit & Wingbar,Thule WingBar Edge Evo 86 Roof Bars,1700000,,,,,https://www.rodalink.com/id/thule-wingbar-edge-evo-86-roof-bars-pa01531.html
Aksesoris & Spare Part,Roof Rack Kit & Wingbar,Thule 5217 Clamp Kit,1250000,,,,,https://www.rodalink.com/id/thule-5217-clamp-kit-731848.html
Aksesoris & Spare Part,Roof Rack Kit & Wingbar,Thule 6016 Evo Flushrail Kit,1250000,,,,,https://www.rodalink.com/id/thule-6016-evo-flushrail-kit-732372.html
Aksesoris & Spare Part,Roof Rack Kit & Wingbar,Thule Rapid System Kit 5108 Clamp,1250000,,,,,https://www.rodalink.com/id/thule-rapid-system-kit-5108-clamp.html
Aksesoris & Spare Part,Roof Rack Kit & Wingbar,Thule 6072 Evo Flushrail Kit,1250000,,,,,https://www.rodalink.com/id/thule-6072-evo-flushrail-kit-732924.html
Aksesoris & Spare Part,Roof Rack Kit & Wingbar,Thule Rapid System 751,2550000,1050000,,,,https://www.rodalink.com/id/thule-rapid-system-751.html
Aksesoris & Spare Part,Roof Rack Kit & Wingbar,Thule 4304 Footpack,2300000,1000000,,,,https://www.rodalink.com/id/thule-4304-footpack.html
Aksesoris & Spare Part,Roof Rack Kit & Wingbar,Thule 538 Cable Lock,950000,,,,,https://www.rodalink.com/id/thule-538-cable-lock.html
Aksesoris & Spare Part,Roof Rack Kit & Wingbar,Thule 4700 Rapid Tracker Footpack,1798000,798000,,,,https://www.rodalink.com/id/thule-4700-rapid-tracker-footpack.html
Aksesoris & Spare Part,Roof Rack Kit & Wingbar,Thule Rapid Tracker Kit 417,1798000,798000,,,,https://www.rodalink.com/id/thule-rapid-tracker-kit-417.html
Aksesoris & Spare Part,Roof Rack Kit & Wingbar,Thule Gutterless Foot 950,1820000,620000,,,,https://www.rodalink.com/id/thule-gutterless-foot-950.html
Aksesoris & Spare Part,Roof Rack Kit & Wingbar,Thule Rapid System Kit 1102,900000,450000,,,,https://www.rodalink.com/id/thule-rapid-system-kit-1102.html
Aksesoris & Spare Part,Roof Rack Kit & Wingbar,Thule Rapid System Kit 1159,900000,450000,,,,https://www.rodalink.com/id/thule-rapid-system-kit-1159.html
Aksesoris & Spare Part,Roof Rack Kit & Wingbar,Thule Rapid System Kit 1291,900000,450000,,,,https://www.rodalink.com/id/thule-rapid-system-kit-1291.html
Aksesoris & Spare Part,Roof Rack Kit & Wingbar,Thule Rapid System Kit 1313,900000,450000,,,,https://www.rodalink.com/id/thule-rapid-system-kit-1313.html
Aksesoris & Spare Part,Roof Rack Kit & Wingbar,Thule Rapid System Kit 1340,900000,450000,,,,https://www.rodalink.com/id/thule-rapid-system-kit-1340.html
Aksesoris & Spare Part,Roof Rack Kit & Wingbar,Thule Rapid System Kit 1437,900000,450000,,,,https://www.rodalink.com/id/thule-rapid-system-kit-1437.html
Aksesoris & Spare Part,Roof Rack Kit & Wingbar,Thule Rapid System Kit 1165,900000,450000,,,,https://www.rodalink.com/id/thule-rapid-system-kit-1165.html
Aksesoris & Spare Part,Roof Rack Kit & Wingbar,Thule Rapid System Kit 272,900000,450000,,,,https://www.rodalink.com/id/thule-rapid-system-kit-272.html
Aksesoris & Spare Part,Roof Rack Kit & Wingbar,Thule Rapid System Kit 1109,900000,450000,,,,https://www.rodalink.com/id/thule-rapid-system-kit-1109.html
Aksesoris & Spare Part,Roof Rack Kit & Wingbar,Thule Rapid System Kit 1200,900000,450000,,,,https://www.rodalink.com/id/thule-rapid-system-kit-1200.html
Aksesoris & Spare Part,Roof Rack Kit & Wingbar,Thule Rapid System Kit 1361,900000,450000,,,,https://www.rodalink.com/id/thule-rapid-system-kit-1361.html
Aksesoris & Spare Part,Roof Rack Kit & Wingbar,Thule Rapid System Kit 1395,900000,450000,,,,https://www.rodalink.com/id/thule-rapid-system-kit-1395.html
Aksesoris & Spare Part,Roof Rack Kit & Wingbar,Thule Rapid System Kit 1085,900000,450000,,,,https://www.rodalink.com/id/thule-rapid-system-kit-1085.html
Aksesoris & Spare Part,Roof Rack Kit & Wingbar,Thule Rapid System Kit 1096,900000,450000,,,,https://www.rodalink.com/id/thule-rapid-system-kit-1096.html
Aksesoris & Spare Part,Roof Rack Kit & Wingbar,Thule Rapid System Kit 1281,900000,450000,,,,https://www.rodalink.com/id/thule-rapid-system-kit-1281.html
Aksesoris & Spare Part,Roof Rack Kit & Wingbar,Thule Rapid System Kit 2041,900000,450000,,,,https://www.rodalink.com/id/thule-rapid-system-kit-2041.html
Aksesoris & Spare Part,Roof Rack Kit & Wingbar,Thule Locking Nut M6 50723,300000,,,,,https://www.rodalink.com/id/thule-locking-nut-m6-50723.html
Aksesoris & Spare Part,Roof Rack Kit & Wingbar,Thule 4911 Intracker Fitting Kit,700000,200000,,,,https://www.rodalink.com/id/thule-4911-intracker-fitting-kit.html
Aksesoris & Spare Part,Roof Rack Kit & Wingbar,Thule Wheel Holder 940-943,200000,,,,,https://www.rodalink.com/id/thule-wheel-holder-940-943.html
Aksesoris & Spare Part,Roof Rack Kit & Wingbar,Thule 4910 Intracker Fitting Kit,700000,200000,,,,https://www.rodalink.com/id/thule-4910-intracker-fitting-kit.html
Aksesoris & Spare Part,Roof Rack Kit & Wingbar,Thule Washer NB 30148 for BackPac/GutterFoot,150000,,,,,https://www.rodalink.com/id/thule-washer-nb-30148-for-backpac-gutterfoot.html
